evaluacion_id,risk_id,caso_empresa,tipo_objeto,riesgo_padre_id,miembros,evaluador,actor,fase,corrida_id,version_metodologia,version_protocolo,fecha,tipo_evaluacion,evaluacion_anterior_id,motivo,accion_id,accion_cambio_esperado,accion_efecto,accion_brecha_nota,riesgo_causa,riesgo_evento,riesgo_consecuencia,informacion_ref,p_valor,p_min,p_max,p_base,p_evidencia,p_observacion,i_econ_valor,i_econ_min,i_econ_max,i_econ_base,i_econ_evidencia,i_econ_observacion,i_pers_valor,i_pers_min,i_pers_max,i_pers_base,i_pers_evidencia,i_pers_observacion,i_cont_valor,i_cont_min,i_cont_max,i_cont_base,i_cont_evidencia,i_cont_observacion,i_legal_valor,i_legal_min,i_legal_max,i_legal_base,i_legal_evidencia,i_legal_observacion,v_cont_valor,v_cont_min,v_cont_max,v_cont_base,v_cont_evidencia,v_cont_observacion,v_rec_valor,v_rec_min,v_rec_max,v_rec_base,v_rec_evidencia,v_rec_observacion,i_efectivo,i_efectivo_dimensiones,v_aspectos_aplicables,c_dimension_determinante,consecuencia_extrema,consecuencia_extrema_dimensiones,safety_critical,evaluable,motivo_no_evaluable,necesidad_validacion,uncertainty,uncertainty_nota,c_raw,banda,techo_plausible,reglas_aplicadas,justificacion,reputacion_texto,review_status,revisado_por,fecha_revision,anomalias
EV-8101,S01-R01,S01,riesgo,,,Emiliano,human,8,F8-CIEGA-Emiliano-20261007-01a1172b,metodologia v0.2,protocolo v0.2,2026-10-07,inicial,,,,,,,"falla eléctrica en un tablero seccional o en el sector de carga de baterías de los autoelevadores, dentro de una nave de estructura metálica con cubierta de panel con núcleo de poliuretano y 4.200 barricas de roble en racks",ignición dentro de la nave de barricas,"destrucción de barricas y del vino en crianza, daño de la nave, falta de vino criado para las líneas de crianza hasta que vuelva a criarse vino nuevo; personas dentro de la nave expuestas a humo y fuego.",SPIKES/T-0021/v0/emi41/fichas/S01/S01-R01.md;SPIKES/T-0021/v0/emi41/fichas/S01/empresa.md;SPIKES/T-0021/v0/emi41/fichas/S01/transferencia.md,4,3,4,inferred,SPIKES/T-0021/v0/emi41/fichas/S01/S01-R01.md#Antes del evento,"Antecedente propio de ignición en 2019, registro de 14 años: ancla 3. Se añade 1 por el borne de TS-2 a 78 °C sin corregir, documentado en 2025. No se resta por el permiso de trabajo en caliente: no controla la causa eléctrica evaluada.",5,,,inferred,SPIKES/T-0021/v0/emi41/fichas/S01/S01-R01.md#Consecuencias;SPIKES/T-0021/v0/emi41/fichas/S01/empresa.md#Resultados de los tres últimos ejercicios cerrados,"Sólo nave 2,6 M + racks 0,35 M + barricas 4,4 M + limpieza 0,12 M = USD 7,47 M / RO 2025 USD 3 M = 249%. El vino y el margen de crianza aumentan una pérdida que ya supera el nivel 5; su valuación faltante no impide fijarlo. Sin deducir seguros ni stock de seguridad.",5,4,5,inferred,SPIKES/T-0021/v0/emi41/fichas/S01/S01-R01.md#Consecuencias,"Sin supresión ni evacuación, humo y fuego en una nave sin sectorización con 9 operarios, 3 personas anexas y hasta 21 visitantes/guía hacen plausibles muertes múltiples. No se toma la ausencia nocturna como exposición de todo el año.",5,,,inferred,SPIKES/T-0021/v0/emi41/fichas/S01/S01-R01.md#Consecuencias,"La función crítica de crianza se detiene: nave 10–14 meses y vino nuevo disponible desde junio de 2028; supera tres meses. El stock embotellado es una medida de V, no reduce esta duración bruta.",4,,,inferred,SPIKES/T-0021/v0/emi41/fichas/S01/S01-R01.md#Consecuencias,Clausura del sector y responsabilidad penal posible de directivos si hay víctimas: nivel 4. Multas sólo en económico.,3,3,4,inferred,SPIKES/T-0021/v0/emi41/fichas/S01/S01-R01.md#Después del evento,"Detección ensayada con 4 de 22 sensores fallidos, brigada con agua a los 6 minutos sólo en turno y ausencia de rociadores: limita parte del daño, con una parte importante expuesta. Muro sin verificación reciente y perforado; no se acredita como barrera probada.",4,,,inferred,SPIKES/T-0021/v0/emi41/fichas/S01/S01-R01.md#Después del evento,"Compra eventual de 150.000 litros y ubicación improvisada de 800 barricas, sin acuerdos ni nave alternativa: recuperación informal limitada. Los plazos ordinarios de proveedores no son una alternativa de recuperación.",5,econ;pers;cont,"econ:cont,rec(secuencial);pers:cont;cont:cont,rec(secuencial);legal:cont",econ;pers;cont,true,econ;pers;cont,true,true,,,medium,"Perfil de contención varía por turno y sector; la rúbrica no fija cómo agregarlos (se usa 3, rango 3–4). El techo de Personas conserva muertes múltiples; no hay estudio de propagación. El dato económico faltante no cambia el nivel 5.",60,,80,D2;D3;D4;D5;D8;D9;D13;D14;D15;D17;D19;D20;D23,"Se conserva el objeto riesgo de la muestra fija y se evalúa el iniciador indicado, con impacto bruto y V por dimensión (D15/D19). El máximo conocido determina el resultado. Seguro excluido de los factores (D17); banda sin umbrales.",,pending,,,AN-F8-000;AN-F8-001
EV-8102,S01-R02,S01,riesgo,,,Emiliano,human,8,F8-CIEGA-Emiliano-20261007-01a1172b,metodologia v0.2,protocolo v0.2,2026-10-07,inicial,,,,,,,"desarrollo de levaduras contaminantes (Brettanomyces) en un tanque por dióxido de azufre libre por debajo del mínimo del procedimiento o temperatura alta, o ingreso de residuo de producto de limpieza por enjuague incompleto de un tanque o una manguera",ingreso del contaminante a un lote de vino en tanque,"lote fuera de especificación que hay que tratar, degradar a vino genérico a granel o destruir; si el lote se embotella y se vende sin detectarlo, reclamos de clientes y retiro de producto del mercado.",SPIKES/T-0021/v0/emi41/fichas/S01/S01-R02.md;SPIKES/T-0021/v0/emi41/fichas/S01/empresa.md;SPIKES/T-0021/v0/emi41/fichas/S01/transferencia.md,5,4,5,inferred,SPIKES/T-0021/v0/emi41/fichas/S01/S01-R02.md#Antes del evento,Dos contaminaciones en 2025 dentro de los 36 meses: ancla 4. No se usa el promedio de años calendario 2023–2025 para convertirlo en 5: abril de 2023 queda fuera del trienio al corte. +1 por incorporación posterior de personal no capacitado en la contratista.,3,,,assumed,SPIKES/T-0021/v0/emi41/fichas/S01/S01-R02.md#Consecuencias;SPIKES/T-0021/v0/emi41/fichas/S01/empresa.md#Resultados de los tres últimos ejercicios cerrados,"Retiro sin detección: 80.000 botellas ≈ 60.000 litros; reemplazo aproximado a USD 2,8/L = USD 168 mil. Retiro USD 180–260 mil y multa USD 2–150 mil: total USD 350–578 mil / RO USD 3 M = 11,7–19,3%, nivel 3. Se supone botella de 750 ml y valor del vino como aproximación de reposición; faltan insumos de embotellado.",1,,,inferred,SPIKES/T-0021/v0/emi41/fichas/S01/S01-R02.md#Consecuencias,"El laboratorio informa irritación bucal sin atención médica para el residuo de soda de los antecedentes; Brettanomyces no daña la salud. Nivel 1 para la exposición descrita, sin inventar una concentración distinta.",1,1,2,inferred,SPIKES/T-0021/v0/emi41/fichas/S01/S01-R02.md#Consecuencias,"Un tanque de 128 queda fuera de uso 2–5 días; pérdida menor a la mitad de capacidad. Duración 2–3 menos un nivel por degradación: 1–2, con 1 plausible por afectación acotada.",3,,,inferred,SPIKES/T-0021/v0/emi41/fichas/S01/S01-R02.md#Consecuencias,"Sin detección previa al despacho: notificación, decomiso y actuación formal sobre el producto, nivel 3.",2,,,inferred,SPIKES/T-0021/v0/emi41/fichas/S01/S01-R02.md#Después del evento,"Análisis y bloqueo impidieron despachar los lotes en actuaciones de 2025; queda daño en un lote, no un incidente menor sin pérdida: nivel 2.",2,1,3,inferred,SPIKES/T-0021/v0/emi41/fichas/S01/S01-R02.md#Después del evento,"Tratamiento recuperó un lote completo en 2025; proveedores regulares reponen volumen. No se extrapola la recuperación microbiológica total al residuo químico: 2 plausible, rango 1–3.",3,econ;legal,"econ:cont,rec(secuencial);pers:cont;cont:cont,rec(secuencial);legal:cont",econ;legal,false,,false,true,,,medium,A 7: mezcla contaminación microbiológica y química con recuperación distinta; se conserva la ficha fija. A 6: reemplazo de botellas estimado con 750 ml y valor de vino a granel; confirmar envases y costo total. Ambigüedad entre trienio móvil y años calendario para P: se adopta móvil al corte.,30,,30,D2;D3;D4;D5;D8;D9;D13;D14;D15;D17;D19;D20;D23;D21,"Se conserva el objeto riesgo de la muestra fija y se evalúa el iniciador indicado, con impacto bruto y V por dimensión (D15/D19). El máximo conocido determina el resultado. Seguro excluido de los factores (D17); banda sin umbrales.",,pending,,,AN-F8-000;AN-F8-002
EV-8103,S02-R07,S02,riesgo,,,Emiliano,human,8,F8-CIEGA-Emiliano-20261007-01a1172b,metodologia v0.2,protocolo v0.2,2026-10-07,inicial,,,,,,,"falta de chapa por demoras de la acería que la provee, o atraso de la producción propia por falta de capacidad en soldadura o por paradas de equipos",una orden del cliente A se entrega después de la fecha pactada,"penalidad contractual por atraso y, si se acumulan tres atrasos de más de 10 días hábiles en 12 meses, posible rescisión del contrato marco por el cliente A.",SPIKES/T-0021/v0/emi41/fichas/S02/S02-R07.md;SPIKES/T-0021/v0/emi41/fichas/S02/empresa.md;SPIKES/T-0021/v0/emi41/fichas/S02/transferencia.md,5,,,inferred,SPIKES/T-0021/v0/emi41/fichas/S02/S02-R07.md#Antes del evento,"Diez atrasos desde enero de 2024, recurrentes y por encima de uno anual: P 5. No se usa una tasa sectorial ni la penalidad cobrada para estimar P.",unknown,1,5,inferred,SPIKES/T-0021/v0/emi41/fichas/S02/S02-R07.md#Consecuencias;SPIKES/T-0021/v0/emi41/fichas/S02/empresa.md#Resultados de los tres últimos ejercicios cerrados,"Un atraso aislado cuesta hasta USD 28 mil de multa más aceleración; una rescisión puede perder USD 2,4 M anuales frente a RO USD 1,52 M. Dos atrasos >10 días ya existen en la ventana. No hay duración defendible de reemplazo del cliente ni base para preferir un monto: rango 1–5, unknown.",1,,,inferred,SPIKES/T-0021/v0/emi41/fichas/S02/S02-R07.md#Consecuencias,No hay personas físicamente expuestas.,unknown,1,5,inferred,SPIKES/T-0021/v0/emi41/fichas/S02/S02-R07.md#Consecuencias,Atraso sin interrupción (1) frente a rescisión con PH-800 ociosa 80% y soldadura 50% por plazo no informado (hasta 5): no puede elegirse duración plausible.,2,2,3,inferred,SPIKES/T-0021/v0/emi41/fichas/S02/S02-R07.md#Consecuencias,"Reclamo contractual individual y rescisión, sin sanción regulatoria: 2; una demanda relevante podría llegar a 3.",4,,,inferred,SPIKES/T-0021/v0/emi41/fichas/S02/S02-R07.md#Después del evento,La negociación redujo una de diez penalidades y las entregas parciales tienen condición del 70%: eficacia débil para el incumplimiento ya ocurrido. Stock que evita el atraso corresponde a P con este evento.,3,3,5,inferred,SPIKES/T-0021/v0/emi41/fichas/S02/S02-R07.md#Después del evento,"Importación y horas extra usadas, pero sólo cubren causas y capacidad parcialmente; tercerización sin acuerdo. 3 para la recuperación operativa parcial, hasta 5 si se pierde el cliente y no se recoloca.",≥ 2,legal,"econ:cont,rec(secuencial);pers:cont;cont:cont,rec(secuencial);legal:cont",,true,econ;cont,false,false,i_econ; i_cont sin nivel defendible; la cota de una dimensión desconocida puede superar el máximo conocido (§9.3).,"i_econ: Un atraso aislado cuesta hasta USD 28 mil de multa más aceleración; una rescisión puede perder USD 2,4 M anuales frente a RO USD 1,52 M. Dos atrasos >10 días ya existen en la ventana. No hay duración defendible de reemplazo del cliente ni base para preferir un monto: rango 1–5, unknown. i_cont: Atraso sin interrupción (1) frente a rescisión con PH-800 ociosa 80% y soldadura 50% por plazo no informado (hasta 5): no puede elegirse duración plausible.",high,"A 7: chapa, capacidad y averías comparten consecuencia pero P/V distintas. A 6: falta plazo y escenario plausible para la rescisión; no se convierte automáticamente toda demora en pérdida del cliente. A 10: stock que evita incumplir es anterior al evento definido, no se puntúa también en V.",,,100,D2;D3;D4;D5;D8;D9;D13;D14;D15;D17;D19;D20;D23;D21,"Se conserva el objeto riesgo de la muestra fija y se evalúa el iniciador indicado, con impacto bruto y V por dimensión (D15/D19). La información faltante puede cambiar el máximo: no evaluable según D8/§9.3. Seguro excluido de los factores (D17); banda sin umbrales.",,pending,,,AN-F8-000;AN-F8-003;AN-F8-031
EV-8104,S04-R03,S04,riesgo,,,Emiliano,human,8,F8-CIEGA-Emiliano-20261007-01a1172b,metodologia v0.2,protocolo v0.2,2026-10-07,inicial,,,,,,,"un integrante del equipo crea o modifica un contenedor del almacenamiento de objetos con permiso de lectura pública, o publica una copia de datos fuera de los controles",datos de clientes quedan accesibles desde internet sin autenticación,"acceso de terceros a datos personales de clientes finales y a datos comerciales de los clientes; notificación a la autoridad y a los titulares, posibles multas y reclamos de clientes.",SPIKES/T-0021/v0/emi41/fichas/S04/S04-R03.md;SPIKES/T-0021/v0/emi41/fichas/S04/empresa.md;SPIKES/T-0021/v0/emi41/fichas/S04/transferencia.md,4,3,4,inferred,SPIKES/T-0021/v0/emi41/fichas/S04/S04-R03.md#Antes del evento,"Exposición real en septiembre de 2025 y siete años de registro: 4. El 23% sectorial indica 3, pero otros países/tamaños y controles impiden aceptarlo como dato cuantitativo comparable de jerarquía 1. Se conserva 3–4 por esta incertidumbre de comparabilidad.",unknown,2,5,inferred,SPIKES/T-0021/v0/emi41/fichas/S04/S04-R03.md#Consecuencias;SPIKES/T-0021/v0/emi41/fichas/S04/empresa.md#Resultados de los tres últimos ejercicios cerrados,"USD 50–90 mil forenses, USD 0,08 por titular, multas hasta USD 1,5 M y reclamos sin límite por confidencialidad, contra RO USD 2 M. No se conocen titulares, clientes ni contenidos: niveles 2–5 y sin valor preferible.",1,,,inferred,SPIKES/T-0021/v0/emi41/fichas/S04/S04-R03.md#Consecuencias,No hay daño físico descrito a personas.,1,,,inferred,SPIKES/T-0021/v0/emi41/fichas/S04/S04-R03.md#Consecuencias,La plataforma sigue funcionando: nivel 1.,3,3,4,inferred,SPIKES/T-0021/v0/emi41/fichas/S04/S04-R03.md#Consecuencias,"Notificación a autoridad y titulares: 3. Una suspensión de tratamiento está contemplada, pero no acreditada como consecuencia más plausible: techo 4.",4,,,inferred,SPIKES/T-0021/v0/emi41/fichas/S04/S04-R03.md#Después del evento,"Alerta en sólo 380 de 2.300 contenedores, revisión trimestral y falta de procedimiento: detección tardía que deja desarrollarse casi todo el daño, nivel 4.",no_aplica,,,inferred,SPIKES/T-0021/v0/emi41/fichas/S04/S04-R03.md#Después del evento,Los datos no se perdieron y no hay servicio interrumpido; lo leído por terceros no se recupera. No aplica según §5.5.,≥ 3,legal,econ:cont;pers:cont;cont:cont;legal:cont,,true,econ,false,false,i_econ sin nivel defendible; la cota de una dimensión desconocida puede superar el máximo conocido (§9.3).,"i_econ: USD 50–90 mil forenses, USD 0,08 por titular, multas hasta USD 1,5 M y reclamos sin límite por confidencialidad, contra RO USD 2 M. No se conocen titulares, clientes ni contenidos: niveles 2–5 y sin valor preferible.",high,A 6: no hay inventario de datos ni alcance económico defendible. Comparabilidad del 23% sectorial no resuelta por un criterio cuantitativo en §3.2; se prioriza historia propia. Suspensión legal se conserva sólo como techo.,,,80,D2;D3;D4;D5;D8;D9;D13;D14;D15;D17;D19;D20;D23,"Se conserva el objeto riesgo de la muestra fija y se evalúa el iniciador indicado, con impacto bruto y V por dimensión (D15/D19). La información faltante puede cambiar el máximo: no evaluable según D8/§9.3. Seguro excluido de los factores (D17); banda sin umbrales.",,pending,,,AN-F8-000;AN-F8-004;AN-F8-031
EV-8105,S04-R05,S04,riesgo,,,Emiliano,human,8,F8-CIEGA-Emiliano-20261007-01a1172b,metodologia v0.2,protocolo v0.2,2026-10-07,inicial,,,,,,,"ofertas de empleo externas, desgaste o un conflicto interno que alcanza a las dos personas",el arquitecto principal y el líder técnico del motor de pedidos presentan su renuncia dentro de un mismo período de 60 días,nadie en la empresa puede corregir fallas complejas ni hacer cambios en el módulo heredado de facturación y pedidos hasta formar o contratar reemplazos; demoras en las correcciones y en las entregas comprometidas con clientes.,SPIKES/T-0021/v0/emi41/fichas/S04/S04-R05.md;SPIKES/T-0021/v0/emi41/fichas/S04/empresa.md;SPIKES/T-0021/v0/emi41/fichas/S04/transferencia.md,3,2,3,inferred,SPIKES/T-0021/v0/emi41/fichas/S04/S04-R05.md#Antes del evento,No hubo salida simultánea; oferta escrita al líder en julio de 2026 es precursor (3). La rotación individual del 21% no es probabilidad de dos renuncias en 60 días. El aumento no demuestra un cambio respecto de una fuente comparable del evento conjunto.,4,3,4,assumed,SPIKES/T-0021/v0/emi41/fichas/S04/S04-R05.md#Consecuencias;SPIKES/T-0021/v0/emi41/fichas/S04/empresa.md#Resultados de los tres últimos ejercicios cerrados,"Escenario de demora y rescisión de la orden: multa 300 mil + devolución 360 mil + facturación pendiente 540 mil + búsquedas 40 mil = USD 1,24 M / RO USD 2 M = 62%. No se descuenta el 80% de horas propias: son sueldos que continúan. No se suma consultora alternativa a este I bruto.",1,,,inferred,SPIKES/T-0021/v0/emi41/fichas/S04/S04-R05.md#Consecuencias,Operación de oficina y nube sin personas expuestas a daño físico.,4,4,5,inferred,SPIKES/T-0021/v0/emi41/fichas/S04/S04-R05.md#Consecuencias,"Contratar 3–5 meses y aprender 6–9 meses: 9–14 meses. Fallas complejas fueron 9 de 31; se interpreta degradación menor a la mitad del mantenimiento y se baja de 5 a 4. Si corregir fallas complejas constituye por sí una función crítica, corresponde 5.",2,,,inferred,SPIKES/T-0021/v0/emi41/fichas/S04/S04-R05.md#Consecuencias,"Reclamo contractual del cliente por una orden, sin consecuencia regulatoria: 2.",3,,,inferred,SPIKES/T-0021/v0/emi41/fichas/S04/S04-R05.md#Después del evento,"Desarrollador en formación resolvió 2 de 4 incidentes, y preaviso sin procedimiento: se limita parte del daño pero queda parte importante, nivel 3.",3,3,4,inferred,SPIKES/T-0021/v0/emi41/fichas/S04/S04-R05.md#Después del evento,"Documentación propia del 20% y formación parcial son alternativas formales sin cobertura completa. Cotización externa sin contratar no prueba capacidad operativa; nivel 3, con 4 alternativo.",4,econ;cont,"econ:cont,rec(secuencial);pers:cont;cont:cont,rec(secuencial);legal:cont",econ;cont,false,,false,true,,,medium,"A 6/A 7: porcentaje de incidentes no equivale necesariamente a capacidad de mantenimiento; continuidad 4–5. Faltan horas sustituibles y calendario de rescisión. P de salida conjunta no se obtiene elevando al cuadrado la rotación individual. El monto es un supuesto de escenario contractual, no una pérdida observada.",36,,45,D2;D3;D4;D5;D8;D9;D13;D14;D15;D17;D19;D20;D23;D21,"Se conserva el objeto riesgo de la muestra fija y se evalúa el iniciador indicado, con impacto bruto y V por dimensión (D15/D19). El máximo conocido determina el resultado. Seguro excluido de los factores (D17); banda sin umbrales.",,pending,,,AN-F8-000;AN-F8-005
EV-8106,S05-R08,S05,riesgo,,,Emiliano,human,8,F8-CIEGA-Emiliano-20261007-01a1172b,metodologia v0.2,protocolo v0.2,2026-10-07,inicial,,,,,,,"abandono del subcontratista de instalaciones eléctricas, días de lluvia y certificados impagos del comitente",la obra 4 (escuela) no se termina dentro del plazo contractual (2026-12-15),"multa diaria por atraso según el pliego, costos de aceleración y, si la multa llega al tope, posible rescisión por el comitente.",SPIKES/T-0021/v0/emi41/fichas/S05/S05-R08.md;SPIKES/T-0021/v0/emi41/fichas/S05/empresa.md;SPIKES/T-0021/v0/emi41/fichas/S05/transferencia.md,4,3,4,inferred,SPIKES/T-0021/v0/emi41/fichas/S05/S05-R08.md#Antes del evento,Atraso propio de 2022: ancla 3. +1 por subcontratista de reemplazo incompleto y certificados impagos del proyecto actual. El plan en marcha no tiene resultado medido para justificar −1. El 11/18 de escuelas no es tasa anual de S 05.,2,2,3,inferred,SPIKES/T-0021/v0/emi41/fichas/S05/S05-R08.md#Consecuencias;SPIKES/T-0021/v0/emi41/fichas/S05/empresa.md#Resultados de los tres últimos ejercicios cerrados,"Sin aceleración posterior: 57 días × USD 4,5 mil = 256,5 mil; se conserva además USD 140 mil del plan ya comprometido como costo del escenario, total 396,5 mil / RO USD 5 M = 7,93%, nivel 2. Incluso excluyendo este costo por ser tratamiento, sigue 2. Tope de multa + plan: 1,04 M, nivel 3.",1,,,inferred,SPIKES/T-0021/v0/emi41/fichas/S05/S05-R08.md#Consecuencias,No hay personas expuestas por el atraso.,1,,,inferred,SPIKES/T-0021/v0/emi41/fichas/S05/S05-R08.md#Consecuencias,La obra continúa; ninguna función crítica se detiene.,2,2,4,inferred,SPIKES/T-0021/v0/emi41/fichas/S05/S05-R08.md#Consecuencias,"Actuación administrativa y reclamo del comitente: 2. Suspensión del registro sólo con 200 días y tope de multa, techo 4; no se convierte la multa monetaria en severidad legal.",3,,,inferred,SPIKES/T-0021/v0/emi41/fichas/S05/S05-R08.md#Después del evento,Ampliaciones y suspensión de plazo disponibles pero sin prueba reciente de aplicación exitosa; el caso de 2022 excede tres años. Nivel 3 por medidas presentes sin prueba.,3,,,inferred,SPIKES/T-0021/v0/emi41/fichas/S05/S05-R08.md#Después del evento,"Plan formal de aceleración aprobado y en marcha, proyecta bajar de 57 a 24 días; aún no probado: 3.",2,econ;legal,"econ:cont,rec(secuencial);pers:cont;cont:cont,rec(secuencial);legal:cont",econ;legal,false,,false,true,,,medium,A 7: varias causas de atraso en ficha fija. A 10: el plan de aceleración se cuenta en recuperación y no reduce también P. A 6: el régimen de costo de tratamiento ya comprometido dentro del I bruto es ambiguo; incluirlo o excluirlo no cambia I 2. La extensión del plazo puede actuar antes del evento si se concede antes del vencimiento.,24,,48,D2;D3;D4;D5;D8;D9;D13;D14;D15;D17;D19;D20;D23;D21,"Se conserva el objeto riesgo de la muestra fija y se evalúa el iniciador indicado, con impacto bruto y V por dimensión (D15/D19). El máximo conocido determina el resultado. Seguro excluido de los factores (D17); banda sin umbrales.",,pending,,,AN-F8-000;AN-F8-006
EV-8107,S07-R01,S07,riesgo,,,Emiliano,human,8,F8-CIEGA-Emiliano-20261007-01a1172b,metodologia v0.2,protocolo v0.2,2026-10-07,inicial,,,,,,,"presión de agua en la roca alterada de la pared este, junto a una falla geológica, con un ángulo de diseño que el consultor geotécnico recomendó reducir",falla de un talud de escala inter-rampa o mayor en la pared este del rajo (fase Este),"material sobre el frente de carguío y la rampa de la fase Este, con personas y equipos en la zona de influencia, limpieza y pérdida del acceso al mineral de esa fase durante meses.",SPIKES/T-0021/v0/emi41/fichas/S07/S07-R01.md;SPIKES/T-0021/v0/emi41/fichas/S07/empresa.md;SPIKES/T-0021/v0/emi41/fichas/S07/transferencia.md,4,3,5,inferred,SPIKES/T-0021/v0/emi41/fichas/S07/S07-R01.md#Antes del evento,"No se informa una falla previa de la pared Este. Las fallas inter-rampa propias en otras paredes se tratan como comparables internos: ancla 3, +1 por nueva grieta y agua 30 m sobre diseño en Este. Si §3.3 incluye cualquier pared como historia propia, la falla 2025 fija 4 y el ajuste lleva a 5.",4,,,inferred,SPIKES/T-0021/v0/emi41/fichas/S07/S07-R01.md#Consecuencias;SPIKES/T-0021/v0/emi41/fichas/S07/empresa.md#Resultados de los tres últimos ejercicios cerrados,"Escenario bruto: USD 21 M limpieza + 43,6 M equipos + 144 M margen de seis meses = 208,6 M / RO USD 305 M = 68,4%, nivel 4. El stock de baja ley no reduce I.",5,,,inferred,SPIKES/T-0021/v0/emi41/fichas/S07/S07-R01.md#Consecuencias,"15–19 personas en zona de influencia de falla de 6–12 Mt, sin evacuación: varias muertes plausibles en un solo derrumbe, nivel 5.",4,,,inferred,SPIKES/T-0021/v0/emi41/fichas/S07/S07-R01.md#Consecuencias,Se pierde 45% de alimentación durante 5–7 meses; nivel de duración 5 menos uno por degradación inferior al 50% = 4.,4,,,inferred,SPIKES/T-0021/v0/emi41/fichas/S07/S07-R01.md#Consecuencias,Suspensión del sector y causa penal con muertes: 4.,3,2,4,inferred,SPIKES/T-0021/v0/emi41/fichas/S07/S07-R01.md#Después del evento,"Radar y evacuación probados, pero 15% sin radar y operación durante interrupciones de datos; se adopta 3 por daño relevante que puede pasar, rango 2–4. La evacuación no evita la falla del talud: sólo limita consecuencias.",2,,,inferred,SPIKES/T-0021/v0/emi41/fichas/S07/S07-R01.md#Después del evento,"Stock probado en 2025 mantiene 100% de tonelaje; al sustituir 45% por mineral con 38% menos cobre, queda aproximadamente 83% del metal. Restablece la mayor parte mucho antes de 5–7 meses: 2.",5,pers,"econ:cont,rec(secuencial);pers:cont;cont:cont,rec(secuencial);legal:cont",pers,true,pers,true,true,,,medium,"A 6: ambigüedad del alcance de historia propia (otra pared) en P. A 10/A 11: evacuación previa al derrumbe reduce daño sin evitar el evento; se asigna a V por función causal, aunque §2.2 usa corte temporal. Un V de contención único traslada a daño material una capacidad primordialmente humana. Se aplica tabla fija sin corregirla.",60,,100,D2;D3;D4;D5;D8;D9;D13;D14;D15;D17;D19;D20;D23,"Se conserva el objeto riesgo de la muestra fija y se evalúa el iniciador indicado, con impacto bruto y V por dimensión (D15/D19). El máximo conocido determina el resultado. Seguro excluido de los factores (D17); banda sin umbrales.",,pending,,,AN-F8-000;AN-F8-007
EV-8108,S08-R03,S08,riesgo,,,Emiliano,human,8,F8-CIEGA-Emiliano-20261007-01a1172b,metodologia v0.2,protocolo v0.2,2026-10-07,inicial,,,,,,,"falla del rodamiento o de la aislación del motor del ventilador principal, o corte de energía sin arranque de los generadores",detención del ventilador principal que extrae el aire de la mina por el único pique de ventilación,"acumulación de gases de motores diésel y de voladura en interior mina con personas adentro, evacuación y detención de la extracción hasta reparar el ventilador.",SPIKES/T-0021/v0/emi41/fichas/S08/S08-R03.md;SPIKES/T-0021/v0/emi41/fichas/S08/empresa.md;SPIKES/T-0021/v0/emi41/fichas/S08/transferencia.md,5,4,5,inferred,SPIKES/T-0021/v0/emi41/fichas/S08/S08-R03.md#Antes del evento,"Detención de enero de 2024: ancla 4. +1 por deterioro de vibración, aceite y aislación medido en 2026. Generadores que restablecen en cuatro minutos no impiden toda detención y se consideran respuesta posterior, no −1 adicional.",unknown,1,4,inferred,SPIKES/T-0021/v0/emi41/fichas/S08/S08-R03.md#Consecuencias;SPIKES/T-0021/v0/emi41/fichas/S08/empresa.md#Resultados de los tres últimos ejercicios cerrados,"Rodamiento USD 40 mil y 1–4 días frente a motor USD 0,4–1,1 M y 35–98 días × USD 0,35 M/día; pérdida puede ir de <2% a 68% del RO USD 52 M (niveles 1–4). Sin mezcla de fallas ni preferencia defendible: unknown.",5,4,5,inferred,SPIKES/T-0021/v0/emi41/fichas/S08/S08-R03.md#Consecuencias,"80–95 personas, gases diésel y de voladura sin ventilación ni evacuación. Exposición persistente en niveles profundos hace plausibles muertes múltiples; rango 4–5 por falta de actualización del modelo.",unknown,2,5,inferred,SPIKES/T-0021/v0/emi41/fichas/S08/S08-R03.md#Consecuencias,"Detención de extracción entre 1–4 días y 5–14 semanas, según mecanismo; niveles 2–5, sin base para preferir una falla.",4,,,inferred,SPIKES/T-0021/v0/emi41/fichas/S08/S08-R03.md#Consecuencias,Posible suspensión de mina para verificar ventilación ante intoxicados: 4.,3,2,3,inferred,SPIKES/T-0021/v0/emi41/fichas/S08/S08-R03.md#Después del evento,"Respaldo probado arranca a seis minutos, evacuación con fallas de radio y refugios no verificados: protección parcial; 3, con 2 como alternativa si se demuestra suficiencia de caudal y evacuación.",3,2,3,inferred,SPIKES/T-0021/v0/emi41/fichas/S08/S08-R03.md#Después del evento,El respaldo sostuvo 55% de producción en prueba real; se considera alternativa parcial 3. La frontera con mayor parte del nivel 2 no está cuantificada; motor sin repuesto.,≥ 5,pers,"econ:cont,rec(secuencial);pers:cont;cont:cont,rec(secuencial);legal:cont",pers,true,pers,true,true,,"i_econ: Rodamiento USD 40 mil y 1–4 días frente a motor USD 0,4–1,1 M y 35–98 días × USD 0,35 M/día; pérdida puede ir de <2% a 68% del RO USD 52 M (niveles 1–4). Sin mezcla de fallas ni preferencia defendible: unknown. i_cont: Detención de extracción entre 1–4 días y 5–14 semanas, según mecanismo; niveles 2–5, sin base para preferir una falla.",high,"A 7: rodamiento, motor y suministro mezclan severidades y duraciones. A 6: mayor parte/parte de funciones no tiene umbral; se usa 3 para 55%. Refugios sin inventario no se acreditan como probados. No se sustituye duración bruta por 55% de producción de respaldo.",75,,75,D2;D3;D4;D5;D8;D9;D13;D14;D15;D17;D19;D20;D23;D21,"Se conserva el objeto riesgo de la muestra fija y se evalúa el iniciador indicado, con impacto bruto y V por dimensión (D15/D19). El máximo conocido determina el resultado y domina la cota desconocida (§9.3). Seguro excluido de los factores (D17); banda sin umbrales.",,pending,,,AN-F8-000;AN-F8-008
EV-8109,S10-R03,S10,riesgo,,,Emiliano,human,8,F8-CIEGA-Emiliano-20261007-01a1172b,metodologia v0.2,protocolo v0.2,2026-10-07,inicial,,,,,,,"barrenos de la primera fila con menos roca por delante que la de diseño (por sobre-excavación de la voladura anterior, que no se mide), retacado con detritos de perforación y cavidades de disolución en la caliza que no están relevadas",fragmentos de roca proyectados por una voladura caen fuera de la zona de exclusión de 300 m,"personas alcanzadas en la planta, el camino público o el barrio; daños a edificios, equipos o vehículos; suspensión de las voladuras.",SPIKES/T-0021/v0/emi41/fichas/S10/S10-R03.md;SPIKES/T-0021/v0/emi41/fichas/S10/empresa.md;SPIKES/T-0021/v0/emi41/fichas/S10/transferencia.md,4,,,inferred,SPIKES/T-0021/v0/emi41/fichas/S10/S10-R03.md#Antes del evento,Proyecciones reales 2023 y 2025: 4; no son meros precursores. Muestreo de 370 voladuras sin campo específico no asegura tasa cuantitativa completa. No se añade por controles deficientes que ya existían.,4,4,5,assumed,SPIKES/T-0021/v0/emi41/fichas/S10/S10-R03.md#Consecuencias;SPIKES/T-0021/v0/emi41/fichas/S10/empresa.md#Resultados de los tres últimos ejercicios cerrados,"RO normalizado 2025 = 610 + 14 = USD 624 mil. Sin stock, 30 días ≈ 4,29 semanas × 117 mil = 501,4 mil de ventas; se supone MC 50% por combustible, energía, desgaste y fletes variables. Daño 10 mil + reclamo fatal 180 mil + multa 25 mil + MC 250,7 mil + faltante caliza 20.000 t × USD 4 = 80 mil: USD 545,7 mil/624 mil=87,5%, nivel 4. Piso con margen operativo 10,23% y mínimos ≈USD 266,3 mil (4); techo con ventas enteras y máximos ≈USD 896,4 mil (5).",4,,,inferred,SPIKES/T-0021/v0/emi41/fichas/S10/S10-R03.md#Consecuencias,Una persona alcanzada por fragmento de 15 cm que atraviesa chapa puede morir; 8–10 personas en planta y galpón expuestas. No se presupone alcance al barrio a 850 m ni muertes múltiples sin soporte.,4,,,inferred,SPIKES/T-0021/v0/emi41/fichas/S10/S10-R03.md#Consecuencias,"Extracción detenida 30 días sin capacidad preparada: 4. Stock de playa y terminado es V, no acorta I bruto.",4,,,inferred,SPIKES/T-0021/v0/emi41/fichas/S10/S10-R03.md#Consecuencias,Suspensión de voladuras y causa penal posible: 4.,4,,,inferred,SPIKES/T-0021/v0/emi41/fichas/S10/S10-R03.md#Después del evento,"Exclusión de 300 m deja planta y galpón a 340–380 m expuestos; no hay refugio resistente, primera respuesta débil y ambulancia a 34 minutos: 4.",4,,,inferred,SPIKES/T-0021/v0/emi41/fichas/S10/S10-R03.md#Después del evento,"Martillo sólo cotizado en 2024, nunca usado, y compra sin acuerdo: capacidad improvisada limitada, 4. El stock que evita detención inicialmente se considera contención.",4,econ;pers;cont;legal,"econ:cont,rec(secuencial);pers:cont;cont:cont,rec(secuencial);legal:cont",econ;pers;cont;legal,false,,true,true,,,medium,"A 6: MC desconocido; se usa 50% como supuesto por estructura de costos y rango obligatorio de §4.2. Los 14 mil extrajudiciales identificados en 2025 se normalizan. A 10: stocks pasan a V; no se deducen del impacto bruto. Ancla P conserva registro recurrente incompleto, sin tasa por voladura.",64,,80,D2;D3;D4;D5;D8;D9;D13;D14;D15;D17;D19;D20;D23,"Se conserva el objeto riesgo de la muestra fija y se evalúa el iniciador indicado, con impacto bruto y V por dimensión (D15/D19). El máximo conocido determina el resultado. Seguro excluido de los factores (D17); banda sin umbrales.",,pending,,,AN-F8-000;AN-F8-009
EV-8110,S12-R01,S12,riesgo,,,Emiliano,human,8,F8-CIEGA-Emiliano-20261007-01a1172b,metodologia v0.2,protocolo v0.2,2026-10-07,inicial,,,,,,,"diferencias entre las condiciones industriales y las del piloto (relación magnesio/litio de 6,8 en la salmuera, temperatura de 4 a 12 °C, partículas en suspensión por encima de la especificación, caudales mayores y ciclos más cortos) y desgaste mecánico del material en columnas de 60 m³",la capacidad de absorción del inventario de material cae por debajo del 80% de la de diseño,"la planta produce en proporción a la capacidad que queda; hay que reponer el inventario (220 t, USD 16 M, 9 meses de fabricación, un solo fabricante); se demoran las ventas y peligra el contrato con el comprador.",SPIKES/T-0021/v0/emi41/fichas/S12/S12-R01.md;SPIKES/T-0021/v0/emi41/fichas/S12/empresa.md;SPIKES/T-0021/v0/emi41/fichas/S12/transferencia.md,3,2,4,inferred,SPIKES/T-0021/v0/emi41/fichas/S12/S12-R01.md#Antes del evento,"No hay tasa del evento a escala industrial; piloto y demostrativa no son comparables en escala, temperatura ni salmuera. Fallo de filtración y pérdida de capacidad de columna 3 son precursores: 3; no se confunde 20–45% de pérdida de capacidad con probabilidad anual.",4,,,assumed,SPIKES/T-0021/v0/emi41/fichas/S12/S12-R01.md#Consecuencias;SPIKES/T-0021/v0/emi41/fichas/S12/empresa.md#Resultados de los tres últimos ejercicios cerrados,"Sin RO positivo, referencia elegida: presupuesto operativo anual USD 34 M. Reposición USD 16 M + 9 meses × 2.100 t/año × pérdida de capacidad 30% × margen previsto USD 8.300/t ≈ USD 19,92 M /34 M=58,6%, nivel 4. No se descuentan garantía ni reserva. El presupuesto de 2027 se usa como supuesto de producción, no como dato realizado.",1,,,inferred,SPIKES/T-0021/v0/emi41/fichas/S12/S12-R01.md#Consecuencias,No hay personas expuestas.,4,4,5,inferred,SPIKES/T-0021/v0/emi41/fichas/S12/S12-R01.md#Consecuencias,"Pérdida de capacidad prevista 20–45% durante nueve meses: duración 5 menos un nivel por degradación menor al 50%=4. Si cae más de la mitad, techo 5.",2,,,inferred,SPIKES/T-0021/v0/emi41/fichas/S12/S12-R01.md#Consecuencias,"Posible rescisión del comprador por falta de entrega, sin sanción regulatoria; 2 como consecuencia contractual individual.",3,,,inferred,SPIKES/T-0021/v0/emi41/fichas/S12/S12-R01.md#Después del evento,"Ajuste ensayado en columna 3 recupera parte del rendimiento con 25% menos caudal: protección parcial, 3. Medir no repone material.",3,,,inferred,SPIKES/T-0021/v0/emi41/fichas/S12/S12-R01.md#Después del evento,"22 t de reserva propia, formal, reponen sólo parte de una columna y sin prueba industrial: 3. Reposición ordinaria a nueve meses no mejora V. La garantía contractual es transferencia, no recuperación.",4,econ;cont,"econ:cont,rec(secuencial);pers:cont;cont:cont,rec(secuencial);legal:cont",econ;cont,false,,false,true,,,high,"A 6: se elige presupuesto operativo anual USD 34 M ante RO no positivo; no hay conversión calibrada entre este denominador y RO. A 10: reserva que repone material se mueve de contención a recuperación. A 6: precursor industrial justifica P 3, pero no existe tasa ni extrapolación validada.",36,,60,D2;D3;D4;D5;D8;D9;D13;D14;D15;D17;D19;D20;D23,"Se conserva el objeto riesgo de la muestra fija y se evalúa el iniciador indicado, con impacto bruto y V por dimensión (D15/D19). El máximo conocido determina el resultado. Seguro excluido de los factores (D17); banda sin umbrales.",,pending,,,AN-F8-000;AN-F8-010
EV-8111,S12-R05,S12,riesgo,,,Emiliano,human,8,F8-CIEGA-Emiliano-20261007-01a1172b,metodologia v0.2,protocolo v0.2,2026-10-07,inicial,,,,,,,"arrastre de ácido, antiincrustante, agua de lavado o finos del material de absorción a la salmuera sin litio; falla del ajuste de pH o del desvío automático al tanque de contingencia",se reinyecta al acuífero del salar salmuera fuera de los parámetros del permiso,"alteración de la salmuera del acuífero alrededor de los pozos de reinyección; suspensión del permiso de reinyección, que obliga a detener la extracción; sanciones; reclamos de la comunidad y del otro concesionario del salar.",SPIKES/T-0021/v0/emi41/fichas/S12/S12-R05.md;SPIKES/T-0021/v0/emi41/fichas/S12/empresa.md;SPIKES/T-0021/v0/emi41/fichas/S12/transferencia.md,4,3,4,inferred,SPIKES/T-0021/v0/emi41/fichas/S12/S12-R05.md#Antes del evento,"Un evento real en 2,5 meses: lectura literal de §3.3 (período menor registrado) da frecuencia anual ≥1, P 5. −1 por enclavamiento nuevo, verificado el 20/08, que impide reinyección fuera de pH: P 4. Alternativa razonable es ancla 4 por un único antecedente y −1=P 3.",unknown,1,5,inferred,SPIKES/T-0021/v0/emi41/fichas/S12/S12-R05.md#Consecuencias;SPIKES/T-0021/v0/emi41/fichas/S12/empresa.md#Resultados de los tres últimos ejercicios cerrados,"Referencia alternativa USD 34 M de presupuesto anual. Corrección USD 0,3–2 M + multa USD 0,01–1,5 M, más producción perdida por una suspensión sin duración estimable: no se puede acotar a tres niveles ni preferir valor, unknown.",1,,,inferred,SPIKES/T-0021/v0/emi41/fichas/S12/S12-R05.md#Consecuencias,Modelo disponible excluye llegada a vertientes en 50 años y no hay personas expuestas en planta. Se adopta 1 condicionado a validación hidrogeológica; no se inventan víctimas por falta de calibración.,unknown,1,5,inferred,SPIKES/T-0021/v0/emi41/fichas/S12/S12-R05.md#Consecuencias,"Extracción y producción se detienen con permiso suspendido; falta toda base para duración. La pileta de 4,5 días es V y no resuelve la duración bruta.",4,,,inferred,SPIKES/T-0021/v0/emi41/fichas/S12/S12-R05.md#Consecuencias,"Suspensión temporal del permiso, plan de adecuación y revisión ambiental: 4.",4,,,inferred,SPIKES/T-0021/v0/emi41/fichas/S12/S12-R05.md#Después del evento,"Después de la primera reinyección indebida, monitoreo mensual y aviso incompleto no impiden una parte importante de alteración. El enclavamiento ya reduce P y no recibe segundo crédito aquí: 4.",4,4,5,inferred,SPIKES/T-0021/v0/emi41/fichas/S12/S12-R05.md#Después del evento,"Bombeo correctivo sin procedimiento ni ensayo y reanudación dependiente de autoridad: capacidad improvisada, 4; sin capacidad real acreditada sería 5.",≥ 4,legal,"econ:cont,rec(secuencial);pers:cont;cont:cont,rec(secuencial);legal:cont",,true,econ;cont,false,false,i_econ; i_cont sin nivel defendible; la cota de una dimensión desconocida puede superar el máximo conocido (§9.3).,"i_econ: Referencia alternativa USD 34 M de presupuesto anual. Corrección USD 0,3–2 M + multa USD 0,01–1,5 M, más producción perdida por una suspensión sin duración estimable: no se puede acotar a tres niveles ni preferir valor, unknown. i_cont: Extracción y producción se detienen con permiso suspendido; falta toda base para duración. La pileta de 4,5 días es V y no resuelve la duración bruta.",high,"A 6: extrapolación de un único evento de 2,5 meses distingue P 3/P 4; se usa literal F 5-4 A. A 10: desvío previo a reinyección se carga en P, no también V. A 6: presupuesto USD 34 M sustituye RO; falta duración de suspensión, sin asignar plazo arbitrario.",,,80,D2;D3;D4;D5;D8;D9;D13;D14;D15;D17;D19;D20;D23,"Se conserva el objeto riesgo de la muestra fija y se evalúa el iniciador indicado, con impacto bruto y V por dimensión (D15/D19). La información faltante puede cambiar el máximo: no evaluable según D8/§9.3. Seguro excluido de los factores (D17); banda sin umbrales.",,pending,,,AN-F8-000;AN-F8-011;AN-F8-031
EV-8112,S13-R04,S13,riesgo,,,Emiliano,human,8,F8-CIEGA-Emiliano-20261007-01a1172b,metodologia v0.2,protocolo v0.2,2026-10-07,inicial,,,,,,,deterioro financiero del único fabricante extranjero de un reactivo de flotación que dos clientes mineros homologaron,el proveedor entra en quiebra o cesa las entregas,S13 no puede abastecer el reactivo a los dos clientes hasta que homologuen un sustituto; pérdida del margen de esa línea y penalidades contractuales.,SPIKES/T-0021/v0/emi41/fichas/S13/S13-R04.md;SPIKES/T-0021/v0/emi41/fichas/S13/empresa.md;SPIKES/T-0021/v0/emi41/fichas/S13/transferencia.md,3,,,inferred,SPIKES/T-0021/v0/emi41/fichas/S13/S13-R04.md#Antes del evento,"Sin quiebra propia desde 2009. Reestructuración anunciada, demoras y solicitud de anticipo son ocurrencias precursoras:3. No se suma otra vez el mismo deterioro como condición causal.",4,3,4,inferred,SPIKES/T-0021/v0/emi41/fichas/S13/S13-R04.md#Consecuencias;SPIKES/T-0021/v0/emi41/fichas/S13/empresa.md#Resultados de los tres últimos ejercicios cerrados,"Sin stocks: 4–7 meses ×USD 75 mil +17–30 semanas ×USD 25 mil +anticipo 180 mil =USD 0,905–1,455 M /RO USD 2,05 M=44–71%, nivel 4. Si la penalidad del borrador no rige, USD 0,48–0,705 M da niveles 3–4; rango 3–4.",1,,,inferred,SPIKES/T-0021/v0/emi41/fichas/S13/S13-R04.md#Consecuencias,No hay personas expuestas.,4,4,5,inferred,SPIKES/T-0021/v0/emi41/fichas/S13/S13-R04.md#Consecuencias,"Homologar toma 4–7 meses; abastecimiento de línea que representa 13,6% de ventas queda sin capacidad. Se interpreta degradación parcial de abastecimiento global:5−1=4; si la línea homologada es función separada,5.",2,,,inferred,SPIKES/T-0021/v0/emi41/fichas/S13/S13-R04.md#Consecuencias,"Reclamo contractual de un cliente, sin sanción regulatoria:2.",3,,,inferred,SPIKES/T-0021/v0/emi41/fichas/S13/S13-R04.md#Después del evento,Stock 9 semanas y consignación 3 semanas amortiguan una interrupción de 17–30 semanas pero dejan parte importante del daño:3. No se restan de I.,4,4,5,inferred,SPIKES/T-0021/v0/emi41/fichas/S13/S13-R04.md#Después del evento,"Sólo muestra enviada, sin prueba iniciada ni acuerdo con otro fabricante: capacidad incipiente no asegurada,4; el plazo ordinario de homologación no es mejora.",4,econ;cont,"econ:cont,rec(secuencial);pers:cont;cont:cont,rec(secuencial);legal:cont",econ;cont,false,,false,true,,,medium,"A 6: penalidad basada en borrador sin contrato firmado. Continuidad depende de qué se considera función crítica (línea versus abastecimiento global), se usa 4 con techo 5. Precursores no reciben doble aumento en P.",36,,45,D2;D3;D4;D5;D8;D9;D13;D14;D15;D17;D19;D20;D23,"Se conserva el objeto riesgo de la muestra fija y se evalúa el iniciador indicado, con impacto bruto y V por dimensión (D15/D19). El máximo conocido determina el resultado. Seguro excluido de los factores (D17); banda sin umbrales.",,pending,,,AN-F8-000;AN-F8-012
EV-8113,S13-R05,S13,riesgo,,,Emiliano,human,8,F8-CIEGA-Emiliano-20261007-01a1172b,metodologia v0.2,protocolo v0.2,2026-10-07,inicial,,,,,,,"vuelco o choque del camión, rotura o perforación de un contenedor mal sujetado, o falla de una válvula","pérdida de contención de un producto químico durante el transporte a un cliente (ácido sulfúrico, soda cáustica, peróxido de hidrógeno o xantatos)","derrame sobre la ruta, el suelo o un curso de agua; exposición del chofer y de terceros; remediación, multas y reclamos.",SPIKES/T-0021/v0/emi41/fichas/S13/S13-R05.md;SPIKES/T-0021/v0/emi41/fichas/S13/empresa.md;SPIKES/T-0021/v0/emi41/fichas/S13/transferencia.md,5,4,5,inferred,SPIKES/T-0021/v0/emi41/fichas/S13/S13-R05.md#Antes del evento,Pérdida de contención en 2024 aunque quedó dentro de caja: ancla 4. +1 por nuevo tramo de 8 km con desmoronamientos de agosto 2026 frente al período del antecedente.,unknown,2,5,inferred,SPIKES/T-0021/v0/emi41/fichas/S13/S13-R05.md#Consecuencias;SPIKES/T-0021/v0/emi41/fichas/S13/empresa.md#Resultados de los tres últimos ejercicios cerrados,"Producto 15–45 mil, remediación 20–400 mil, multas 11–530 mil: USD 46–975 mil/RO USD 2,05 M=2,2–47,6%. Reclamos de regantes no estimados pueden elevar a 5; no hay base para monto total preferible ni rango≤3 niveles: unknown 2–5.",4,3,4,inferred,SPIKES/T-0021/v0/emi41/fichas/S13/S13-R05.md#Consecuencias,"Chofer expuesto a químicos corrosivos y terceros que intervienen: quemaduras irreversibles en una persona plausibles sin protección posterior;4, con 3 alternativo. No se presupone catástrofe de víctimas múltiples.",1,,,inferred,SPIKES/T-0021/v0/emi41/fichas/S13/S13-R05.md#Consecuencias,Una entrega y un camión afectados; la función global sigue. Nivel 1; no hay duración de suspensión demostrada que fundamente paralizar toda la función.,4,3,4,inferred,SPIKES/T-0021/v0/emi41/fichas/S13/S13-R05.md#Consecuencias,"Suspensión de habilitación para peligrosos contemplada:4, con 3 si sólo sumario y remediación.",4,,,inferred,SPIKES/T-0021/v0/emi41/fichas/S13/S13-R05.md#Después del evento,"Respuesta en 5–7 h, simulacro sólo de mesa, kits de terceros sin verificar y 70 km sin celular: medidas débiles para derrame en arroyo,4.",3,,,inferred,SPIKES/T-0021/v0/emi41/fichas/S13/S13-R05.md#Después del evento,"Stock para reponer en 1–3 d y contrato ambiental formal, sin despliegue probado de montaña:3.",≥ 4,pers;legal,"econ:cont,rec(secuencial);pers:cont;cont:cont,rec(secuencial);legal:cont",,true,econ,true,false,i_econ sin nivel defendible; la cota de una dimensión desconocida puede superar el máximo conocido (§9.3).,"i_econ: Producto 15–45 mil, remediación 20–400 mil, multas 11–530 mil: USD 46–975 mil/RO USD 2,05 M=2,2–47,6%. Reclamos de regantes no estimados pueden elevar a 5; no hay base para monto total preferible ni rango≤3 niveles: unknown 2–5.",high,"A 7: transportista propio/contratado, varios productos y eventos iniciadores tienen capacidades distintas. A 6: reclamos de regantes sin monto impiden I económico defendible. El techo de Personas no se aumenta por una lesión no descrita.",,,100,D2;D3;D4;D5;D8;D9;D13;D14;D15;D17;D19;D20;D23;D21,"Se conserva el objeto riesgo de la muestra fija y se evalúa el iniciador indicado, con impacto bruto y V por dimensión (D15/D19). La información faltante puede cambiar el máximo: no evaluable según D8/§9.3. Seguro excluido de los factores (D17); banda sin umbrales.",,pending,,,AN-F8-000;AN-F8-013;AN-F8-031
EV-8114,S14-R01,S14,riesgo,,,Emiliano,human,8,F8-CIEGA-Emiliano-20261007-01a1172b,metodologia v0.2,protocolo v0.2,2026-10-07,inicial,,,,,,,ruptura de la cadena de frío o contaminación cruzada durante la preparación o el emplatado de un banquete,Ingreso o desarrollo de un patógeno en la comida preparada para un banquete,"brote de gastroenteritis entre los comensales, con consultas médicas e internaciones, reclamos, reintegros, actuación de la autoridad sanitaria y posible clausura preventiva de la cocina de banquetes.",SPIKES/T-0021/v0/emi41/fichas/S14/S14-R01.md;SPIKES/T-0021/v0/emi41/fichas/S14/empresa.md;SPIKES/T-0021/v0/emi41/fichas/S14/transferencia.md,3,3,4,inferred,SPIKES/T-0021/v0/emi41/fichas/S14/S14-R01.md#Antes del evento,"Brote noviembre 2023 dentro de 36 meses:4. −1 por huevo pasteurizado y prohibición de mayonesa casera desde 2024, verificados y posteriores al antecedente. No se añaden condiciones de emplatado sin demostrar cambio contra ese período.",2,2,3,assumed,SPIKES/T-0021/v0/emi41/fichas/S14/S14-R01.md#Consecuencias;SPIKES/T-0021/v0/emi41/fichas/S14/empresa.md#Resultados de los tres últimos ejercicios cerrados,"Evento mediano 140 comensales: se supone ticket 110, tasa ataque 15% (21 personas) y USD 1.360 por afectado. Reintegro 15,4 mil + atención 28,56 mil + multa 6 mil + interrupción bruta 6 d×MC 11,4 mil/día =USD 118,36 mil/RO USD 2,5 M=4,7%, nivel 2. Escenario 400 comensales con multa 40 mil e interrupción 115 mil suma≈279 mil, nivel 3. No se descuentan seguros ni cocina alternativa; bajas reputacionales excluidas.",3,,,inferred,SPIKES/T-0021/v0/emi41/fichas/S14/S14-R01.md#Consecuencias,"15% de afectados y 0,6% internados del antecedente: en 400 comensales 60 afectados y 2–3 internaciones, nivel 3. No hay evidencia de enfermedad grave masiva o fatalidad inevitable.",3,3,4,inferred,SPIKES/T-0021/v0/emi41/fichas/S14/S14-R01.md#Consecuencias,"Cocina de banquetes suspendida 6–10 d, función crítica de eventos sin comida:3. Como los plazos proceden de respuesta real, se conserva techo 4 por plazo bruto no medido.",4,,,inferred,SPIKES/T-0021/v0/emi41/fichas/S14/S14-R01.md#Consecuencias,Clausura preventiva de cocina:4; reintegro y multa van a económico.,3,,,inferred,SPIKES/T-0021/v0/emi41/fichas/S14/S14-R01.md#Después del evento,"Protocolo escrito sin ensayo, muestras con faltantes y atención médica con tiempos conocidos:3 por capacidad parcial presente. No se acredita prevención del consumo ya ocurrido.",3,,,inferred,SPIKES/T-0021/v0/emi41/fichas/S14/S14-R01.md#Después del evento,"Cocina alternativa cubrió 9/11 eventos en 2023, pero sacrificó almuerzos del restaurante y no grandes bodas; recuperación parcial probada:3.",4,legal,"econ:cont,rec(secuencial);pers:cont;cont:cont,rec(secuencial);legal:cont",legal,false,,false,true,,,medium,"A 6: costos y duración bruta extrapolados desde brote con respuesta, no observados sin ella. Se usa evento mediano y techo de boda 400, sin sumar cancelaciones reputacionales (D 13). Evento iniciador se adelanta a contaminación de la comida según §2.1; controles de inocuidad van a P.",36,,48,D2;D3;D4;D5;D8;D9;D13;D14;D15;D17;D19;D20;D23,"Se conserva el objeto riesgo de la muestra fija y se evalúa el iniciador indicado, con impacto bruto y V por dimensión (D15/D19). El máximo conocido determina el resultado. Seguro excluido de los factores (D17); banda sin umbrales.",,pending,,,AN-F8-000;AN-F8-014
EV-8115,S15-R04,S15,riesgo,,,Emiliano,human,8,F8-CIEGA-Emiliano-20261007-01a1172b,metodologia v0.2,protocolo v0.2,2026-10-07,inicial,,,,,,,"trabajo en cabeceras con pendiente, bordes de acequias y caminos internos con desnivel, con tractores viejos sin estructura de protección antivuelco",vuelco lateral o hacia atrás de un tractor con el tractorista arriba,aplastamiento o lesiones del tractorista; daño del tractor y del equipo que arrastra.,SPIKES/T-0021/v0/emi41/fichas/S15/S15-R04.md;SPIKES/T-0021/v0/emi41/fichas/S15/empresa.md;SPIKES/T-0021/v0/emi41/fichas/S15/transferencia.md,4,3,4,inferred,SPIKES/T-0021/v0/emi41/fichas/S15/S15-R04.md#Antes del evento,"Vuelco 2020: ancla 3; quedar con dos ruedas en acequia 2024 es precursor, no vuelco. +1 por frenos desparejos identificados 2026 y dos ingresantes sin capacitación. Arcos no se usan para bajar P: actúan sobre daño tras vuelco.",4,3,5,assumed,SPIKES/T-0021/v0/emi41/fichas/S15/S15-R04.md#Consecuencias;SPIKES/T-0021/v0/emi41/fichas/S15/empresa.md#Resultados de los tres últimos ejercicios cerrados,"Reparación 20 mil + reclamo 150 mil + multa 25 mil =USD 195 mil/RO USD 310 mil=62,9%, nivel 4. Extremos 71–330 mil=22,9–106,5%, rango 3–5. Bruto de ART; el reclamo informado es sólo el exceso, por lo que el costo legal tarifado faltante exige validación.",4,,,inferred,SPIKES/T-0021/v0/emi41/fichas/S15/S15-R04.md#Consecuencias,"Una persona por tractor; vuelco sin arco puede aplastarla:4 por muerte plausible, no muertes múltiples.",2,2,3,inferred,SPIKES/T-0021/v0/emi41/fichas/S15/S15-R04.md#Consecuencias,"Reposición 2–4 semanas de un tractor, afectación menor al 50% de la capacidad: duración 3–4 menos 1=2–3, plausible 2 por reposición usada en extremo corto. Otros tractores disponibles son V.",4,,,inferred,SPIKES/T-0021/v0/emi41/fichas/S15/S15-R04.md#Consecuencias,Clausura de tarea y responsabilidad penal por muerte:4.,4,3,5,inferred,SPIKES/T-0021/v0/emi41/fichas/S15/S15-R04.md#Después del evento,"Cinco tractores con arco/cinturón sin prueba reciente acreditada; cuatro sin arco, trabajo solitario y señal incompleta, atención 45 min. Perfil mixto 3–5, se elige 4 por debilidad de respuesta del escenario más expuesto.",3,,,inferred,SPIKES/T-0021/v0/emi41/fichas/S15/S15-R04.md#Después del evento,Flota restante y taller propios permiten cubrir parte del trabajo; capacidad presente sin prueba reciente de reemplazo del conjunto:3.,4,econ;pers;legal,"econ:cont,rec(secuencial);pers:cont;cont:cont,rec(secuencial);legal:cont",econ;pers;legal,false,,true,true,,,medium,"A 6/A 7: flota con y sin arco tiene V distinta; no hay regla para un único V agregado. Costos civiles informados por encima de ART no cuantifican toda pérdida bruta; no se deduce la póliza. Continuidad se calcula con reposición normal, no con cobertura de otros tractores.",64,,80,D2;D3;D4;D5;D8;D9;D13;D14;D15;D17;D19;D20;D23;D21,"Se conserva el objeto riesgo de la muestra fija y se evalúa el iniciador indicado, con impacto bruto y V por dimensión (D15/D19). El máximo conocido determina el resultado. Seguro excluido de los factores (D17); banda sin umbrales.",,pending,,,AN-F8-000;AN-F8-015
EV-8116,S18-R03,S18,riesgo,,,Emiliano,human,8,F8-CIEGA-Emiliano-20261007-01a1172b,metodologia v0.2,protocolo v0.2,2026-10-07,inicial,,,,,,,"corrosión de cañerías de amoníaco, rotura de sellos de válvulas o falla de un compresor",pérdida de contención de amoníaco en la sala de máquinas o en su red de cañerías,"exposición de operarios de la sala y del desposte, evacuación de la planta, posible alcance al barrio vecino, producto contaminado en cámaras y detención de la faena.",SPIKES/T-0021/v0/emi41/fichas/S18/S18-R03.md;SPIKES/T-0021/v0/emi41/fichas/S18/empresa.md;SPIKES/T-0021/v0/emi41/fichas/S18/transferencia.md,4,4,5,inferred,SPIKES/T-0021/v0/emi41/fichas/S18/S18-R03.md#Antes del evento,Fuga de junio 2026 menor a 1 kg materializa pérdida de contención aunque esté bajo Precursores:4. No se usa sólo 2022 ni el número de evacuaciones. Se mantiene techo 5 por condición nueva de compresores vencidos sin cronología precisa respecto de junio.,3,3,4,assumed,SPIKES/T-0021/v0/emi41/fichas/S18/S18-R03.md#Consecuencias;SPIKES/T-0021/v0/emi41/fichas/S18/empresa.md#Resultados de los tres últimos ejercicios cerrados,"Producto 2,9 M + reparación 0,75 M +6 d hábiles×0,251 M + multas 0,16 M ≈USD 5,316 M/RO USD 25,6 M=20,8%, nivel 3. Reparación prolongada o demandas adicionales pueden llevar a 4; no se aplica ART ni contención.",5,,,inferred,SPIKES/T-0021/v0/emi41/fichas/S18/S18-R03.md#Consecuencias,"2–3 operadores con>1.000 ppm en menos de 1 min y hasta 290 personas del desposte con 300–500 ppm sin aislamiento ni evacuación: muertes múltiples plausibles,5.",3,3,5,inferred,SPIKES/T-0021/v0/emi41/fichas/S18/S18-R03.md#Consecuencias,Referencia de faena/desposte detenidos 6 d:3. Reposición de compresor 10–14 semanas y falta de capacidad remanente cuantificada dejan techo 5; el dato auxiliar no impide preferir el comparable de 6 d.,4,,,inferred,SPIKES/T-0021/v0/emi41/fichas/S18/S18-R03.md#Consecuencias,Clausura de sala e investigación penal por víctimas:4.,3,2,3,inferred,SPIKES/T-0021/v0/emi41/fichas/S18/S18-R03.md#Después del evento,"Bloqueo remoto y ventilación probados, pero exposición en 1 min, evacuación 7 min, una detección pendiente y puertas manuales sin verificar. Protección parcial,3;2 si se confirma contención efectiva en origen.",3,,,inferred,SPIKES/T-0021/v0/emi41/fichas/S18/S18-R03.md#Después del evento,"Repuestos de juntas/sellos y asistencia del fabricante en 40 h probada, sin compresor de reserva; alternativa parcial 3.",5,pers,"econ:cont,rec(secuencial);pers:cont;cont:cont,rec(secuencial);legal:cont",pers,true,pers,true,true,,,medium,A 6: fuga pequeña mal etiquetada como precursor se cuenta como antecedente. Escenario monetario y días brutos se infieren del comparable con respuesta; se conserva rango. Perfil de contención difiere por lugar/turno y no permite acreditar nivel 1 sólo por cierre rápido de una válvula.,60,,75,D2;D3;D4;D5;D8;D9;D13;D14;D15;D17;D19;D20;D23,"Se conserva el objeto riesgo de la muestra fija y se evalúa el iniciador indicado, con impacto bruto y V por dimensión (D15/D19). El máximo conocido determina el resultado. Seguro excluido de los factores (D17); banda sin umbrales.",,pending,,,AN-F8-000;AN-F8-016
EV-8117,S19-R06,S19,riesgo,,,Emiliano,human,8,F8-CIEGA-Emiliano-20261007-01a1172b,metodologia v0.2,protocolo v0.2,2026-10-07,inicial,,,,,,,"manipulación de soda cáustica y ácido nítrico concentrados en la descarga de cisternas, la preparación de soluciones y la apertura de circuitos de limpieza CIP",salpicadura o contacto del químico con los ojos o la piel de un operario,"quemadura química con atención médica y días de baja; en los ojos, posible pérdida parcial de la visión.",SPIKES/T-0021/v0/emi41/fichas/S19/S19-R06.md;SPIKES/T-0021/v0/emi41/fichas/S19/empresa.md;SPIKES/T-0021/v0/emi41/fichas/S19/transferencia.md,5,,,inferred,SPIKES/T-0021/v0/emi41/fichas/S19/S19-R06.md#Antes del evento,Salpicaduras 2–4/año 2023–2026:5 por antecedentes propios recurrentes. Estadística sectorial de accidentes con baja no mide todos los contactos y no desplaza el registro propio.,unknown,,,inferred,SPIKES/T-0021/v0/emi41/fichas/S19/S19-R06.md#Consecuencias;SPIKES/T-0021/v0/emi41/fichas/S19/empresa.md#Resultados de los tres últimos ejercicios cerrados,"USD 500–1.500 sólo cubren primeros días y reemplazo bajo respuesta real; multas 2–60 mil y demanda civil no cuantificada. Faltan prestaciones brutas y consecuencias oculares permanentes. RO USD 15,3 M conocido, pero no monto ni rango total defendible: unknown.",4,,,inferred,SPIKES/T-0021/v0/emi41/fichas/S19/S19-R06.md#Consecuencias,"Soda 50% en ojo sin lavado<10 segundos puede dejar pérdida parcial permanente de visión según asesor; una persona, ocasionalmente dos:4 por daño irreversible grave.",1,,,inferred,SPIKES/T-0021/v0/emi41/fichas/S19/S19-R06.md#Consecuencias,No se detiene función crítica; suspensión de descarga 2 h en antecedente:1.,2,,,inferred,SPIKES/T-0021/v0/emi41/fichas/S19/S19-R06.md#Consecuencias,Denuncia de accidente e inspección por secuelas:2; no se imputa una clausura o responsabilidad penal no descrita.,3,3,4,inferred,SPIKES/T-0021/v0/emi41/fichas/S19/S19-R06.md#Después del evento,"9/11 lavaojos correctos; dos de puntos relevantes con baja presión, atención observada a 15 segundos cuando el daño ocular puede fijarse en 10. Capacidad parcial 3, techo 4.",no_aplica,,,inferred,SPIKES/T-0021/v0/emi41/fichas/S19/S19-R06.md#Después del evento,No hay instalación ni función que restablecer y lesión no se revierte mediante recuperación empresarial: no_aplica. ART no es medida de V.,≥ 4,pers,econ:cont;pers:cont;cont:cont;legal:cont,,false,,true,false,i_econ sin nivel defendible; la cota de una dimensión desconocida puede superar el máximo conocido (§9.3).,"i_econ: USD 500–1.500 sólo cubren primeros días y reemplazo bajo respuesta real; multas 2–60 mil y demanda civil no cuantificada. Faltan prestaciones brutas y consecuencias oculares permanentes. RO USD 15,3 M conocido, pero no monto ni rango total defendible: unknown.",high,"A 6: el costo neto a cargo de empleador no es I bruto; la fuente no permite costo de secuelas. Se mantiene unknown sin inventar indemnizaciones. A 11: V único de lavado parcial se aplica por tabla también a la dimensión legal, aunque su efecto causal puede diferir. Techo plausible indeterminado: unknown sin máximo documentado. La cota de validación usaría 5 (§9.5), pero no se registra como techo observado.",,,,D2;D3;D4;D5;D8;D9;D13;D14;D15;D17;D19;D20;D23,"Se conserva el objeto riesgo de la muestra fija y se evalúa el iniciador indicado, con impacto bruto y V por dimensión (D15/D19). La información faltante puede cambiar el máximo: no evaluable según D8/§9.3. Seguro excluido de los factores (D17); banda sin umbrales.",,pending,,,AN-F8-000;AN-F8-017
EV-8118,S20-R06,S20,riesgo,,,Emiliano,human,8,F8-CIEGA-Emiliano-20261007-01a1172b,metodologia v0.2,protocolo v0.2,2026-10-07,inicial,,,,,,,acuerdo entre un balancero o un calador y transportistas o productores,"registro de un peso o una calidad que no corresponden (tara alterada, muestra sustituida) en la recepción de grano",la empresa paga o certifica grano que no recibió; faltante de stock que se descubre en la auditoría y se pierde.,SPIKES/T-0021/v0/emi41/fichas/S20/S20-R06.md;SPIKES/T-0021/v0/emi41/fichas/S20/empresa.md;SPIKES/T-0021/v0/emi41/fichas/S20/transferencia.md,4,,,inferred,SPIKES/T-0021/v0/emi41/fichas/S20/S20-R06.md#Antes del evento,"Fraude confirmado en 2024:4. Inmutabilidad evita alteraciones posteriores, pero no garantiza que el peso inicial sea correcto; cámaras y conciliación detectan después. No se resta 1 sin mecanismo preventivo verificado contra el ingreso falso.",3,2,3,assumed,SPIKES/T-0021/v0/emi41/fichas/S20/S20-R06.md#Consecuencias;SPIKES/T-0021/v0/emi41/fichas/S20/empresa.md#Resultados de los tres últimos ejercicios cerrados,"Como episodio continuo hasta cierre, USD 125 mil trimestrales×4=USD 500 mil/RO USD 3 M=16,7%, nivel 3. Asignación de fraude frente a merma no determinada; se conserva 2–3. USD 50 mil con cámaras es residual y no reemplaza al bruto.",1,,,inferred,SPIKES/T-0021/v0/emi41/fichas/S20/S20-R06.md#Consecuencias,Sin personas expuestas.,1,,,inferred,SPIKES/T-0021/v0/emi41/fichas/S20/S20-R06.md#Consecuencias,No hay interrupción.,2,,,inferred,SPIKES/T-0021/v0/emi41/fichas/S20/S20-R06.md#Consecuencias,Intimación para reponer grano de depositantes:2; denuncia contra perpetradores no es sanción penal de la empresa.,3,2,3,inferred,SPIKES/T-0021/v0/emi41/fichas/S20/S20-R06.md#Después del evento,"Auditoría probada detecta a 3 meses y limita una campaña anual; dos alertas actuales sin investigar reducen eficacia.3, con 2 si se confirma investigación oportuna.",4,3,5,inferred,SPIKES/T-0021/v0/emi41/fichas/S20/S20-R06.md#Después del evento,"Reclamo civil en trámite sin cobro durante casi dos años; no demuestra reposición.4 por capacidad débil, rango 3–5; no se lo trata como recuperación total.",3,econ,"econ:cont,rec(secuencial);pers:cont;cont:cont,rec(secuencial);legal:cont",econ,false,,false,true,,,medium,"A 7/A 6: se evalúa campaña continua del fraude, aunque el evento está redactado por registro individual; extrapolar cuatro trimestres no prueba duración ni atribución. Se adopta rango 2–3 económico. A 10: detección posterior no reduce también P.",36,,36,D2;D3;D4;D5;D8;D9;D13;D14;D15;D17;D19;D20;D23;D21,"Se conserva el objeto riesgo de la muestra fija y se evalúa el iniciador indicado, con impacto bruto y V por dimensión (D15/D19). El máximo conocido determina el resultado. Seguro excluido de los factores (D17); banda sin umbrales.",,pending,,,AN-F8-000;AN-F8-018
EV-8119,S21-R01,S21,riesgo,,,Emiliano,human,8,F8-CIEGA-Emiliano-20261007-01a1172b,metodologia v0.2,protocolo v0.2,2026-10-07,inicial,,,,,,,tormentas convectivas de primavera y verano en el valle,caída de granizo sobre una finca con fruta en la planta,fruta golpeada que pierde la calidad de exportación o cae; menos fruta para empacar y exportar en la campaña.,SPIKES/T-0021/v0/emi41/fichas/S21/S21-R01.md;SPIKES/T-0021/v0/emi41/fichas/S21/empresa.md;SPIKES/T-0021/v0/emi41/fichas/S21/transferencia.md,3,3,4,inferred,SPIKES/T-0021/v0/emi41/fichas/S21/S21-R01.md#Antes del evento,"Registro propio de 12 campañas:3 con daño en alguna finca/12=25%, se acepta como frecuencia anual comparable, ancla 3. La historia reciente 2024–2025 daría 4 por recencia; se registra rango 3–4 conforme§3.2. El 12% de superficie sectorial no es P de empresa.",4,3,5,assumed,SPIKES/T-0021/v0/emi41/fichas/S21/S21-R01.md#Consecuencias;SPIKES/T-0021/v0/emi41/fichas/S21/empresa.md#Resultados de los tres últimos ejercicios cerrados,"USD 4,6 M de facturación perdida; MC supuesto 30% (gerencia 25–35%) =USD 1,38 M/RO USD 3,9 M=35,4%, nivel 4. Piso margen operativo 9,73%: USD 0,447 M/3,9=11,5%, nivel 3. Techo facturación entera 4,6/3,9=118%, nivel 5, conforme§4.2.",1,,,inferred,SPIKES/T-0021/v0/emi41/fichas/S21/S21-R01.md#Consecuencias,"Antecedente de contusiones leves atendidas con primeros auxilios, sin otra lesión plausible documentada:1.",2,2,4,inferred,SPIKES/T-0021/v0/emi41/fichas/S21/S21-R01.md#Consecuencias,12% menos volumen y dos semanas menos de empaque: duración 3 menos 1 por degradación menor al 50%=2. Interpretar pérdida de campaña anual como duración distinta queda señalado.,1,,,inferred,SPIKES/T-0021/v0/emi41/fichas/S21/S21-R01.md#Consecuencias,No hay consecuencias regulatorias.,4,3,5,inferred,SPIKES/T-0021/v0/emi41/fichas/S21/S21-R01.md#Después del evento,"Escenario de referencia finca 2 sin red. Cosecha anticipada limita deterioro adicional, no el golpe; capacidad débil 4. El 20% de red global no se extrapola a finca 2;3–5 conserva variación entre fincas.",3,,,inferred,SPIKES/T-0021/v0/emi41/fichas/S21/S21-R01.md#Después del evento,Compra adicional de 2019 repuso 2.000 de 3.900 t pero prueba supera 3 años. Proveedores regulares actuales son alternativa formal parcial sin prueba reciente:3.,4,econ,"econ:cont,rec(secuencial);pers:cont;cont:cont,rec(secuencial);legal:cont",econ,false,,false,true,,,medium,A 6: denominador de P mide campañas con daño y no toda caída de granizo; se usa mejor registro disponible y rango 3–4. MC no calculado: supuesto 30% con rango obligatorio 3–5. A 7: V por finca distinta; se conserva escenario finca 2. Ambigüedad entre duración de reducción de empaque y ciclo de cosecha.,48,,80,D2;D3;D4;D5;D8;D9;D13;D14;D15;D17;D19;D20;D23;D21,"Se conserva el objeto riesgo de la muestra fija y se evalúa el iniciador indicado, con impacto bruto y V por dimensión (D15/D19). El máximo conocido determina el resultado. Seguro excluido de los factores (D17); banda sin umbrales.",,pending,,,AN-F8-000;AN-F8-019
EV-8120,S22-R02,S22,riesgo,,,Emiliano,human,8,F8-CIEGA-Emiliano-20261007-01a1172b,metodologia v0.2,protocolo v0.2,2026-10-07,inicial,,,,,,,"rotura o desacople del flexible de descarga, falla de una empaquetadura o de una válvula, o error en la secuencia de conexión durante la descarga de cloro líquido de una cisterna al tanque fijo",sale cloro de la conexión entre la cisterna y el tanque y se forma una nube de cloro gaseoso,"intoxicación de los operadores, del chofer, del personal de la planta y, según el caudal, la duración y el viento, de vecinos del barrio y de la escuela; paralización de la planta; actuación de las autoridades.",SPIKES/T-0021/v0/emi41/fichas/S22/S22-R02.md;SPIKES/T-0021/v0/emi41/fichas/S22/empresa.md;SPIKES/T-0021/v0/emi41/fichas/S22/transferencia.md,4,3,4,inferred,SPIKES/T-0021/v0/emi41/fichas/S22/S22-R02.md#Antes del evento,"Fuga 2021: ancla 3; +1 por flexible con prueba vencida desdeagosto 2026. Tasa sectorial 3/9.000 descargas mide sólo eventos con lesionados, no todas las fugas; no se transforma en P del iniciador.",4,3,5,assumed,SPIKES/T-0021/v0/emi41/fichas/S22/S22-R02.md#Consecuencias;SPIKES/T-0021/v0/emi41/fichas/S22/empresa.md#Resultados de los tres últimos ejercicios cerrados,"Escenario supuesto:3 víctimas fatales en descarga×USD 0,4 M +35 d hábiles de clausura×USD 72 mil +multaUSD 0,5 M =USD 4,22 M/RO USD 6,2 M=68%, nivel 4. No hay conteo defendible de víctimas externas:3–5 por escenarios de menor daño y alcance al barrio. Es supuesto, no resultado del estudio.",5,,,inferred,SPIKES/T-0021/v0/emi41/fichas/S22/S22-R02.md#Consecuencias,"Sin cierre se vacían 18 t y área potencial de efectos letales llega 2,8 km; tres personas en descarga,92 en turno, barrio y escuela dentro. Muertes múltiples plausibles,5.",4,,,inferred,SPIKES/T-0021/v0/emi41/fichas/S22/S22-R02.md#Consecuencias,Comparable de clausura 7 semanas:4. No se supone destrucción de toda la planta de cloración por una fuga.,4,,,inferred,SPIKES/T-0021/v0/emi41/fichas/S22/S22-R02.md#Consecuencias,Clausura y posible responsabilidad penal de directivos:4.,3,3,4,inferred,SPIKES/T-0021/v0/emi41/fichas/S22/S22-R02.md#Después del evento,"Válvula tanque probada, la de cisterna sin prueba y cortina con 2/6 boquillas débiles; vecinos sin plan.3 por medida presente sin prueba completa;4 si daño casi completo por vaciado de cisterna.",3,,,inferred,SPIKES/T-0021/v0/emi41/fichas/S22/S22-R02.md#Después del evento,"Reventa cubrió 60% del volumen enabril 2023, fuera de tres años al corte; capacidad presente sin prueba vigente:3, no 2. Reponer flexible en 3 d es reparación normal, no alternativa.",5,pers,"econ:cont,rec(secuencial);pers:cont;cont:cont,rec(secuencial);legal:cont",pers,true,pers,true,true,,,high,A 6: falta distribución de fugas y población realmente afectada; escenario económico de 3 víctimas se explicita y rango 3–5. Estadística de lesionados no mide P de liberación. A 11: compra de hipoclorito no restaura autorización legal; se respeta tabla fija.,60,,80,D2;D3;D4;D5;D8;D9;D13;D14;D15;D17;D19;D20;D23,"Se conserva el objeto riesgo de la muestra fija y se evalúa el iniciador indicado, con impacto bruto y V por dimensión (D15/D19). El máximo conocido determina el resultado. Seguro excluido de los factores (D17); banda sin umbrales.",,pending,,,AN-F8-000;AN-F8-020
EV-8121,S22-R03,S22,riesgo,,,Emiliano,human,8,F8-CIEGA-Emiliano-20261007-01a1172b,metodologia v0.2,protocolo v0.2,2026-10-07,inicial,,,,,,,"rotura de un contenedor (IBC) o de un tambor en la manipulación, rotura de una manguera de carga o sobrellenado en la playa de carga, que drena al desagüe pluvial","Pérdida de contención de producto en la playa de carga por rotura, manguera o sobrellenado","el producto llega al arroyo (mortandad de peces, espuma, cambio de pH aguas abajo), con multa, remediación y sumario de la autoridad ambiental.",SPIKES/T-0021/v0/emi41/fichas/S22/S22-R03.md;SPIKES/T-0021/v0/emi41/fichas/S22/empresa.md;SPIKES/T-0021/v0/emi41/fichas/S22/transferencia.md,5,,,inferred,SPIKES/T-0021/v0/emi41/fichas/S22/S22-R03.md#Antes del evento,"Evento iniciador corregido a pérdida de contención en playa:9 derrames 2024,11 en 2025 y 7 en 2026, P 5. Que 27 no llegaran al pluvial refleja V; no reduce frecuencia del iniciador.",2,2,3,assumed,SPIKES/T-0021/v0/emi41/fichas/S22/S22-R03.md#Consecuencias;SPIKES/T-0021/v0/emi41/fichas/S22/empresa.md#Resultados de los tres últimos ejercicios cerrados,"Escenario 5 m³: remediaciónUSD 100 mil +multa supuestaUSD 50 mil +productoUSD 6 mil=USD 156 mil/RO USD 6,2 M=2,52%, nivel 2. Multa máxima por reincidenciaUSD 1 M+remediación 150 mil y producto≈6 mil da 18,6%, techo 3. Reclamos de regantes no estimados requieren validar este alcance.",2,1,3,assumed,SPIKES/T-0021/v0/emi41/fichas/S22/S22-R03.md#Consecuencias,"Operador de un derrame ácido/alcalino puede sufrir lesión con atención;2 como supuesto acotado,1–3. No hay personas directamente expuestas aguas abajo documentadas.",1,,,inferred,SPIKES/T-0021/v0/emi41/fichas/S22/S22-R03.md#Consecuencias,Limpieza de playa 6 h en antecedente y sin otra interrupción cuantificada:1.,3,,,inferred,SPIKES/T-0021/v0/emi41/fichas/S22/S22-R03.md#Consecuencias,Plan obligatorio de remediación bajo inspección y notificación:3. Multas no elevan legal.,3,,,inferred,SPIKES/T-0021/v0/emi41/fichas/S22/S22-R03.md#Después del evento,"Kits contuvieron 400 L en 2025; válvula llega a 3 min frente a tránsito 2 min, por lo que parte del daño pasa.3 por protección parcial; no se acredita cubeto ajeno a la playa.",3,2,3,inferred,SPIKES/T-0021/v0/emi41/fichas/S22/S22-R03.md#Después del evento,"Consultora actuó en 2023 y bombeo trata retenido, pero sólo parte y sin tratar solventes:3, con 2 si se confirma reposición ambiental mayoritaria.",3,legal,"econ:cont,rec(secuencial);pers:cont;cont:cont,rec(secuencial);legal:cont",legal,false,,false,true,,,medium,"A 6: se adelanta evento de ingreso al pluvial a derrame, según§2.1; cambia el conteo de antecedentes. A 10: kits, bordillo y cubre-rejillas pasan a V. A 6: reclamos aguas abajo y usos de agua faltantes; rango económico supone escenario de 5 m³ sin pérdidas agrícolas adicionales, requiere validación.",45,,45,D2;D3;D4;D5;D8;D9;D13;D14;D15;D17;D19;D20;D23,"Se conserva el objeto riesgo de la muestra fija y se evalúa el iniciador indicado, con impacto bruto y V por dimensión (D15/D19). El máximo conocido determina el resultado. Seguro excluido de los factores (D17); banda sin umbrales.",,pending,,,AN-F8-000;AN-F8-021
EV-8122,S24-R03,S24,riesgo,,,Emiliano,human,8,F8-CIEGA-Emiliano-20261007-01a1172b,metodologia v0.2,protocolo v0.2,2026-10-07,inicial,,,,,,,desgaste de rodamientos y engranajes del reductor principal de la extrusora de la línea de coextrusión,rotura del reductor y detención de la línea,"la empresa deja de producir lámina multicapa hasta reponer el reductor (importado), pierde ventas de lámina y parte de sus clientes termoformadores.",SPIKES/T-0021/v0/emi41/fichas/S24/S24-R03.md;SPIKES/T-0021/v0/emi41/fichas/S24/empresa.md;SPIKES/T-0021/v0/emi41/fichas/S24/transferencia.md,4,,,inferred,SPIKES/T-0021/v0/emi41/fichas/S24/S24-R03.md#Antes del evento,"Fallaagosto 2023 hace>36 meses: ancla 3. +1 por hierro 180 ppm y vibración enalarma septiembre 2026. Rodamientos en stock son recuperación, no prevención.",4,4,5,inferred,SPIKES/T-0021/v0/emi41/fichas/S24/S24-R03.md#Consecuencias;SPIKES/T-0021/v0/emi41/fichas/S24/empresa.md#Resultados de los tres últimos ejercicios cerrados,"ReductorUSD 260 mil+montaje 40 mil+15 semanas×MC 47 mil=USD 1,005 M/RO USD 2,1 M=47,9%, nivel 4. Sin descontar stock ni monocapa. Daño adicional al tornillo/cilindro si no actúa sobrecorriente no está cotizado; techo 5.",1,,,inferred,SPIKES/T-0021/v0/emi41/fichas/S24/S24-R03.md#Consecuencias,"No se describe presencia de personas en zona de daño del reductor;1. Se trata sobrecorriente como barrera de daño al equipo, no se usa para reducir personas.",5,,,inferred,SPIKES/T-0021/v0/emi41/fichas/S24/S24-R03.md#Consecuencias,"Lámina multicapa detenida 14–16 semanas, más de tres meses, función crítica nombrada en empresa:5, aunque sólo 35% de facturación.",1,,,inferred,SPIKES/T-0021/v0/emi41/fichas/S24/S24-R03.md#Consecuencias,Sin penalidades contractuales ni consecuencia regulatoria:1.,3,,,inferred,SPIKES/T-0021/v0/emi41/fichas/S24/S24-R03.md#Después del evento,"Sobrecorriente actuóagosto 2023, fuera de tres años, sin prueba posterior; presente sin prueba 3. Stock 9 d amortigua pero no evita daño sustancial de parada.",3,,,inferred,SPIKES/T-0021/v0/emi41/fichas/S24/S24-R03.md#Después del evento,Monocapa propia cubre 25% y reparación local no ensayada; alternativa parcial formal 3. Prueba 2023 no está vigente.,5,cont,"econ:cont,rec(secuencial);pers:cont;cont:cont,rec(secuencial);legal:cont",cont,true,cont,false,true,,,medium,A 6: impacto monetario fuente presupone que sobrecorriente limita daño a reductor; se explicita monto no cotizado y techo 5. El límite de tres años vence antes del corte para pruebasagosto 2023. P no se calcula como 4 sólo por estar el antecedente en el año 2023.,60,,60,D2;D3;D4;D5;D8;D9;D13;D14;D15;D17;D19;D20;D23,"Se conserva el objeto riesgo de la muestra fija y se evalúa el iniciador indicado, con impacto bruto y V por dimensión (D15/D19). El máximo conocido determina el resultado. Seguro excluido de los factores (D17); banda sin umbrales.",,pending,,,AN-F8-000;AN-F8-022
EV-8123,S28-R07,S28,riesgo,,,Emiliano,human,8,F8-CIEGA-Emiliano-20261007-01a1172b,metodologia v0.2,protocolo v0.2,2026-10-07,inicial,,,,,,,"actualización fallida del software de cobro, falla del servidor central o de su base de datos, o corte del enlace entre locales y oficinas centrales","Fallo técnico de actualización, servidor/base de datos o enlace central que afecta el servicio de cobro","ventas perdidas mientras dura la caída, clientes que abandonan las compras, mercadería a reponer en góndola.",SPIKES/T-0021/v0/emi41/fichas/S28/S28-R07.md;SPIKES/T-0021/v0/emi41/fichas/S28/empresa.md;SPIKES/T-0021/v0/emi41/fichas/S28/transferencia.md,3,3,4,inferred,SPIKES/T-0021/v0/emi41/fichas/S28/S28-R07.md#Antes del evento,Caídas 2024–2025: ancla 4. −1 por pruebas de actualización nuevas y aplicadas en 2026. Enlace redundante es contención del fallo técnico; no agrega otra reducción a P. Mezcla de causas deja rango 3–4.,unknown,1,4,inferred,SPIKES/T-0021/v0/emi41/fichas/S28/S28-R07.md#Consecuencias;SPIKES/T-0021/v0/emi41/fichas/S28/empresa.md#Resultados de los tres últimos ejercicios cerrados,"Caída de horas cuesta pocos miles a cientos de miles; pérdida de servidor requiere 9–26 d (compra+instalación), con MC 13,6 mil/h×14 h/día×80% de ventas definitivamente perdidas: USD 1,37–3,96 M/RO USD 12,1 M=11,3–32,7%, más reposición y descartes. Rango global 1–4 sin preferencia causal: unknown.",1,,,inferred,SPIKES/T-0021/v0/emi41/fichas/S28/S28-R07.md#Consecuencias,Clientes esperando sin mecanismo de lesión física descrito:1.,unknown,1,4,inferred,SPIKES/T-0021/v0/emi41/fichas/S28/S28-R07.md#Consecuencias,"Software o enlace: horas (1); servidor:9–26 d (3–4). Sin distribución de causas ni duración bruta más plausible, unknown 1–4.",1,,,inferred,SPIKES/T-0021/v0/emi41/fichas/S28/S28-R07.md#Consecuencias,No hay sanción por caída ni reclamos registrados:1.,3,,,inferred,SPIKES/T-0021/v0/emi41/fichas/S28/S28-R07.md#Después del evento,"Conmutación probada limita fallo de enlace, pero no servidor ni actualización masiva;3 por perfil parcial. Vuelta a versión tras caída se clasifica recuperación.",3,3,5,inferred,SPIKES/T-0021/v0/emi41/fichas/S28/S28-R07.md#Después del evento,"Procedimiento de reversión y copia nocturna son formales, sin restauración integral probada ni servidor alternativo:3; techo 5 ante copia inutilizable o reposición normal.",≥ 1,pers;legal,"econ:cont,rec(secuencial);pers:cont;cont:cont,rec(secuencial);legal:cont",,false,,false,false,i_econ; i_cont sin nivel defendible; la cota de una dimensión desconocida puede superar el máximo conocido (§9.3).,"i_econ: Caída de horas cuesta pocos miles a cientos de miles; pérdida de servidor requiere 9–26 d (compra+instalación), con MC 13,6 mil/h×14 h/día×80% de ventas definitivamente perdidas: USD 1,37–3,96 M/RO USD 12,1 M=11,3–32,7%, más reposición y descartes. Rango global 1–4 sin preferencia causal: unknown. i_cont: Software o enlace: horas (1); servidor:9–26 d (3–4). Sin distribución de causas ni duración bruta más plausible, unknown 1–4.",high,"A 7: actualización, hardware y enlace mezclan P/I/V. A 6: evento se adelanta a falla técnica que causa indisponibilidad; no es posible una única causa iniciadora más fina en ficha fija. Restauración desconocida y ausencia de soporte impiden duración preferible. No se confunden ventas con MC.",,,48,D2;D3;D4;D5;D8;D9;D13;D14;D15;D17;D19;D20;D23;D21,"Se conserva el objeto riesgo de la muestra fija y se evalúa el iniciador indicado, con impacto bruto y V por dimensión (D15/D19). La información faltante puede cambiar el máximo: no evaluable según D8/§9.3. Seguro excluido de los factores (D17); banda sin umbrales.",,pending,,,AN-F8-000;AN-F8-023
EV-8124,S29-R06,S29,riesgo,,,Emiliano,human,8,F8-CIEGA-Emiliano-20261007-01a1172b,metodologia v0.2,protocolo v0.2,2026-10-07,inicial,,,,,,,"errores en la extracción de datos, pasos manuales o falta de personal en el área de reportes; un incidente que no se clasifica a tiempo","un reporte obligatorio al regulador (diario, mensual o de notificación de incidente) se entrega fuera de plazo o con datos erróneos","infracción al régimen del regulador, con apercibimiento, multa y, por acumulación, un plan de adecuación obligatorio u otras sanciones.",SPIKES/T-0021/v0/emi41/fichas/S29/S29-R06.md;SPIKES/T-0021/v0/emi41/fichas/S29/empresa.md;SPIKES/T-0021/v0/emi41/fichas/S29/transferencia.md,5,,,inferred,SPIKES/T-0021/v0/emi41/fichas/S29/S29-R06.md#Antes del evento,"Tres incumplimientos entreabril 2024 yfebrero 2026 dentro del trienio: promedio≥1/año, P 5. −1 por validaciones y segunda revisión nuevas; +1 por equipo reducido de 4 a 3 desdeagosto: se compensan. No se convierte 40 sanciones/46 empresas en probabilidad sin distribución.",1,,,inferred,SPIKES/T-0021/v0/emi41/fichas/S29/S29-R06.md#Consecuencias;SPIKES/T-0021/v0/emi41/fichas/S29/empresa.md#Resultados de los tres últimos ejercicios cerrados,"Un incumplimiento: multa 20–400 mil+asesoría 10–30 mil=USD 30–430 mil/RO USD 32,1 M=0,09–1,34%, nivel 1. Suspensión del alta requiere otro incumplimiento durante el plan: nueva ocurrencia independiente, excluida del escenario actual.",1,,,inferred,SPIKES/T-0021/v0/emi41/fichas/S29/S29-R06.md#Consecuencias,Sin daño físico a personas.,1,,,inferred,SPIKES/T-0021/v0/emi41/fichas/S29/S29-R06.md#Consecuencias,La rectificación no detiene función crítica según ficha:1.,3,2,3,inferred,SPIKES/T-0021/v0/emi41/fichas/S29/S29-R06.md#Consecuencias,Tercer incumplimiento en 24 meses dispara plan obligatorio bajo inspección:3. Rango 2–3 por duda de cómputo de hechos anteriores al régimen.,3,2,4,inferred,SPIKES/T-0021/v0/emi41/fichas/S29/S29-R06.md#Después del evento,Rectificación probada bajo régimen anterior limitó sanciones; régimenjunio 2026 impone plan y no hay prueba bajo éste.3 por respuesta presente cuya eficacia actual no está probada;2–4.,no_aplica,,,inferred,SPIKES/T-0021/v0/emi41/fichas/S29/S29-R06.md#Después del evento,Infracción y sanción sin servicio ni activo a restablecer: no_aplica.,3,legal,econ:cont;pers:cont;cont:cont;legal:cont,legal,false,,false,true,,,medium,"A 6: régimen nuevo puede contar antecedentes anteriores; se adopta interpretación del área legal, con rango 2–3. No se añade margen perdido por un cuarto incumplimiento (§4.1.5). A 6: efectividad pasada de descargos no prueba resultado con régimen actual.",45,,60,D2;D3;D4;D5;D8;D9;D13;D14;D15;D17;D19;D20;D23,"Se conserva el objeto riesgo de la muestra fija y se evalúa el iniciador indicado, con impacto bruto y V por dimensión (D15/D19). El máximo conocido determina el resultado. Seguro excluido de los factores (D17); banda sin umbrales.",,pending,,,AN-F8-000;AN-F8-024
EV-8125,S31-R06,S31,riesgo,,,Emiliano,human,8,F8-CIEGA-Emiliano-20261007-01a1172b,metodologia v0.2,protocolo v0.2,2026-10-07,inicial,,,,,,,"exceso de velocidad, polvo que reduce la visibilidad, tránsito mixto de camiones pesados y livianos en caminos de ripio, cansancio en diagramas de 12 h",colisión o vuelco de un vehículo propio o de un contratista en los caminos internos del yacimiento,"conductores y ocupantes lesionados o muertos, vehículo dañado, denuncia ante la autoridad de riesgos del trabajo.",SPIKES/T-0021/v0/emi41/fichas/S31/S31-R06.md;SPIKES/T-0021/v0/emi41/fichas/S31/empresa.md;SPIKES/T-0021/v0/emi41/fichas/S31/transferencia.md,5,,,inferred,SPIKES/T-0021/v0/emi41/fichas/S31/S31-R06.md#Antes del evento,"5–9 incidentes/año recientes, no sólo lesiones:5. La tasa provincial de fallecidos/km mide una consecuencia distinta y no hay kilómetros de contratistas; no desplaza historia propia.",1,1,2,assumed,SPIKES/T-0021/v0/emi41/fichas/S31/S31-R06.md#Consecuencias;SPIKES/T-0021/v0/emi41/fichas/S31/empresa.md#Resultados de los tres últimos ejercicios cerrados,"VehículoUSD 60 mil+reclamoUSD 400 mil≈USD 460 mil/RO USD 252 M=0,18%, nivel 1. Techo exploratorio colectivo 40 ocupantes×USD 400 mil+vehículo 60 mil≈USD 16,06 M/252=6,37%, nivel 2. Supone costo individual de reclamo como proxy; faltan costos brutos de fatalidades.",4,4,5,inferred,SPIKES/T-0021/v0/emi41/fichas/S31/S31-R06.md#Consecuencias,"En choque camioneta–camión o vuelco con 1–4 ocupantes es plausible una muerte sin respuesta:4. Colectivo de 40 plazas permite múltiples víctimas como techo 5, sin imponerlo al accidente típico de camioneta.",1,,,inferred,SPIKES/T-0021/v0/emi41/fichas/S31/S31-R06.md#Consecuencias,Daño de un vehículo no elimina mitad de capacidad; camino despejado 1–4 h. Nivel 1 sin depender de camionetas de reemplazo.,2,,,inferred,SPIKES/T-0021/v0/emi41/fichas/S31/S31-R06.md#Consecuencias,"Denuncia laboral y acta policial:2. La responsabilidad penal mencionada es del conductor, no de directivos; no se fuerza ancla 4.",4,,,inferred,SPIKES/T-0021/v0/emi41/fichas/S31/S31-R06.md#Después del evento,Telemetría parcial y asistencia media 38 min/máximo 85 min; terceros sin radio y sin cobertura. Medidas débiles para daño traumático ya producido:4.,3,,,inferred,SPIKES/T-0021/v0/emi41/fichas/S31/S31-R06.md#Después del evento,"Ocho camionetas propias disponibles en el día sin actuación completa documentada: presente sin prueba 3, no 1 automático.",4,pers,"econ:cont,rec(secuencial);pers:cont;cont:cont,rec(secuencial);legal:cont",pers,false,,true,true,,,medium,"A 7: camiones, camionetas y colectivos reúnen severidades diferentes; se conserva escenario típico 4 y techo 5 de Personas. A 6: costos provienen de eventos con respuesta; proxy económico 1–2 no implica costo de fatalidad observado. Datos de kilómetros faltantes no impiden P 5 recurrente.",80,,100,D2;D3;D4;D5;D8;D9;D13;D14;D15;D17;D19;D20;D23;D21,"Se conserva el objeto riesgo de la muestra fija y se evalúa el iniciador indicado, con impacto bruto y V por dimensión (D15/D19). El máximo conocido determina el resultado. Seguro excluido de los factores (D17); banda sin umbrales.",,pending,,,AN-F8-000;AN-F8-025
EV-8126,S32-R03,S32,riesgo,,,Emiliano,human,8,F8-CIEGA-Emiliano-20261007-01a1172b,metodologia v0.2,protocolo v0.2,2026-10-07,inicial,,,,,,,"desempeño de seguridad por encima del umbral contractual, reducción de actividad de la operadora o competencia de otros contratistas con equipos ociosos",la operadora A notifica la rescisión anticipada del contrato de servicios,"7 de los 12 equipos quedan sin cliente, se pierde el margen que aportan y hay costos de suspensión o despido de cuadrillas hasta recolocarlos.",SPIKES/T-0021/v0/emi41/fichas/S32/S32-R03.md;SPIKES/T-0021/v0/emi41/fichas/S32/empresa.md;SPIKES/T-0021/v0/emi41/fichas/S32/transferencia.md,3,2,4,inferred,SPIKES/T-0021/v0/emi41/fichas/S32/S32-R03.md#Antes del evento,"Carta formalabril 2026 porTRIR elevado y anuncio de reducción deactividad son precursores:3. No hubo rescisión anticipada propia; no renovación 2019 no equivale. 6 rescisiones/(25 contratos×4 años)≈6% carece de exposición contractual ajustada, no se impone como jerarquía 1. Rango 2–4 por comparabilidad y ajuste actual.",5,4,5,assumed,SPIKES/T-0021/v0/emi41/fichas/S32/S32-R03.md#Consecuencias;SPIKES/T-0021/v0/emi41/fichas/S32/empresa.md#Resultados de los tres últimos ejercicios cerrados,"9 meses de recolocación×USD 7,94 M/año +suspensión 3 meses×0,25 M +despidos 1,5 M≈USD 8,205 M/RO USD 5,2 M=157,8%, nivel 5. Rango 4–5 por vencimientojunio 2027 y renovación no garantizada. Costos de suspensión no se restan: son costos adicionales al margen que descuenta cuadrillas operando.",1,,,inferred,SPIKES/T-0021/v0/emi41/fichas/S32/S32-R03.md#Consecuencias,"Pérdida de empleo sin daño físico descrito: no se monetiza ni convierte automáticamente en lesión,1.",5,,,inferred,SPIKES/T-0021/v0/emi41/fichas/S32/S32-R03.md#Consecuencias,7/12 equipos=58% de capacidad sin cliente durante 6–12 meses:5.,1,,,inferred,SPIKES/T-0021/v0/emi41/fichas/S32/S32-R03.md#Consecuencias,No consecuencia regulatoria ni litigio adverso de la empresa acreditado:1. Reclamo eventual de S 32 a A no es sanción a S 32.,4,,,inferred,SPIKES/T-0021/v0/emi41/fichas/S32/S32-R03.md#Después del evento,"Negociación de salida sin antecedente y suspensión de personal probada sólo 2019, por tiempo limitado: capacidad débil 4.",4,,,inferred,SPIKES/T-0021/v0/emi41/fichas/S32/S32-R03.md#Después del evento,Cotización aB sin respuesta y licitación competitiva sin adjudicar; experiencia 2019 no prueba capacidad actual. Recolocación no asegurada:4.,5,econ;cont,"econ:cont,rec(secuencial);pers:cont;cont:cont,rec(secuencial);legal:cont",econ;cont,true,econ;cont,false,true,,,medium,A 7: rescisión por seguridad y sin causa tienen P/V distintas. A 6: no se asume renovación contractual para pérdida completa sin señalarlo; escenario económico 9 meses y rango 4–5. La tasa sectorial por contratos-año aproximada no resuelve el plazo individual ni exposición actual.,60,,80,D2;D3;D4;D5;D8;D9;D13;D14;D15;D17;D19;D20;D23;D21,"Se conserva el objeto riesgo de la muestra fija y se evalúa el iniciador indicado, con impacto bruto y V por dimensión (D15/D19). El máximo conocido determina el resultado. Seguro excluido de los factores (D17); banda sin umbrales.",,pending,,,AN-F8-000;AN-F8-026
EV-8127,S33-R05,S33,riesgo,,,Emiliano,human,8,F8-CIEGA-Emiliano-20261007-01a1172b,metodologia v0.2,protocolo v0.2,2026-10-07,inicial,,,,,,,"precio del cobre, predio rural de 230 ha con 12 km de cerco y poco personal de noche",Intrusión de terceros en el predio con acceso al cableado para sustraer cobre,reposición del cable y bloques sin generar hasta reponerlo.,SPIKES/T-0021/v0/emi41/fichas/S33/S33-R05.md;SPIKES/T-0021/v0/emi41/fichas/S33/empresa.md;SPIKES/T-0021/v0/emi41/fichas/S33/transferencia.md,5,,,inferred,SPIKES/T-0021/v0/emi41/fichas/S33/S33-R05.md#Antes del evento,"Evento se toma como ingreso indebido dirigido al robo:3 robos desde 2024 y un ingreso contenidoagosto 2026. Recurrencia≥1/año, P 5. Cámaras que detectan intrusos después de ingreso no reducen P. Acero cobreado reduce atractivo/exposición pero no hay eficacia preventiva verificada.",1,1,2,assumed,SPIKES/T-0021/v0/emi41/fichas/S33/S33-R05.md#Consecuencias;SPIKES/T-0021/v0/emi41/fichas/S33/empresa.md#Resultados de los tres últimos ejercicios cerrados,"Sin stock preparado: una estación 45 mil+21 d×USD 1,8 mil/día=USD 82,8 mil/RO USD 7,2 M=1,15%, nivel 1. Dos estaciones≈USD 165,6 mil=2,30%, techo 2. Compra normal 3 semanas, no sólo reparación con stock 2–4 d.",2,1,3,assumed,SPIKES/T-0021/v0/emi41/fichas/S33/S33-R05.md#Consecuencias,"Vigiladores que intervienen: lesiones leves como supuesto 2, rango 1–3. Falta tierra no implica electrocución sin una nueva falla eléctrica independiente; no se inventa fatalidad por ese solo dato.",3,2,3,inferred,SPIKES/T-0021/v0/emi41/fichas/S33/S33-R05.md#Consecuencias,Una o dos estaciones:4–8% de potencia. Compra normal 3 semanas: duración 4 menos 1 por degradación=3. Rango 2–3 si reposición puede completarse en≤2 semanas.,1,,,inferred,SPIKES/T-0021/v0/emi41/fichas/S33/S33-R05.md#Consecuencias,"Denuncia contra intrusos, sin sanción regulatoria a empresa:1.",3,3,4,inferred,SPIKES/T-0021/v0/emi41/fichas/S33/S33-R05.md#Después del evento,"Cámaras detuvieron intrusosagosto 2026 pero cubren 60%; noche sin monitoreo de generación, respuesta policial 40 min. Daño parcial importante:3, con 4 por sector no cubierto.",3,2,3,inferred,SPIKES/T-0021/v0/emi41/fichas/S33/S33-R05.md#Después del evento,"Stock repone una estación y actuación 2025 tardó 9 d por cajas; para segunda se compra normalmente. Alternativa parcial 3, con 2 si sólo una estación y repone mayor parte antes.",3,cont,"econ:cont,rec(secuencial);pers:cont;cont:cont,rec(secuencial);legal:cont",cont,false,,false,true,,,medium,"A 6: se adelanta evento de robo consumado a intrusión, para contar actuación contenida y ubicar cámaras en V. Plano dice cámaras sur/oeste pero actuación informa norte: inconsistencia de fuente sin resolver. A 6: daño humano no cuantificado; supuesto 2 sin añadir falla eléctrica independiente.",45,,60,D2;D3;D4;D5;D8;D9;D13;D14;D15;D17;D19;D20;D23,"Se conserva el objeto riesgo de la muestra fija y se evalúa el iniciador indicado, con impacto bruto y V por dimensión (D15/D19). El máximo conocido determina el resultado. Seguro excluido de los factores (D17); banda sin umbrales.",,pending,,,AN-F8-000;AN-F8-027
EV-8128,S36-R03,S36,riesgo,,,Emiliano,human,8,F8-CIEGA-Emiliano-20261007-01a1172b,metodologia v0.2,protocolo v0.2,2026-10-07,inicial,,,,,,,"falla de la instalación eléctrica original, sobrecarga de tomas en aulas y laboratorios, o fuego en la cocina del comedor",ignición dentro del edificio principal en horario de clase,"humo y fuego en pasillos y aulas con alumnos, evacuación de cientos de menores, intoxicación por humo o quemaduras, daño del edificio y suspensión de las clases presenciales.",SPIKES/T-0021/v0/emi41/fichas/S36/S36-R03.md;SPIKES/T-0021/v0/emi41/fichas/S36/empresa.md;SPIKES/T-0021/v0/emi41/fichas/S36/transferencia.md,4,3,4,inferred,SPIKES/T-0021/v0/emi41/fichas/S36/S36-R03.md#Antes del evento,"Último episodioagosto 2023 hace>36 meses:3 (aun si humo sin llama no prueba ignición, permanece antecedente 2017). +1 por estufasportátiles 2026 y sobrecargas nuevas. No se disminuye por 6/14 correcciones sin verificación del conjunto causal.",unknown,2,5,inferred,SPIKES/T-0021/v0/emi41/fichas/S36/S36-R03.md#Consecuencias;SPIKES/T-0021/v0/emi41/fichas/S36/empresa.md#Resultados de los tres últimos ejercicios cerrados,"Sin RO positivo: referencia ingresos anualesUSD 6 M (§4.2). Daño 0,5–1,5 M y reclamos 20–80 mil por internado/150–400 mil por fallecido, sin cantidad defendible. Nivel 2 por daño menor a≥5 con víctimas múltiples; unknown 2–5. Alquiler alternativo no reduce bruto y cuotas siguen; no se suma fuga reputacional de matrícula.",5,,,inferred,SPIKES/T-0021/v0/emi41/fichas/S36/S36-R03.md#Consecuencias,"640–710 personas, hasta 1.000 en cambio de turno, 90 menores de 3–5 años por turno, escaleras abiertas sin sectorización; sin evacuación ni supresión son plausibles muertes múltiples:5.",5,3,5,inferred,SPIKES/T-0021/v0/emi41/fichas/S36/S36-R03.md#Consecuencias,"Escenario bruto con un piso a rehacer 3–6 meses; se elige 5 por duración central>3 meses. Daño sólo humo 1–4 semanas deja rango 3–5, sin usar aulas alternativas.",4,,,inferred,SPIKES/T-0021/v0/emi41/fichas/S36/S36-R03.md#Consecuencias,Clausura y responsabilidad penal con víctimas:4.,3,3,4,inferred,SPIKES/T-0021/v0/emi41/fichas/S36/S36-R03.md#Después del evento,"Simulacrooctubre 2025 dentro de 12 meses con aula que no oyó alarma; extintores y detección sólo parcial, sin rociadores.3 por medidas que limitan parte del daño; techo 4 por alcance insuficiente.",3,,,inferred,SPIKES/T-0021/v0/emi41/fichas/S36/S36-R03.md#Después del evento,"Plataforma y gimnasio propios constituyen alternativa formal parcial sin ensayo integral reciente, nivel 3. Parroquia y club son sólo verbales y no mejoran a 1/2.",≥ 5,pers;cont,"econ:cont,rec(secuencial);pers:cont;cont:cont,rec(secuencial);legal:cont",pers;cont,true,pers;cont,true,true,,"i_econ: Sin RO positivo: referencia ingresos anualesUSD 6 M (§4.2). Daño 0,5–1,5 M y reclamos 20–80 mil por internado/150–400 mil por fallecido, sin cantidad defendible. Nivel 2 por daño menor a≥5 con víctimas múltiples; unknown 2–5. Alquiler alternativo no reduce bruto y cuotas siguen; no se suma fuga reputacional de matrícula.",high,"A 6: denominador económico elegido ingresosUSD 6 M, no RO ni reserva; víctimas y pérdidas sin monto preferible. I económico unknown puede no impedir resultado si Personas 5 domina su cota. Alcance del incendio cambia duración:3–5. Se usa recuperación formal parcial segúnF 5-4 B aun sin plan integral.",60,,80,D2;D3;D4;D5;D8;D9;D13;D14;D15;D17;D19;D20;D23,"Se conserva el objeto riesgo de la muestra fija y se evalúa el iniciador indicado, con impacto bruto y V por dimensión (D15/D19). El máximo conocido determina el resultado y domina la cota desconocida (§9.3). Seguro excluido de los factores (D17); banda sin umbrales.",,pending,,,AN-F8-000;AN-F8-028
EV-8129,S36-R04,S36,riesgo,,,Emiliano,human,8,F8-CIEGA-Emiliano-20261007-01a1172b,metodologia v0.2,protocolo v0.2,2026-10-07,inicial,,,,,,,"personal con antecedentes no verificados, situaciones de trato a solas con alumnos sin supervisión, falta de capacitación en trato con menores","un docente, preceptor o empleado maltrata física, psicológica o sexualmente a un alumno","daño físico o psicológico del alumno, denuncia penal, intervención de la autoridad educativa y de protección de la niñez, reclamo civil de la familia.",SPIKES/T-0021/v0/emi41/fichas/S36/S36-R04.md;SPIKES/T-0021/v0/emi41/fichas/S36/empresa.md;SPIKES/T-0021/v0/emi41/fichas/S36/transferencia.md,4,3,4,inferred,SPIKES/T-0021/v0/emi41/fichas/S36/S36-R04.md#Antes del evento,"Maltrato verbal reiterado 2024 confirmado por 4 familias: antecedente 4. Nuevos certificados y capacitación son parciales y no demuestran por sí eficacia sobre todo el escenario; no se resta 1, aunque se conserva 3 como alternativa por controles posteriores.",2,1,2,assumed,SPIKES/T-0021/v0/emi41/fichas/S36/S36-R04.md#Consecuencias;SPIKES/T-0021/v0/emi41/fichas/S36/empresa.md#Resultados de los tres últimos ejercicios cerrados,"Referencia ingresosUSD 6 M porque no hay RO positivo. Caso supuestoUSD 150 mil de reclamo+USD 40 mil honorarios=190 mil/6 M=3,17%, nivel 2. Extremos 50–460 mil=0,83–7,67%, rango 1–2. Bajas reputacionales de matrícula quedan fuera deI (D 13).",4,2,4,inferred,SPIKES/T-0021/v0/emi41/fichas/S36/S36-R04.md#Consecuencias,"Abuso sexual dentro del escenario puede causar daño psicológico permanente en un alumno:4 por irreversible grave. Rango 2–4 por amplitud física, verbal y sexual; no se afirma que los cuatro niños del antecedente sufran daño permanente.",1,,,inferred,SPIKES/T-0021/v0/emi41/fichas/S36/S36-R04.md#Consecuencias,Clases continúan y se cambia docente:1.,4,3,5,inferred,SPIKES/T-0021/v0/emi41/fichas/S36/S36-R04.md#Consecuencias,Denuncia y sumario; responsabilidad penal posible de directivos por omisión:4. Intervención de conducción podría interpretarse 5 de administración por autoridad; se conserva techo 5 y mínimo 3.,3,2,3,inferred,SPIKES/T-0021/v0/emi41/fichas/S36/S36-R04.md#Después del evento,"Apartamiento en 24 h en 2024 evita reiteración, pero daños previos no se revierten y quejas se detectan tarde;3 como protección parcial.2 alternativo si se acredita alcance acotado.",no_aplica,,,inferred,SPIKES/T-0021/v0/emi41/fichas/S36/S36-R04.md#Después del evento,Daño personal sin activo ni función por reponer: no_aplica.,4,pers;legal,econ:cont;pers:cont;cont:cont;legal:cont,pers;legal,false,,true,true,,,high,"A 7: maltrato verbal/físico/sexual tiene severidad y dinámica distintas. A 6: irreversible psicológico se asimila a daño irreversible grave; rúbrica no explicita salud mental. Intervenir dirección no necesariamente equivale a administración total del colegio: legal 4, rango 3–5. Denominador económico ingresosUSD 6 M.",48,,60,D2;D3;D4;D5;D8;D9;D13;D14;D15;D17;D19;D20;D23;D21,"Se conserva el objeto riesgo de la muestra fija y se evalúa el iniciador indicado, con impacto bruto y V por dimensión (D15/D19). El máximo conocido determina el resultado. Seguro excluido de los factores (D17); banda sin umbrales.",,pending,,,AN-F8-000;AN-F8-029
EV-8130,S37-R03,S37,riesgo,,,Emiliano,human,8,F8-CIEGA-Emiliano-20261007-01a1172b,metodologia v0.2,protocolo v0.2,2026-10-07,inicial,,,,,,,"manejo manual de tableros de 45 a 60 kg, uso de herramientas de mano (formones, cúter, atornilladores), astillas, trabajo en altura baja en obra","un trabajador se corta, se golpea, se le clava una astilla o se lesiona la espalda al levantar","lesión leve que requiere curación o atención médica y, a veces, días de baja. No incluye el contacto con sierras o tupíes (es otro riesgo).",SPIKES/T-0021/v0/emi41/fichas/S37/S37-R03.md;SPIKES/T-0021/v0/emi41/fichas/S37/empresa.md;SPIKES/T-0021/v0/emi41/fichas/S37/transferencia.md,5,,,inferred,SPIKES/T-0021/v0/emi41/fichas/S37/S37-R03.md#Antes del evento,"2–3 denuncias anuales 2023–2025 y una 2026, más lesiones sin registro:5 por recurrencia propia. Estadística sectorial 9,8/100 trabajadores mide lesiones, no directamente probabilidad anual del evento en toda la empresa.",unknown,,,inferred,SPIKES/T-0021/v0/emi41/fichas/S37/S37-R03.md#Consecuencias;SPIKES/T-0021/v0/emi41/fichas/S37/empresa.md#Resultados de los tres últimos ejercicios cerrados,"Referencia RO positivo 2023 USD 160 mil, único ejercicio positivo de los tres (§4.2.2); no se divide por RO negativo 2025. La ficha sólo remite prestaciones aART y no mide horas extra ni costo bruto médico/salarial; falta monto y rango defendible: unknown.",2,2,3,inferred,SPIKES/T-0021/v0/emi41/fichas/S37/S37-R03.md#Consecuencias,"Una persona con cortes, contusiones o esguinces sin secuelas registradas; se usa 2 por lesiones descritas como leves con atención.2–10 d de baja podrían interpretarse incapacidad temporal de 3, pero falta gravedad: techo 3.",1,,,inferred,SPIKES/T-0021/v0/emi41/fichas/S37/S37-R03.md#Consecuencias,Ninguna función se detiene:1.,1,,,inferred,SPIKES/T-0021/v0/emi41/fichas/S37/S37-R03.md#Consecuencias,Denuncia administrativa aART sin inspección ni otra actuación:1.,4,,,inferred,SPIKES/T-0021/v0/emi41/fichas/S37/S37-R03.md#Después del evento,"Botiquín informal, sin lavaojos y traslado propio a 10 min: respuesta débil 4, sin prueba de contención que deje incidente menor.",no_aplica,,,inferred,SPIKES/T-0021/v0/emi41/fichas/S37/S37-R03.md#Después del evento,"No hay producción ni instalación que restablecer; tratar lesión por ART es transferencia, no recuperación: no_aplica.",≥ 2,pers,econ:cont;pers:cont;cont:cont;legal:cont,,false,,false,false,i_econ sin nivel defendible; la cota de una dimensión desconocida puede superar el máximo conocido (§9.3).,"i_econ: Referencia RO positivo 2023 USD 160 mil, único ejercicio positivo de los tres (§4.2.2); no se divide por RO negativo 2025. La ficha sólo remite prestaciones aART y no mide horas extra ni costo bruto médico/salarial; falta monto y rango defendible: unknown.",high,"A 6: ancla Personas 2 dice sin incapacidad y 3 exige lesión grave con incapacidad temporal; lesiones leves con días de baja quedan entre ambas. Se usa 2 con techo 3. A 7: cortes, golpes y esfuerzos agrupados. I económico no se presume cero porque pagueART; falta costo bruto. Techo plausible indeterminado: unknown sin máximo documentado. La cota de validación usaría 5 (§9.5), pero no se registra como techo observado.",,,,D2;D3;D4;D5;D8;D9;D13;D14;D15;D17;D19;D20;D23;D21,"Se conserva el objeto riesgo de la muestra fija y se evalúa el iniciador indicado, con impacto bruto y V por dimensión (D15/D19). La información faltante puede cambiar el máximo: no evaluable según D8/§9.3. Seguro excluido de los factores (D17); banda sin umbrales.",,pending,,,AN-F8-000;AN-F8-030
