evaluacion_id,risk_id,caso_empresa,tipo_objeto,riesgo_padre_id,miembros,evaluador,actor,fase,corrida_id,version_metodologia,version_protocolo,fecha,tipo_evaluacion,evaluacion_anterior_id,motivo,accion_id,accion_cambio_esperado,accion_efecto,accion_brecha_nota,riesgo_causa,riesgo_evento,riesgo_consecuencia,informacion_ref,p_valor,p_min,p_max,p_base,p_evidencia,p_observacion,i_econ_valor,i_econ_min,i_econ_max,i_econ_base,i_econ_evidencia,i_econ_observacion,i_pers_valor,i_pers_min,i_pers_max,i_pers_base,i_pers_evidencia,i_pers_observacion,i_cont_valor,i_cont_min,i_cont_max,i_cont_base,i_cont_evidencia,i_cont_observacion,i_legal_valor,i_legal_min,i_legal_max,i_legal_base,i_legal_evidencia,i_legal_observacion,v_cont_valor,v_cont_min,v_cont_max,v_cont_base,v_cont_evidencia,v_cont_observacion,v_rec_valor,v_rec_min,v_rec_max,v_rec_base,v_rec_evidencia,v_rec_observacion,i_efectivo,i_efectivo_dimensiones,v_aspectos_aplicables,c_dimension_determinante,consecuencia_extrema,consecuencia_extrema_dimensiones,safety_critical,evaluable,motivo_no_evaluable,necesidad_validacion,uncertainty,uncertainty_nota,c_raw,banda,techo_plausible,reglas_aplicadas,justificacion,reputacion_texto,review_status,revisado_por,fecha_revision,anomalias
EV-8-mineria-0001,S07-E01,S07,escenario,,S07-R01;S07-R04,agente-8b-mineria,ai,8,F8-AG-01,metodologia v0.2,protocolo v0.2,2026-10-07,inicial,,,,,,,"Sismo con aceleración en el sitio de 0,25 g o más",El sismo produce a la vez la falla inter-rampa de la pared este (S07-R01) y la falla del muro de relaves con liberación (S07-R04),Personas expuestas en el rajo y aguas abajo al mismo tiempo; respuesta repartida en dos frentes; planta detenida hasta un depósito nuevo (36–54 meses); daño ambiental en 41 km de cauce,v0/emi41/fichas/S07/S07-E01.md; v0/emi41/fichas/S07/empresa.md; v0/emi41/fichas/S07/transferencia.md,1,,2,inferred,EV-S07-090;EV-S07-091;EV-S07-092;EV-S07-093;EV-S07-014,"Jerarquía 1: el estudio de peligro sísmico da 0,25 g con retorno de ~200 años (~0,5% anual) y la materialización conjunta exige además que el muro falle, lo que la ficha no sostiene a 0,25 g (diseño 0,32 g; FS 0,98 sólo con agua 10 m sobre diseño). <5% → 1. Sin antecedentes de fallas conjuntas en la empresa (sismos 2015 y 2021 de 0,08 y 0,11 g) ni en la base internacional. No se aplica +1 por niveles de agua desconocidos porque el dato de jerarquía 1 acota el disparador; techo 2 si el muro estuviera debilitado.",5,,,inferred,EV-S07-045;EV-S07-014,"Suma sin doble conteo: limpieza del cauce USD 400–900 M + talud USD 64,6 M + margen perdido USD 640 M por año durante 36–54 meses. Mínimo > USD 2.000 M frente a RO USD 305 M (>600%) → 5.",5,,,inferred,EV-S07-005;EV-S07-045,"Exposición conjunta: 55 a 59 personas en las zonas de influencia en turno día (15–19 en la pared este, 22 en el muro, 18 a 6 km) más la franja ribereña de la localidad. Sin barreras posteriores, más de una muerte es plausible → 5.",5,,,inferred,empresa.md S07,Planta y extracción detenidas hasta un depósito nuevo: 36 a 54 meses → más de 3 meses → 5.,4,,5,inferred,S07-R04,"Legal conjunto = máximo de los miembros (§10.3.3): suspensión total por las autoridades ambiental y minera, investigación penal → 4; la revocación del permiso es posible, no establecida (techo 5).",4,,,observed,EV-S07-046;EV-S07-094;EV-S07-095,"Frente al escenario conjunto: brigada única de 32 personas que tiene que dividirse, sin ejercicio simultáneo; un solo camino interno (cortado 5 h en 2021); sirenas dependen de la red (6 de 8 sonaron en 2026-08; en 2021 la planta quedó 3 h sin energía); el radar no anticipa una falla sísmica; ayuda mutua nunca ensayada → medidas débiles, el daño se produce casi completo → 4.",5,,,observed,S07-R04;S07-E01,No hay depósito alternativo autorizado ni plan de continuidad para un sismo que afecte más de una instalación; el stock de baja ley no sirve sin planta → nada acorta → 5.,5,econ;pers;cont,"econ:cont,rec(secuencial);pers:cont;cont:cont,rec(secuencial);legal:cont",econ;pers;cont,true,econ;pers;cont,true,true,,Actualizar el análisis de licuefacción con los niveles de agua de 2026; estimar el daño sísmico a planta y campamento.,high,"Nivel de agua actual del sector sur del muro (19 piezómetros sin lecturas) y respuesta del muro a 0,25 g; daño sísmico a planta y campamento sin estimación.",20,,40,D24;§10.2;§10.3;§3.2;§3.3;§4.2;§4.3;§4.4;§4.5;§5.3;§5.4;§5.5;D20;D23,"Escenario de la lista fija evaluado con §10.3 aunque no cumple 'material' (§10.2, A7). P 1 por el dato de peligro sísmico (jerarquía 1); I conjunto en 5 salvo Legal (máximo de miembros); contención débil frente al escenario conjunto y sin recuperación. No entra al ranking (§10.4).",,pending,,,AN-8-mineria-0011
EV-8-mineria-0002,S07-R01,S07,riesgo,,,agente-8b-mineria,ai,8,F8-AG-01,metodologia v0.2,protocolo v0.2,2026-10-07,inicial,,,,,,,"Presión de agua en la roca alterada de la pared este junto a una falla geológica, con ángulo inter-rampa de 42° que el consultor recomendó bajar a 40°",Falla de un talud de escala inter-rampa o mayor en la pared este (fase Este),Material sobre el frente de carguío y la rampa de la fase Este con 15–19 personas y equipos en la zona; limpieza y pérdida del acceso al 45% del mineral durante 5–7 meses,v0/emi41/fichas/S07/S07-R01.md; v0/emi41/fichas/S07/empresa.md; v0/emi41/fichas/S07/transferencia.md,3,,4,observed,EV-S07-010;EV-S07-012;EV-S07-013,"Historia propia de 17 años sin fallas en la pared este (no indica nivel por sí sola). Comparables regionales: cuatro fallas inter-rampa 2021–2025 y una global en 2020 → ancla 3; precursores propios (prisma P-E14 con 85 mm y pico de 12 mm/día, piezómetros 30 m sobre diseño, grieta de 140 m) → también 3. Sin ajuste: las condiciones (agua, drenaje al 55%, bancos a 42°) coinciden con los precursores y no se sabe cómo se comparan con los comparables. Techo 4 si cuenta la falla inter-rampa de la pared oeste de 2025-06 (A6).",4,,,inferred,EV-S07-001;EV-S07-014,"Escenario bruto del consultor: limpieza de 8 Mt USD 21 M + pala y tres camiones USD 43,6 M + margen de contribución perdido 45% × USD 640 M × 6/12 = USD 144 M; total ~USD 209 M / RO USD 305 M = 69% → 4 (con 5 o 7 meses y 6–12 Mt queda entre 57% y 81%).",5,4,,inferred,EV-S07-014,15 a 19 personas en la zona de influencia de la pared este en cualquiera de los dos turnos; una falla de 6 a 12 Mt sobre el frente y la rampa sin evacuación previa (el radar es V) alcanza a varios operadores → más de una muerte plausible → 5 (4 si el alcance quedara en el frente de la pala).,4,,,inferred,EV-S07-014;empresa.md S07,"Extracción: pérdida del 45% de la capacidad durante 5 a 7 meses; molienda con alimentación al 55%. Degradación menor a la mitad: como interrupción de más de 3 meses sería 5, un nivel abajo → 4 (§4.4).",4,,,reported,empresa.md S07,"Con fallecidos: investigación obligatoria, suspensión de tareas en el sector de 30 a 90 días hasta un nuevo estudio, investigación penal por homicidio culposo → suspensión temporal y responsabilidad penal posible → 4.",3,2,4,observed,EV-S07-011;EV-S07-015,"Radar con alarma y plan de evacuación probado (actuación real 2025-06 en la pared oeste: alarma 3 h 10 min antes, 22 personas fuera en 18 min; simulacro 2026-03 en la pared este). Falla parcial: cubre el 85% de la pared, dos cortes de 6 y 11 h en 2026-07 con el área operando, sector sureste sólo con prismas cada 4 h. Evita el daño a las personas en la mayoría de los casos pero no la limpieza, los equipos ni la pérdida de acceso → limita parte del daño y deja pasar una parte importante → 3 (2 si se mirara sólo Personas; 4 si la falla cae en el sector sin radar). Barrera: si fallara, la consecuencia llegaría igual → V.",2,,3,observed,EV-S07-011,"Stock de baja ley (9 Mt) reemplaza el 45% faltante durante ~11 meses, con 38% menos de cobre por tonelada; probado en 2025-06 (planta al 100% de tonelaje 9 días). Restablece la molienda casi enseguida y repone parte del margen; la rampa alternativa no existe y la resecuenciación no está ensayada → 2.",5,pers,"econ:cont,rec(secuencial);pers:cont;cont:cont,rec(secuencial);legal:cont",pers,true,pers,true,true,,,medium,Si cuenta como antecedente la falla de la pared oeste (P 3–4); alcance sobre personas del escenario 6–12 Mt; resultado del ejercicio de rescate 2025-11 sin informe.,45,,80,§2.1;§3.2;§3.3;§4.2;§4.3;§4.4;§4.5;§5.2;§5.3;§5.4;§5.5;D20;D23,"P 3 por comparables y precursores sin antecedentes propios en la pared este; I bruto con varias muertes plausibles y 5–7 meses de degradación; contención probada pero parcial y limitada a personas, recuperación probada con el stock. Determina Personas.",,pending,,,AN-8-mineria-0001;AN-8-mineria-0002
EV-8-mineria-0003,S07-R02,S07,riesgo,,,agente-8b-mineria,ai,8,F8-AG-01,metodologia v0.2,protocolo v0.2,2026-10-07,inicial,,,,,,,"Taco más corto que el de diseño, cavidades o roca fracturada, o carga en exceso en la fila delantera",Proyección de fragmentos de roca más allá del radio de exclusión durante una voladura,Impacto de fragmentos sobre personas en los puntos de bloqueo o áreas vecinas y sobre vehículos y equipos; suspensión de voladuras por la autoridad,v0/emi41/fichas/S07/S07-R02.md; v0/emi41/fichas/S07/empresa.md; v0/emi41/fichas/S07/transferencia.md,5,4,,observed,EV-S07-020;EV-S07-021;EV-S07-022,"Historia propia (unas 9.000 voladuras desde 2014): proyección a 610 m el 2024-04-17, dentro de los últimos 36 meses, sin frecuencia anual → ancla 4 (la de 2022-10 cayó a 340 m, fuera del radio de equipos y dentro del de personas). +1 (§3.4): condiciones que el período de los antecedentes no refleja: emulsión de mayor densidad desde 2025-09 sin estudio de distancias, perfilómetro fuera de servicio 2026-05-10 a 2026-06-28, taco 15–25% bajo diseño en 6 de 40 voladuras auditadas, 11 pozos con cavidades en 2026 → 5.",2,1,,inferred,empresa.md S07,"Bruto: daño de equipos hasta USD 0,4 M + suspensión de voladuras de 10 días sin contar el material volado (V): 45% × USD 1,75 M × 10 = USD 7,9 M + multa hasta USD 2 M → ~USD 8–10 M / RO USD 305 M = 2,7–3,4% → 2. Con el material volado como exposición quedaría <2% (1).",4,3,,inferred,EV-S07-023,Por voladura: 6 vigías en el borde del radio y 0 a 4 personas entre 500 y 800 m sin refugio. Informe del contratista (2024-05): un fragmento de 1 a 10 kg a 500–700 m tiene energía para matar a una persona fuera de un refugio y considera plausible alcanzar a una persona en el borde del radio. La garita es barrera (V). Una muerte plausible → 4; más de una requiere coincidencia.,2,1,,inferred,empresa.md S07,"Extracción: 2 a 3 días con material volado (V) y luego alimentación al 55% hasta levantar la suspensión de 3 a 10 días. Degradación del 45%: como interrupción de 3 a 10 días sería 3, un nivel abajo → 2.",4,,,reported,empresa.md S07,"Con lesionado o fallecido: investigación, suspensión de voladuras hasta aprobar un plan de corrección, multa e investigación penal → 4.",3,,4,assumed,EV-S07-020;sin_evidencia,"Garitas con techo de acero de 12 mm en los 6 puntos de bloqueo (2025-02), sin ensayo de impacto: presentes sin prueba. Personas en áreas vecinas sin refugio (sólo procedimiento de quedarse en vehículos). Ambulancia y paramédico en cada voladura, simulacro 2026-03 a 14 min, hospital a 2 h 40 min: no evita la lesión de un impacto → 3 (4 si la víctima es una persona de área vecina).",2,,,observed,EV-S07-011,Stock de baja ley y material volado acumulado (2–3 días) cubren la alimentación faltante durante una suspensión; stock probado en 2025-06. Sin modelo de plan de corrección para acortar la suspensión → 2.,4,pers;legal,"econ:cont,rec(secuencial);pers:cont;cont:cont,rec(secuencial);legal:cont",pers;legal,false,,true,true,,,medium,Distancias de proyección con la emulsión nueva y resistencia de las garitas sin estudio; si el +1 de P corresponde.,60,,80,§2.1;§3.2;§3.3;§3.4;§4.2;§4.3;§4.4;§4.5;§5.2;§5.3;§5.4;§5.5;D23,Antecedente propio en 36 meses (4) más ajuste +1 por condiciones nuevas (5). Una muerte plausible en el borde del radio; contención sin prueba. Determinan Personas y Legal.,,pending,,,AN-8-mineria-0003;AN-8-mineria-0008
EV-8-mineria-0004,S07-R03,S07,riesgo,,,agente-8b-mineria,ai,8,F8-AG-01,metodologia v0.2,protocolo v0.2,2026-10-07,inicial,,,,,,,"Vehículos livianos en caminos compartidos con camiones de 240 t, punto ciego y fallas en el sistema anticolisión o en las reglas de tránsito",Colisión entre un camión de extracción y un vehículo liviano,Aplastamiento del liviano con sus ocupantes; suspensión del transporte en el rajo de 2 a 4 días; investigación,v0/emi41/fichas/S07/S07-R03.md; v0/emi41/fichas/S07/empresa.md; v0/emi41/fichas/S07/transferencia.md,3,,4,observed,EV-S07-030;EV-S07-031;EV-S07-032,"Historia propia: colisión fatal 2021-11 y contacto camión–camioneta 2024-02 (dentro de 36 meses, sin frecuencia anual) → ancla 4. −1 (§3.4): sistema anticolisión en los 62 camiones desde 2025-09, posterior a los antecedentes y verificado en la auditoría 2026-06 (con 11 de 140 livianos sin dispositivo y sin frenado automático) → 3. Precursores: 24 cuasi-accidentes en 2026. Techo 4 sin el −1.",2,,,reported,EV-S07-034;empresa.md S07,"Liviano USD 60 mil + camión hasta USD 0,3 M + suspensión de 3 días sin acopios (V) 3 × USD 1,75 M = USD 5,3 M + indemnización y costos legales ~USD 0,9 M + multa hasta USD 2 M → USD 6,5–8,5 M / RO USD 305 M = 2,1–2,8% → 2.",4,,5,observed,EV-S07-030;EV-S07-033,"Ocupación media del liviano 1,6 personas (hasta 8 en un furgón); un camión de 240 t aplasta el liviano (2021-11: murió el conductor). Una muerte plausible → 4; más de una requiere un liviano con más ocupantes (techo 5).",2,,3,observed,EV-S07-030,Transporte del rajo detenido 2 a 4 días por la suspensión (3 en 2021); sin acopios la planta se detendría → 1 a 3 días → 2 (techo 3 con 4 días).,4,,,observed,EV-S07-030;empresa.md S07,"Con fallecido: suspensión del transporte hasta aprobar medidas, multa e investigación penal (la de 2021 tiene dos supervisores imputados) → 4.",4,3,,observed,EV-S07-035,"Ambulancia con paramédico y rescate vehicular por turno, simulacro 2026-03 (14 min y extracción a 42 min): probada, pero frente al aplastamiento casi no limita el daño (2021: muerte en el lugar); hospital a 2 h 40 min sin helicóptero → el daño se produce casi completo → 4.",2,,,observed,EV-S07-011;EV-S07-030,Stock de baja ley y material en el chancado: en 2021-11 la planta operó al 70% los 3 días; stock probado en 2025-06. Camión vuelve en 1–3 semanas con 4 en rotación → 2.,4,pers;legal,"econ:cont,rec(secuencial);pers:cont;cont:cont,rec(secuencial);legal:cont",pers;legal,false,,true,true,,,medium,Si corresponde el −1 por un anticolisión con fallas; número de ocupantes; subregistro de cuasi-accidentes de contratistas.,48,,80,§2.1;§3.2;§3.3;§3.4;§4.2;§4.3;§4.4;§4.5;§5.2;§5.3;§5.4;§5.5;D23,Antecedente en 36 meses con −1 por el anticolisión nuevo (3); una muerte plausible; la respuesta médica casi no contiene un aplastamiento. Determinan Personas y Legal.,,pending,,,AN-8-mineria-0004
EV-8-mineria-0005,S07-R04,S07,riesgo,,,agente-8b-mineria,ai,8,F8-AG-01,metodologia v0.2,protocolo v0.2,2026-10-07,inicial,,,,,,,"Presión de agua en el muro de arena cicloneada, laguna cerca del muro o filtraciones (el caso sísmico conjunto va en S07-E01)",Falla del muro del depósito de relaves con liberación de relave,Flujo de 25–40 Mt de relave por la quebrada y el río con personas en el recorrido; daño ambiental en 41 km de cauce; planta detenida sin depósito autorizado 36–54 meses,v0/emi41/fichas/S07/S07-R04.md; v0/emi41/fichas/S07/empresa.md; v0/emi41/fichas/S07/transferencia.md,4,3,,observed,EV-S07-041;EV-S07-042;EV-S07-044,"Historia propia (17 años) sin fallas: no indica nivel. Comparables regionales sin fallas 2000–2025. Sector mundial: 2–5 fallas/año sobre 20.000–30.000 depósitos, sin desagregar (no comparable: no es jerarquía 1). Precursores propios: surgencia de agua turbia 2024-10 y laguna a 210 m del coronamiento durante 26 días en 2025-12 → ancla 3. +1 (§3.4): control preventivo fuera de servicio posterior a los precursores: 19 de 46 piezómetros sin lecturas desde 2026-05, informe trimestral del 2T 2026 no emitido, revisión independiente vencida → 4 (A8).",5,,,inferred,EV-S07-045;empresa.md S07,Limpieza y remediación USD 400–900 M + margen perdido USD 640 M por año durante 36–54 meses + multas → muy por encima del RO de USD 305 M (>100%) → 5.,5,,,reported,EV-S07-005;EV-S07-045,"Frente a la estación de bombeo y el taller (6 km) en 10–14 min con 18 (día) u 8 (noche) personas; 22 o 13 en el muro y la cubeta; familias de la veranada; 60 viviendas ribereñas con flujo de 0,3–1,2 m. Más de una muerte plausible sin barreras posteriores → 5.",5,,,inferred,empresa.md S07,"Molienda, flotación y disposición de relaves detenidas hasta un depósito nuevo: 36 a 54 meses → 5.",4,,5,inferred,empresa.md S07,"Suspensión total de la operación por las autoridades ambiental y minera e investigación penal a directivos → 4; revocación del permiso ambiental posible, no establecida (techo 5).",3,,4,observed,EV-S07-046;EV-S07-047,"Sirenas con disparo automático por caída de presión: 6 de 8 sonaron en 2026-08 (falla parcial). Evacuación de la estación probada (simulacro 2026-02, 9 min frente a 10–14 de llegada); plan con la localidad ensayado (2025-11, 62% de participación, 38 min frente a 3–4 h). Veranada sin sirena ni prueba de radio; personal del muro sin simulacro. Limita el daño a personas en parte; no contiene el flujo de relave ni el daño ambiental → 3.",5,,,observed,S07-R04,"No hay depósito alternativo autorizado ni en trámite, ni disposición transitoria estudiada, ni plan de remediación de cauce → 5.",5,econ;pers;cont,"econ:cont,rec(secuencial);pers:cont;cont:cont,rec(secuencial);legal:cont",econ;pers;cont,true,econ;pers;cont,true,true,,Lecturas actuales de los 19 piezómetros del sector sur y caudales del drenaje basal; informe del ingeniero de registro 2T 2026.,high,Lecturas de 19 piezómetros y del drenaje basal desde 2026-04/05; indemnizaciones a terceros; nivel de P con la regla de ajuste frente a la tasa sectorial.,60,,80,§2.1;§3.2;§3.3;§3.4;§4.2;§4.3;§4.4;§4.5;§5.2;§5.3;§5.4;§5.5;D20;D23,"Precursores propios (3) más +1 por instrumentación fuera de servicio (4, A8). Consecuencia extrema en tres dimensiones; contención parcial sólo para personas y sin recuperación. Determinan Económico, Personas y Continuidad.",,pending,,,AN-8-mineria-0005
EV-8-mineria-0006,S07-R05,S07,riesgo,,,agente-8b-mineria,ai,8,F8-AG-01,metodologia v0.2,protocolo v0.2,2026-10-07,inicial,,,,,,,"Aluvión en la toma o la traza, congelamiento o falla de bombas en una estación",Corte de la captación o rotura de una línea del acueducto que interrumpe la llegada de agua fresca,Detención o reducción de molienda y flotación hasta reparar la toma o la línea (1 a 10 días),v0/emi41/fichas/S07/S07-R05.md; v0/emi41/fichas/S07/empresa.md; v0/emi41/fichas/S07/transferencia.md,5,,,observed,EV-S07-050,"Historia propia: una interrupción por año en 2023, 2024, 2025 y 2026 (2023-01, 2024-07, 2025-07, 2026-02) → al menos una por año en los últimos tres años → 5. Sin ajuste: la calefacción renovada en una estación (2024-11) no tiene verificación de efecto y las dos quebradas sin defensa ya estaban.",2,1,,observed,EV-S07-053;empresa.md S07,"Bruto sin redundancia ni pileta (V): planta detenida 7 días × USD 1,75 M = USD 12,3 M + reparación USD 0,3–1,2 M → ~USD 13 M / RO USD 305 M = 4,3% → 2 (con 30 h queda <2%).",1,,,observed,S07-R05,No hay personas expuestas por el corte en sí → 1.,3,2,,observed,EV-S07-050,"Molienda y flotación detenidas mientras dura la reparación: registro de 30 h a 6 días, hasta 10 días con nieve; escenario de la ficha 7 días → más de 3 días → 3.",1,,,reported,S07-R05,Sin sanción prevista por el corte → 1.,2,1,,observed,EV-S07-052,"Segunda línea (68% de la demanda) y pileta de 180.000 m³ hacen que la planta no llegue a detenerse (contención por F5-2): ensayo 2026-03 de 72 h al 100% y actuaciones reales 2025-07 (6 días al 100%) y 2023-01 (30 h sin captación al 100%). Telemetría con aislación en 12 min. Un corte de la toma común de más de 5,5 días supera la pileta → 2.",3,,,observed,EV-S07-053,"Repuestos (600 m de cañería, dos bombas por estación) y contratista con respuesta en 24 h (cumplido en 2025-07); no acortan mucho la reparación normal (4–10 días) → alternativa parcial formal → 3.",3,cont,"econ:cont,rec(secuencial);pers:cont;cont:cont,rec(secuencial);legal:cont",cont,false,,false,true,,,low,,30,,30,§2.1;§3.3;§4.2;§4.4;§5.1;§5.2;§5.3;§5.4;§5.5,Evento anual (5); I bruto moderado; la redundancia probada es contención por F5-2. Determina Continuidad.,,pending,,,AN-8-mineria-0006
EV-8-mineria-0007,S07-R06,S07,riesgo,,,agente-8b-mineria,ai,8,F8-AG-01,metodologia v0.2,protocolo v0.2,2026-10-07,inicial,,,,,,,"Fatiga en la raíz de los dientes de la corona, con indicación de fisura detectada en 2026-07",Rotura de la corona dentada del molino SAG,La planta no puede moler hasta reparar o reemplazar la corona: 14–16 meses más 3 semanas a plazo normal,v0/emi41/fichas/S07/S07-R06.md; v0/emi41/fichas/S07/empresa.md; v0/emi41/fichas/S07/transferencia.md,3,2,4,observed,EV-S07-060;EV-S07-061;EV-S07-012;EV-S07-062,"Sin roturas propias en 17 años. Comparable regional con rotura en 2022 → ancla 3; precursores propios: fisura de 18 mm en 2 dientes (2026-07) y vibración +30% en el piñón 2 → 3. Boletín del fabricante (9 roturas en ~400 molinos en 10 años) sin edad ni carga: tratado como sector. Sin ajuste neto: el torque bajó a 95% (recomendado 90%) y hay ultrasonido semanal sin crecimiento, pero no está verificado que actúen sobre la fatiga; rango 2–4.",5,,,reported,EV-S07-004;empresa.md S07,Corona USD 9 M + montaje USD 2 M + margen perdido a plazo normal ~USD 800 M (15 meses) = ~USD 811 M / RO USD 305 M = 266% → 5.,1,,,reported,EV-S07-060,Dos operadores por turno fuera del cerco del accionamiento; no hay daño a personas previsto → 1.,5,,,reported,EV-S07-004,Molienda y flotación 100% detenidas de 14 a 16 meses más 3 semanas → 5.,1,,,reported,S07-R06,Sin consecuencias regulatorias; los contratos admiten fuerza mayor → 1.,4,3,,observed,S07-R06,"Disparo automático por vibración, probado mensualmente (2026-09-02 correcto): evita daño secundario a piñones y motor, pero no la detención de la planta, que es casi todo el daño bruto → el daño se produce casi completo → 4 (3 si se valora la medida probada sobre el equipo).",3,,4,reported,EV-S07-064;EV-S07-065;EV-S07-066,"Corona de repuesto comprada, entrega 2027-03 (40% de avance): si rompe antes, la planta espera hasta 2027-03 más montaje (acorta 15 meses a ~6). Molienda sin SAG al 22–28% (2019, no repetida: sin prueba en 3 años). Chancado móvil al 35% sin contrato. Alternativa parcial formal sin prueba → 3.",5,econ;cont,"econ:cont,rec(secuencial);pers:cont;cont:cont,rec(secuencial);legal:cont",econ,true,econ;cont,false,true,,,medium,Crecimiento de la fisura y efecto del torque al 95%; fecha real de entrega de la corona de repuesto.,60,,80,§2.1;§3.2;§3.3;§3.4;§4.2;§4.4;§5.2;§5.3;§5.4;§5.5;D20,Comparable y precursor propio (3). Consecuencia extrema económica y de continuidad; contención irrelevante para la detención y recuperación parcial sin prueba. Determina Económico.,,pending,,,AN-8-mineria-0007;AN-8-mineria-0002
EV-8-mineria-0008,S07-R07,S07,riesgo,,,agente-8b-mineria,ai,8,F8-AG-01,metodologia v0.2,protocolo v0.2,2026-10-07,inicial,,,,,,,"Pérdida de aceite hidráulico o combustible sobre turbo o escape, o falla eléctrica en el compartimiento del motor",Ignición en un camión de extracción de 240 t,"Daño o pérdida del camión, exposición del operador al fuego y al humo durante la salida, un camión menos en la flota 10–14 meses",v0/emi41/fichas/S07/S07-R07.md; v0/emi41/fichas/S07/empresa.md; v0/emi41/fichas/S07/transferencia.md,5,,,observed,EV-S07-070,"Historia propia: 4 igniciones en 2023, 3 en 2024, 5 en 2025 y 2 en 2026 (a septiembre) → más de una por año → 5.",2,1,,inferred,EV-S07-003;empresa.md S07,"Bruto sin supresión ni flota de reserva (V): pérdida total USD 5,2 M + 1,6% menos de transporte durante ~12 meses (~USD 10 M de margen si baja el tonelaje) → ~USD 15 M / RO USD 305 M = 5% → 2 (sólo el camión: 1,7% → 1).",3,2,4,inferred,EV-S07-070,"Un operador que baja por una escalera de 6 m con fuego en el compartimiento del motor, y el operador de la pala si está en carguío. Sin supresión, quemaduras o inhalación con internación son plausibles → 3 (precedente 2024: atención por humo; techo 4).",4,,,reported,S07-R07,"Transporte de mineral: un camión menos de 62 (1,6% de la capacidad) durante 10 a 14 meses sin la flota de reserva (V). Degradación menor a la mitad: §4.4 la evalúa un nivel por debajo de la misma duración como interrupción (más de 3 meses = 5) → 4, sin umbral mínimo de degradación (A8); si se lee como no interrupción, 1.",2,,,reported,empresa.md S07,"Con lesionados: denuncia a la autoridad minera y a la ART, acta e informe de causa → 2.",2,,,observed,EV-S07-071;EV-S07-073,Supresión automática en los 62 camiones con 8 actuaciones reales exitosas 2023–2026; prueba funcional 2026-05 con 58 de 62 correctos; una reignición en 2025 terminó en pérdida total; brigada a 12 min; simulacro de evacuación de cabina 2026-04 → probadas que limitan el daño a un equipo → 2.,1,,,observed,EV-S07-070,Flota en rotación: tras la pérdida total de 2025 la flota mantuvo el movimiento planificado (actuación real) → 1.,4,cont,"econ:cont,rec(secuencial);pers:cont;cont:cont,rec(secuencial);legal:cont",pers,false,,false,true,,,low,,30,,40,§2.1;§3.3;§4.2;§4.3;§4.4;§4.5;§5.2;§5.3;§5.4;§5.5,Igniciones varias veces por año (5); lesión grave del operador plausible; supresión probada. Determina Personas.,,pending,,,AN-8-mineria-0008;AN-8-mineria-0010
EV-8-mineria-0009,S07-R08,S07,riesgo,,,agente-8b-mineria,ai,8,F8-AG-01,metodologia v0.2,protocolo v0.2,2026-10-07,inicial,,,,,,,Captación de agua fresca por encima del promedio anual permitido en 2025 por baja recuperación de agua,Resolución sancionatoria de la autoridad ambiental en el sumario abierto en 2026-04,"Multa, plan de adecuación con tope de captación de 380 L/s durante 12 meses y reducción del tonelaje mientras dure el tope",v0/emi41/fichas/S07/S07-R08.md; v0/emi41/fichas/S07/empresa.md; v0/emi41/fichas/S07/transferencia.md,4,,5,observed,EV-S07-082;EV-S07-083,"Sin sanciones propias (2024-05 fue un requerimiento sin multa). Comparables: tres sanciones por exceso de captación en la provincia 2019–2025 → ancla 3; el acta de infracción 2026-04 es precursor → 3. +1 (§3.4): sumario abierto con resolución dentro de los 12 meses (vence 2026-12 a 2027-03) y captación de invierno 2026 de 406 L/s, sobre el permiso → 4 (A8: ningún sumario igual se cerró sin sanción).",2,,,inferred,EV-S07-084,"Multa USD 0,8–2,5 M + margen perdido por el tope ~USD 19 M + costos legales USD 0,2 M = ~USD 21,5 M / RO USD 305 M = 7% → 2.",1,,,reported,S07-R08,No hay daño a personas → 1.,3,2,4,inferred,EV-S07-084,"Molienda: 3% menos de tonelaje anual, concentrado en invierno (hasta 9% en julio). Degradación menor a la mitad: como interrupción de unos 3 meses sería 4, un nivel abajo → 3 (A8).",3,,,observed,EV-S07-082,Sanción formal con plan de adecuación obligatorio bajo inspección → 3; la reincidencia es otro evento.,4,,,reported,S07-R08,"Recurso administrativo y judicial de 12 a 24 meses que no suspende el tope salvo cautelar; la reserva de USD 1,5 M es presupuesto, no contención → medidas débiles → 4.",4,,,observed,EV-S07-085,Espesador de alta densidad sin aprobación (14 meses desde la aprobación); reubicación de barcazas 2026-06 subió la recuperación sólo de 62% a 63% → cubre poco → 4.,3,cont;legal,"econ:cont,rec(secuencial);pers:cont;cont:cont,rec(secuencial);legal:cont",cont;legal,false,,false,true,,,medium,Monto de la multa y si la autoridad impone el tope; P limitado por la regla de ajuste.,48,,80,§2.1;§3.3;§3.4;§4.2;§4.4;§4.5;§5.3;§5.4;§5.5,Precursor y comparables (3) más +1 por el sumario abierto (4). Degradación leve pero prolongada y sanción formal; ni contención ni recuperación efectivas. Determinan Continuidad y Legal.,,pending,,,AN-8-mineria-0009;AN-8-mineria-0010
EV-8-mineria-0010,S08-R01,S08,riesgo,,,agente-8b-mineria,ai,8,F8-AG-01,metodologia v0.2,protocolo v0.2,2026-10-07,inicial,,,,,,,"Cuñas definidas por fallas, roca de mala calidad, sostenimiento que no corresponde a la roca real o redistribución de esfuerzos",Colapso del techo o de las cajas de una labor con caída de cientos a miles de toneladas,Personas y equipos atrapados o sepultados; cierre del sector 3–6 semanas; suspensión de la mina por la autoridad con un fallecido,v0/emi41/fichas/S08/S08-R01.md; v0/emi41/fichas/S08/empresa.md; v0/emi41/fichas/S08/transferencia.md,4,,5,observed,EV-S08-010;EV-S08-013;EV-S08-014,"Historia propia: caída de una cuña de 400 t en una galería del nivel −440 el 2025-03-11 (dentro de 36 meses) y colapso de 3.000 t en 2022-09; sin frecuencia anual → 4. Comparables: un derrumbe fatal en cada una de dos minas (2019, 2023). Precursores: 4 de 9 extensómetros sobre el umbral, 17 reportes de ruido de roca. Sin ajuste: no está escrito que los 3 frentes con sostenimiento de menor clase sean nuevos respecto del período; techo 5 si lo son.",3,2,,inferred,EV-S08-010;empresa.md S08,"Con un fallecido: equipo hasta USD 1,4 M + rehabilitación USD 0,4–0,8 M + sector cerrado 35 días 20% × USD 0,35 M = USD 2,5 M + mina suspendida 5–15 días USD 1,75–5,25 M + indemnización USD 0,5–1,5 M → USD 6,6–11,5 M / RO 2025 USD 52 M = 13–22% → 3 (sin fallecido ~9%: 2).",4,,5,inferred,EV-S08-002;EV-S08-013,"De 2 a 6 personas por labor activa (3 o 4 en una galería de producción). Comparables: un fallecido por derrumbe en cada mina. Una muerte plausible → 4; más de una si el colapso cubre toda la labor (techo 5). Los tajeos vacíos con barrera física no tienen personas (exposición, §2.3).",3,,,inferred,empresa.md S08,"Con fallecido, toda la mina detenida 5–15 días → 3; el sector −440/−520 (20%) cerrado 3–6 semanas es degradación menor a la mitad (4 − 1 = 3) → 3.",4,,,reported,empresa.md S08,"Con un fallecido: suspensión de la mina, multa e investigación penal → 4.",4,3,,observed,EV-S08-016,"Brigada de 12 por turno con equipo de rescate; simulacro 2026-05 con llegada a la persona en 4 h; cable radiante en 80% (−500 y −520 sin cobertura); ubicación sólo por nivel; hospital a 2 h. Frente a cientos de toneladas sobre las personas y el equipo, el daño se produce casi completo → 4.",3,2,,observed,EV-S08-010,"Otros 12 tajeos: el plan permite compensar la mitad de un sector cerrado en 1–2 semanas (hecho en 2025-03, producción del mes al 93%): probada pero cubre sólo una parte; no acorta la suspensión de la mina → 3.",4,pers;legal,"econ:cont,rec(secuencial);pers:cont;cont:cont,rec(secuencial);legal:cont",pers;legal,false,,true,true,,,medium,Cuántas personas hay en cada labor (la ubicación sólo da el nivel); duración de la suspensión de la autoridad.,64,,100,§2.1;§3.2;§3.3;§3.4;§4.2;§4.3;§4.4;§4.5;§5.2;§5.3;§5.4;§5.5;D23,Antecedente propio en 36 meses (4); una muerte plausible; contención casi nula frente al aplastamiento. Determinan Personas y Legal.,,pending,,,AN-8-mineria-0018;AN-8-mineria-0014
EV-8-mineria-0011,S08-R02,S08,riesgo,,,agente-8b-mineria,ai,8,F8-AG-01,metodologia v0.2,protocolo v0.2,2026-10-07,inicial,,,,,,,"Roca suelta en techo o cajas después de la voladura, desatado incompleto o trabajo bajo techo sin sostener",Desprendimiento de una roca que golpea a un trabajador,Lesión o muerte del trabajador alcanzado; suspensión del frente 2–5 días,v0/emi41/fichas/S08/S08-R02.md; v0/emi41/fichas/S08/empresa.md; v0/emi41/fichas/S08/transferencia.md,4,,,observed,EV-S08-020;EV-S08-021,"Historia propia: 2023-11 (fractura de clavícula) y 2025-08 (golpe en el hombro), dos en los últimos 36 meses, menos de una por año → 4. Precursores: 108 caídas sin personas 2024–2026. Sin ajuste: el desatado manual del 30% y el único desatador ya estaban en el período; la malla de 2024 es anterior al evento de 2025-08.",2,1,,reported,EV-S08-024,"Con un fallecido: indemnización y costos legales USD 0,5–1,5 M + multa hasta USD 1 M + frente suspendido 2–5 días (~USD 0,1 M) → hasta ~USD 2,6 M / RO USD 52 M = 5% → 2.",4,3,,inferred,EV-S08-023,Una persona en el frente; una roca de más de 20 kg desde 4 m puede matar aunque use casco (informe de seguridad 2024); las caídas son la primera causa de fatales del sector. Una muerte plausible → 4.,1,,2,reported,EV-S08-024,"Un frente de 14–18 suspendido 2–5 días; el resto de la mina sigue: degradación menor (2–3 días como interrupción = 2, menos 1) → 1.",4,,,reported,empresa.md S08,"Con un fallecido: investigación, suspensión del frente, multa e investigación penal → 4.",4,,,observed,EV-S08-021,"Botiquín y camilla por nivel; 40% del personal con curso vigente; paramédico en superficie; actuación real 2023-11: superficie a 55 min, hospital a 3 h 20 min. No evita la lesión del golpe → el daño se produce casi completo → 4.",no_aplica,,,reported,S08-R02,La consecuencia es la lesión o muerte de una persona; no hay activos que reponer y la extracción sigue en los demás frentes → no_aplica (§5.5.2).,4,pers;legal,econ:cont;pers:cont;cont:cont;legal:cont,pers;legal,false,,true,true,,,low,,64,,64,§2.1;§3.3;§4.2;§4.3;§4.4;§4.5;§5.3;§5.5;D23,Dos antecedentes en 36 meses (4); una muerte plausible; la atención médica no contiene el golpe; recuperación no_aplica. Determinan Personas y Legal.,,pending,,,AN-8-mineria-0018;AN-8-mineria-0017
EV-8-mineria-0012,S08-R03,S08,riesgo,,,agente-8b-mineria,ai,8,F8-AG-01,metodologia v0.2,protocolo v0.2,2026-10-07,inicial,,,,,,,"Falla del rodamiento o de la aislación del motor del ventilador principal, o corte de energía sin arranque de los generadores",Detención del ventilador principal que extrae el aire por el único pique,"Acumulación de gases con 80–95 personas adentro, evacuación y extracción detenida hasta reparar (1–4 días rodamiento; 5–14 semanas motor)",v0/emi41/fichas/S08/S08-R03.md; v0/emi41/fichas/S08/empresa.md; v0/emi41/fichas/S08/transferencia.md,4,,,observed,EV-S08-030;EV-S08-031,"Historia propia: detención de 40 min el 2024-01 (dentro de 36 meses) y de 9 h en 2021-06 → 4. +1 por degradación observada que el período no refleja (vibración +40%, partículas en aceite, índice de polarización 1,6 < 2,0) y −1 por la transferencia automática a generadores reparada después de 2024-01 y probada en 2026-07 (4 min): se compensan → 4.",3,2,4,reported,EV-S08-004;EV-S08-033,"Escenario de falla del motor con rebobinado a plazo normal: 35 días × USD 0,35 M = USD 12,3 M + USD 0,4 M = USD 12,7 M / RO USD 52 M = 24% → 3. Con rodamiento (1–4 días) ~2; con motor nuevo (56–98 días) 40–68% → 4.",4,3,5,inferred,EV-S08-032,"95 (día) u 80 (noche) personas en interior mina; CO a 50 ppm en 45 min con equipos en marcha; los gases de voladura no se diluyen en los frentes ciegos. Una intoxicación fatal en un frente ciego es plausible → 4; muertes múltiples si nadie evacúa (techo 5, A11).",4,2,,reported,EV-S08-004,"Extracción detenida 5 semanas (rebobinado) → más de 2 semanas → 4; con rodamiento, 1–4 días (2).",4,2,,reported,S08-R03,"Con intoxicados: investigación, multa y posible suspensión de la mina hasta verificar la ventilación → 4 (sin intoxicados, notificación: 2).",3,2,4,observed,EV-S08-034;EV-S08-035;EV-S08-036;EV-S08-037,"Alarma por caída de presión; simulacro 2026-04: 92 personas en superficie a 38 min, 4 de un frente del −520 sin aviso por radio (falla parcial); autorrescatadores vigentes; ventilador de respaldo (60%) en marcha a 6 min (prueba 2026-07); refugios sin verificación de oxígeno, absorbentes ni aire comprimido. Limita el daño a personas pero no evita la detención de la mina → 3.",3,,,observed,EV-S08-037,"Operación con el ventilador de respaldo: producción al 55% (prueba real 2025-10, 3 días). Sin motor de repuesto ni acuerdo de prioridad con el taller ni plan de continuidad → probada que cubre sólo una parte → 3.",4,pers;cont;legal,"econ:cont,rec(secuencial);pers:cont;cont:cont,rec(secuencial);legal:cont",pers;cont;legal,false,,true,true,,,high,Qué causa es la plausible (rodamiento o motor) cambia la duración en dos niveles; capacidad real de los refugios; modelación de gases desactualizada.,48,,80,§2.1;§3.3;§3.4;§4.2;§4.3;§4.4;§4.5;§5.1;§5.2;§5.3;§5.4;§5.5;D23,"Antecedente en 36 meses con ajustes que se compensan (4); escenario de falla del motor; una muerte plausible por gases. Determinan Personas, Continuidad y Legal.",,pending,,,AN-8-mineria-0018;AN-8-mineria-0012;AN-8-mineria-0013;AN-8-mineria-0014
EV-8-mineria-0013,S08-R04,S08,riesgo,,,agente-8b-mineria,ai,8,F8-AG-01,metodologia v0.2,protocolo v0.2,2026-10-07,inicial,,,,,,,"Pérdida de aceite o combustible sobre superficies calientes, falla eléctrica o recalentamiento de frenos en la rampa",Ignición en un equipo diésel de interior mina,"Humo llevado por la ventilación a las labores; si es en la rampa, 60–70 personas sin salida en vehículo; daño al equipo y la rampa; mina detenida",v0/emi41/fichas/S08/S08-R04.md; v0/emi41/fichas/S08/empresa.md; v0/emi41/fichas/S08/transferencia.md,4,,5,observed,EV-S08-040;EV-S08-013,Historia propia: principio de incendio en un cargador en 2025-11 (dentro de 36 meses) e incendio en la rampa en 2023-05 → 4. Comparables: 5 incendios en tres minas 2020–2025. Sin ajuste: no está escrito que el atraso de 31% en inspecciones de mangueras sea nuevo respecto del período; techo 5 si lo es.,4,3,,inferred,EV-S08-040;EV-S08-041,"Con fallecidos: suspensión 15–45 días (precedente regional 38) × USD 0,35 M = USD 5,3–15,8 M + rampa USD 0,5–2 M + equipo hasta USD 1,4 M + indemnizaciones USD 0,5–1,5 M por persona. Con 38 días y dos fallecidos ~USD 18 M / RO USD 52 M = 35% → 4 (con 15 días, 3).",5,,,inferred,EV-S08-002;EV-S08-041,Un incendio en la rampa lleva el humo a todas las labores y corta la salida en vehículo y el acceso a la escalera de escape para 70 (día) o 60 (noche) personas por debajo del −300; comparable regional con un fallecido por humo (2021). Más de una muerte plausible → 5.,4,,,inferred,EV-S08-041,"Con fallecidos, mina suspendida 15–45 días → más de 2 semanas → 4 (sin fallecidos, 4 días a 3 semanas).",4,,,reported,empresa.md S08,"Con fallecidos: suspensión de la mina, multa, investigación penal de directivos → 4.",3,,4,observed,EV-S08-043;EV-S08-034;EV-S08-044;EV-S08-035;EV-S08-036,"Supresión en 36 de 42 equipos, 33 de 36 correctos (2026-03); en 2023-05 descargó y no apagó los neumáticos; brigada con respiración autónoma (fuego apagado a 35 min en 2023, actuación de hace más de 3 años). Simulacro de incendio en la rampa 2025-09: 12 personas sin lugar en refugios; 56 lugares para ~70; inventario de oxígeno y absorbentes sin verificar desde 2025-08; autorrescatadores vigentes. Limita parte del daño y deja pasar una parte importante → 3.",4,,,observed,EV-S08-040,"Equipos de reserva (2 cargadores, 1 camión), contratista para reparar la rampa (4 días en 2023, hace más de 3 años) y 3 días de stock en superficie; nada acorta una suspensión de la autoridad de 15–45 días → cubre poco → 4.",5,pers,"econ:cont,rec(secuencial);pers:cont;cont:cont,rec(secuencial);legal:cont",pers,true,pers,true,true,,,medium,Capacidad real de los refugios; ubicación plausible del incendio (rampa o nivel); propagación de humo sin modelar.,60,,100,§2.1;§3.3;§4.2;§4.3;§4.4;§4.5;§5.2;§5.3;§5.4;§5.5;D20;D23,Antecedente en 36 meses (4); humo en la rampa con muertes múltiples plausibles; contención parcial con refugios insuficientes. Determina Personas.,,pending,,,AN-8-mineria-0013;AN-8-mineria-0014
EV-8-mineria-0014,S08-R05,S08,riesgo,,,agente-8b-mineria,ai,8,F8-AG-01,metodologia v0.2,protocolo v0.2,2026-10-07,inicial,,,,,,,Frente de desarrollo que corta una falla con agua a presión sin sondaje adelantado,Irrupción súbita de agua y barro en la labor,Personas del frente alcanzadas; inundación de los niveles −480 a −520; pérdida de equipos y 2–4 meses de desagote y rehabilitación,v0/emi41/fichas/S08/S08-R05.md; v0/emi41/fichas/S08/empresa.md; v0/emi41/fichas/S08/transferencia.md,5,3,,observed,EV-S08-050;EV-S08-051;EV-S08-052,"Historia propia: ingreso de agua de 5 a 45 L/s en 2 h el 2024-12 (dentro de 36 meses) → 4. Comparable de 2018 (fuera de 5 años). +1 (§3.4) por cambio de exposición que el período no refleja: frente del −500 a 30 m de la falla Norte con agua a 18 bar, goteo de 0,5 a 3 L/s, 22% de avances sin sondaje adelantado y modelo hidrogeológico sin la falla → 5. Si 2024-12 no es antecedente, precursores → 3 (+1 = 4).",3,,4,inferred,EV-S08-053,"Equipos USD 4,1 M + bombas y sellado USD 0,8–1,5 M + 15% × USD 0,35 M × 90 días = USD 4,7 M → USD 9,6–10,3 M / RO USD 52 M = 19–20% → 3; el atraso del plan 2027 (2–4 meses de los niveles inferiores, sin valorizar) puede llevarlo a 4.",4,,5,inferred,EV-S08-053,"4 personas del contratista en el frente, a 300 m del −460 por una galería ascendente; caudal inicial de 200–400 L/s con barro. Una muerte plausible → 4; las cuatro juntas en el frente (techo 5).",3,,,inferred,EV-S08-053,"Extracción: 15% menos durante 2 a 4 meses; degradación menor a la mitad: como interrupción sería 4, un nivel abajo → 3.",4,2,,reported,empresa.md S08,"Con fallecido: investigación, suspensión del sector e investigación penal → 4 (sin lesionados, notificación: 2).",4,,,observed,EV-S08-050;EV-S08-054,Sensores de nivel con alarma; evacuación sin simulacro de irrupción; inyección de lechada probada en 2024-12 para 45 L/s (no para 200–400 L/s); bomba móvil de 60 L/s nunca bajada; sin puertas estancas → medidas débiles → 4.,4,,,reported,S08-R05,"Bombas en alquiler en 10–15 días sin contrato; plan minero alternativo para compensar la mitad desde el segundo mes, no escrito → capacidad no formal que cubre poco → 4.",4,pers;legal,"econ:cont,rec(secuencial);pers:cont;cont:cont,rec(secuencial);legal:cont",pers;legal,false,,true,true,,,high,Si el ingreso de 2024-12 es antecedente; caudal real de la falla Norte; modelo hidrogeológico sin actualizar.,80,,100,§2.1;§3.2;§3.3;§3.4;§4.2;§4.3;§4.4;§4.5;§5.3;§5.4;§5.5;D23,Antecedente propio más +1 por acercarse a la falla Norte (5); una muerte plausible en el frente; contención y recuperación débiles. Determinan Personas y Legal.,,pending,,,AN-8-mineria-0015
EV-8-mineria-0015,S08-R06,S08,riesgo,,,agente-8b-mineria,ai,8,F8-AG-01,metodologia v0.2,protocolo v0.2,2026-10-07,inicial,,,,,,,Personas a pie en la rampa con poca visibilidad y equipos de bajo perfil con punto ciego,Un equipo o camión golpea a una persona a pie en la rampa,Lesión o muerte de la persona atropellada; rampa cerrada un turno,v0/emi41/fichas/S08/S08-R06.md; v0/emi41/fichas/S08/empresa.md; v0/emi41/fichas/S08/transferencia.md,3,,,observed,EV-S08-060;EV-S08-061,Historia propia: atropello en 2022-07 (hace más de 3 años) → 3; precursores: 12 cuasi-atropellos 2024–2026 → 3. Sin ajuste: no está escrito cuándo se instaló la detección de proximidad (22 de 42 equipos) ni que los desvíos de permisos sean nuevos.,2,1,,reported,S08-R06,"Con un fallecido: indemnización USD 0,5–1,5 M + multa hasta USD 1 M + un turno USD 0,18 M → hasta ~USD 2,7 M / RO USD 52 M = 5% → 2.",4,3,,inferred,S08-R06,Una persona a pie (hasta 2 o 3 en una tarea de mantenimiento); un camión de 60 t a 15 km/h puede matar → una muerte plausible → 4.,1,,3,reported,S08-R06,Rampa cerrada un turno → menos de 1 día → 1; la autoridad puede suspender el tránsito hasta aprobar medidas (no ocurrió en 2022-07; techo 3).,4,,,reported,S08-R06,"Con un fallecido: investigación, multa, investigación penal y posible suspensión del tránsito → 4.",4,,,observed,EV-S08-060,"Paramédico en superficie, traslado de 20 min desde mitad de rampa (2022-07: superficie a 25 min, hospital a 2 h 50 min); no evita el golpe → el daño se produce casi completo → 4.",no_aplica,,,reported,S08-R06,No hay activos dañados; la rampa vuelve a operar al turno siguiente → no_aplica (§5.5.2).,4,pers;legal,econ:cont;pers:cont;cont:cont;legal:cont,pers;legal,false,,true,true,,,low,,48,,48,§2.1;§3.3;§4.2;§4.3;§4.4;§4.5;§5.3;§5.5;D23,Antecedente de más de 3 años y precursores (3); una muerte plausible; contención casi nula. Determinan Personas y Legal.,,pending,,,AN-8-mineria-0018;AN-8-mineria-0017
EV-8-mineria-0016,S08-R07,S08,riesgo,,,agente-8b-mineria,ai,8,F8-AG-01,metodologia v0.2,protocolo v0.2,2026-10-07,inicial,,,,,,,"Reingreso antes de diluir los gases, detector sin calibrar, ventilación auxiliar desconectada o gases que pasan a una labor vecina",Trabajadores que inhalan CO y óxidos de nitrógeno por encima de los límites,"Intoxicación aguda, desde síntomas leves hasta edema pulmonar o muerte",v0/emi41/fichas/S08/S08-R07.md; v0/emi41/fichas/S08/empresa.md; v0/emi41/fichas/S08/transferencia.md,4,,5,observed,EV-S08-070;EV-S08-071,"Historia propia: 2024-03 (dos con síntomas) y 2026-02-09 (internación), dos en los últimos 36 meses, menos de una por año → 4. Las 67 alarmas de CO >25 ppm al reingreso se tomaron como precursores (como las rotula la ficha); como ocurrencias darían 5 (A6).",2,1,,reported,S08-R07,"Con un fallecido: USD 0,5–1,5 M + multa hasta USD 1 M; frente detenido 1–2 turnos → hasta ~USD 2,5 M / RO USD 52 M = 4,8% → 2.",4,3,,reported,EV-S08-073,"De 1 a 4 personas que reingresan; CO sobre 400 ppm puede matar en menos de una hora y los óxidos de nitrógeno dan edema pulmonar diferido (ficha de salud ocupacional 2025); 4 fatales en el país 2015–2024. Una muerte plausible → 4 (antecedente propio: internación, 3).",1,,,reported,S08-R07,Sólo el frente afectado 1 o 2 turnos → 1.,4,2,,reported,S08-R07,"Con un fallecido: investigación, multa e investigación penal → 4 (con internación: acta y plan de corrección, 2).",3,,4,observed,EV-S08-070,"Autorrescatadores de 30 min (filtran CO, no óxidos de nitrógeno); oxígeno en la ambulancia de superficie; actuación real 2026-02: aviso por radio, rescate por compañeros, superficie a 50 min, hospital a 3 h, el perforista sobrevivió. Limita parte del daño → 3.",no_aplica,,,reported,S08-R07,Intoxicación de personas; no hay activos ni función interrumpida más allá del frente 1–2 turnos → no_aplica.,4,pers;legal,econ:cont;pers:cont;cont:cont;legal:cont,pers;legal,false,,true,true,,,medium,Si las alarmas al reingreso cuentan como ocurrencias; registro de calibración de los 14 detectores.,48,,80,§2.1;§3.1;§3.3;§4.2;§4.3;§4.4;§4.5;§5.2;§5.3;§5.5;D23,Dos antecedentes en 36 meses (4); una muerte plausible por CO; contención parcial probada. Determinan Personas y Legal.,,pending,,,AN-8-mineria-0018;AN-8-mineria-0016;AN-8-mineria-0017
EV-8-mineria-0017,S09-R01,S09,riesgo,,,agente-8b-mineria,ai,8,F8-AG-01,metodologia v0.2,protocolo v0.2,2026-10-07,inicial,,,,,,,"Daño mecánico durante la cosecha de sales, defectos de soldadura o deformación del terreno",Rotura de la geomembrana de una pileta con pérdida de salmuera por infiltración,"Pérdida de salmuera concentrada, reparación de la pileta (3–4 meses) y menos carbonato 12–18 meses después",v0/emi41/fichas/S09/S09-R01.md; v0/emi41/fichas/S09/empresa.md; v0/emi41/fichas/S09/transferencia.md,3,2,4,observed,EV-S09-010;EV-S09-011;EV-S09-012,"Historia propia (285 piletas-año): roturas en 2021-03 y 2024-11 (dentro de 36 meses) → 4. −1 (§3.4): operadores de pala certificados desde 2025-01 (11 de 14), control posterior a los antecedentes y verificado → 3. Precursores: 23 parches 2025–2026 (18 en piletas cosechadas). La base de instaladores (0,4% por pileta-año, ~14% anual) excluye la cosecha mecánica: si se tomara como jerarquía 1 daría 2 (A2).",2,1,3,inferred,EV-S09-004;EV-S09-010,"Pileta intermedia: 400–900 t LCE × USD 6.150 = USD 2,5–5,5 M + reparación USD 0,6–1,2 M → USD 3,1–6,7 M / RO 2025 USD 88 M = 3,5–7,6% → 2. Preconcentración (150–400 t) → 1; concentrado final (hasta 1.800 t, USD 11,1 M + reparación) → 14% → 3.",1,,,reported,S09-R01,No hay personas expuestas: la salmuera se infiltra en el suelo del salar → 1.,3,1,,inferred,EV-S09-004,"Evaporación: una pileta de 38 fuera de servicio 3 a 4 meses; producción 12–18 meses después menor (1.800 t = 7% del año en el peor caso). Degradación menor a la mitad: como interrupción de 3–4 meses sería 4, un nivel abajo → 3 (A8: sin umbral mínimo).",2,,,observed,EV-S09-010,"Notificación a la autoridad ambiental en 48 h; en 2021 y 2024 acta y pedido de informe de causa, sin multa → 2.",3,,,observed,EV-S09-010,"Detección de fugas bajo cada pileta: 31 de 38 pozos de control responden (2026-02), 7 piletas de preconcentración con capa drenante colmatada; lectura diaria en las 4 de concentrado final desde 2025-06 sin prueba real. Actuación real 2024-11: detección al sexto día y trasvase del 37% en 4 días → limita parte del daño y deja pasar una parte importante → 3.",5,,,observed,EV-S09-010,La reparación de 3–4 meses es la reposición normal; la salmuera perdida no se puede reponer antes de 12–18 meses (bombeo cerca del máximo permitido); la capacidad ociosa no repone la pérdida → nada acorta ni repone → 5.,3,cont,"econ:cont,rec(secuencial);pers:cont;cont:cont,rec(secuencial);legal:cont",cont,false,,false,true,,,medium,Tipo de pileta afectada (contenido de 150 a 1.800 t LCE); aplicabilidad de la base de instaladores.,27,,36,§2.1;§3.2;§3.3;§3.4;§4.2;§4.4;§4.5;§5.2;§5.3;§5.4;§5.5,Antecedentes en 36 meses con −1 por certificación de operadores (3); pérdida económica moderada y degradación prolongada por la regla literal de §4.4; contención parcial y sin recuperación. Determina Continuidad.,,pending,,,AN-8-mineria-0019;AN-8-mineria-0020
EV-8-mineria-0018,S09-R02,S09,riesgo,,,agente-8b-mineria,ai,8,F8-AG-01,metodologia v0.2,protocolo v0.2,2026-10-07,inicial,,,,,,,Bombeo de salmuera (de la empresa y del vecino) y de agua dulce en una cuenca cerrada con años secos,Descenso del nivel o salinización del acuífero de agua dulce del borde este causado por el bombeo de la empresa,"Menos agua en vegas y vertientes de las comunidades, reclamos, orden de reducir o suspender el bombeo y menos producción 12–18 meses después",v0/emi41/fichas/S09/S09-R02.md; v0/emi41/fichas/S09/empresa.md; v0/emi41/fichas/S09/transferencia.md,3,,5,observed,EV-S09-020;EV-S09-021;EV-S09-023;EV-S09-024;EV-S09-025;EV-S09-026;EV-S09-027,"Sin antecedente propio establecido: el descenso de 0,9 m en MW-1 y la interfase 0,2–1,4 m más al este tienen causa no establecida (sequía 30% bajo el promedio 2019–2025). Comparable regional: reducción ordenada en 2022 por descensos en vegas → 3; precursores propios (MW-1, denuncia con 18% menos superficie verde) → 3. Sin ajuste: el bombeo del vecino desde 2023 y la sequía están dentro del período de los precursores. Techo 5 si el descenso ya es atribuible al bombeo (A2).",4,,5,inferred,EV-S09-001;EV-S09-004,"Orden de detener los 12 pozos del sector este: 35% × USD 160 M = USD 56 M de margen por año / RO USD 88 M = 64% → 4. Suspensión total, o más de un año de orden: >100% (techo 5). Provisión de agua, compensaciones y remediación sin estimación.",1,,2,reported,S09-R02,"No hay personas expuestas a un daño físico inmediato; 140 familias pierden agua de vegas y vertientes (sin medición de caudal de consumo) → 1, techo 2.",4,,5,inferred,EV-S09-004,"Bombeo de salmuera 35% menos mientras dure la orden (más de 3 meses): degradación menor a la mitad, un nivel abajo de 5 → 4; suspensión total → 5.",4,,5,reported,empresa.md S09,"Si se atribuye al bombeo: suspensión parcial o total del permiso ambiental, amparos y responsabilidad civil por daño ambiental → 4.",4,,,observed,EV-S09-020,Plan de contingencia de reducción del bombeo nunca activado ni simulado; sin contrato de agua en cisternas; mesa de diálogo que no trató la denuncia → plan nunca ensayado → 4.,5,,,observed,S09-R02,Sin estudio de recuperación del acuífero y de las vegas; no hay otro sector con permiso para bombear → 5.,4,econ;cont;legal,"econ:cont,rec(secuencial);pers:cont;cont:cont,rec(secuencial);legal:cont",econ;cont;legal,false,,false,true,,Modelo hidrogeológico calibrado con el bombeo de los dos proyectos; reemplazo de MW-2 y MW-3.,high,Atribución del descenso (bombeo frente a sequía) sin modelo calibrado; MW-2 y MW-3 sin datos desde 2025; duración de una orden de la autoridad.,48,,100,§2.1;§3.2;§3.3;§3.4;§4.2;§4.4;§4.5;§5.3;§5.4;§5.5;§9.1;§9.2,"Precursores y comparable (3), con techo 5 por atribución no establecida. Orden de reducción con pérdida de 64% del RO por año; contención no ensayada y sin recuperación. Determinan Económico, Continuidad y Legal.",,pending,,,AN-8-mineria-0021
EV-8-mineria-0019,S09-R03,S09,riesgo,,,agente-8b-mineria,ai,8,F8-AG-01,metodologia v0.2,protocolo v0.2,2026-10-07,inicial,,,,,,,Corrosión del entubado de acero y precipitación de sales en los pozos más antiguos,Colapso del entubado de un pozo de salmuera,Menos salmuera bombeada hasta perforar y equipar un reemplazo (3–4 meses) y menos carbonato 12–18 meses después,v0/emi41/fichas/S09/S09-R03.md; v0/emi41/fichas/S09/empresa.md; v0/emi41/fichas/S09/transferencia.md,4,,,observed,EV-S09-030;EV-S09-032;EV-S09-033,"Historia propia: colapsos de P-07 (2024-05) y P-11 (2024-09), dos en los últimos 36 meses, menos de uno por año → 4. +1 por la inspección con cámara de 2026 no hecha (control preventivo ausente, la de 2023 existía en el período) y −1 por el tratamiento antiincrustante desde 2025 con dosificación verificada: se compensan → 4. Precursores: caudal específico −15% en 3 de 7 pozos de acero.",2,,,inferred,EV-S09-030,"Pozo nuevo USD 2,8 M + 1% de la salmuera anual (270 t LCE) = USD 1,7 M → USD 4,5 M / RO USD 88 M = 5,1% → 2.",1,,,reported,S09-R03,No hay personas expuestas: el colapso ocurre en profundidad → 1.,3,1,,inferred,EV-S09-030,"Bombeo 3,1% menos durante 3 a 4 meses: degradación menor a la mitad, un nivel abajo de 4 → 3 (A8: sin umbral mínimo; leída como no interrupción, 1).",1,,,reported,S09-R03,Aviso del pozo nuevo; ninguna sanción → 1.,4,,,observed,EV-S09-030,Sólo el intento de recuperar la bomba atrapada con grúa (1 de 2 en 2024); el pozo se pierde igual → 4.,2,1,,observed,EV-S09-030,"3 pozos de reserva perforados: equipar uno toma 3 semanas (actuación real 2026-03); margen de 15 L/s en el permiso, más que el caudal de un pozo; 6 bombas en stock → restablece la mayor parte en días-semanas, mucho antes que los 3–4 meses → 2.",3,cont,"econ:cont,rec(secuencial);pers:cont;cont:cont,rec(secuencial);legal:cont",econ;cont,false,,false,true,,,low,,24,,24,§2.1;§3.3;§3.4;§4.2;§4.4;§4.5;§5.2;§5.3;§5.4;§5.5,Dos colapsos en 36 meses (4); pérdida económica baja y degradación menor; recuperación probada con pozos de reserva. Determinan Económico y Continuidad.,,pending,,,AN-8-mineria-0020
EV-8-mineria-0020,S09-R04,S09,riesgo,,,agente-8b-mineria,ai,8,F8-AG-01,metodologia v0.2,protocolo v0.2,2026-10-07,inicial,,,,,,,"Rotura de manguera o brida durante la descarga o en la dosificación, o falla de un tanque",Derrame de ácido clorhídrico al 32% en la planta de carbonato,"Quemaduras e inhalación de vapores en trabajadores cercanos, limpieza y neutralización, planta detenida 2–5 días",v0/emi41/fichas/S09/S09-R04.md; v0/emi41/fichas/S09/empresa.md; v0/emi41/fichas/S09/transferencia.md,4,,,observed,EV-S09-040;EV-S09-042,"Historia propia: derrame de 4 m³ en 2023-09 (en el borde de los 36 meses) y fuga de 300 L en 2025-06 contenida en la batea (cuenta como antecedente, §3.1) → 4. Sin −1: la inspección de mangueras (posterior a 2023-09) ya existía cuando ocurrió la fuga de 2025-06.",2,1,,inferred,EV-S09-040,"Limpieza USD 0,2–0,6 M + planta detenida 2–5 días × USD 0,44 M (la capacidad ociosa es V) → USD 1,1–2,8 M / RO USD 88 M = 1,3–3,2% → 2 (punto medio ~2,2%).",3,,4,inferred,EV-S09-043,"Rotura de manguera en la descarga: hasta 28 m³ fuera de la batea con 2 operadores y el conductor a menos de 5 m; vapores hacia la sala de bombas (4 personas). Sin duchas ni brigada, quemaduras químicas graves con internación en pocas personas → 3; daño irreversible grave posible (techo 4).",2,,3,reported,EV-S09-040,Producción de carbonato detenida 2 a 5 días → 2 (techo 3 con más de 3 días).,2,,,observed,EV-S09-040,"Notificación a las autoridades, acta e informe de causa (2023) → 2.",2,,,observed,EV-S09-042;EV-S09-044,"Batea de descarga con canaleta a pileta de 30 m³ y batea de tanques del 110%, inspeccionadas en 2026-04 (barrera pasiva verificada en 12 meses); duchas y lavaojos probados mensualmente; brigada con simulacro 2026-05 (contenido y neutralizado a 18 min); actuación real 2023-09 (ducha al minuto) → probadas que limitan el daño a pocas personas → 2.",2,,,observed,EV-S09-040,"Reinicio de la planta a los 2 días (2023-09), capacidad ociosa de 15% para recuperar producción, stock de ácido para 10 días → 2.",3,pers,"econ:cont,rec(secuencial);pers:cont;cont:cont,rec(secuencial);legal:cont",pers,false,,false,true,,,low,,24,,32,§2.1;§3.1;§3.3;§3.4;§4.2;§4.3;§4.4;§4.5;§5.2;§5.3;§5.4;§5.5,Antecedentes en 36 meses (4); lesión grave plausible; contención probada. Determina Personas.,,pending,,,
EV-8-mineria-0021,S09-R05,S09,riesgo,,,agente-8b-mineria,ai,8,F8-AG-01,metodologia v0.2,protocolo v0.2,2026-10-07,inicial,,,,,,,La autoridad hídrica condiciona la renovación a un estudio de balance y fijó un tope transitorio de 15 L/s,La autoridad suspende el permiso de agua dulce o lo renueva con un caudal menor que el que necesita la planta,"Planta de carbonato al 25–50% hasta tener una fuente alternativa, bajo un permiso reducido",v0/emi41/fichas/S09/S09-R05.md; v0/emi41/fichas/S09/empresa.md; v0/emi41/fichas/S09/transferencia.md,3,2,,observed,EV-S09-051;EV-S09-053;EV-S09-054,"Sin antecedentes propios. Comparables: reducciones al renovar en 2023 (−40%) y 2024 (−60%) → ancla 3; precursor: notificación del 2026-07-15 con tope de 15 L/s → 3. El vencimiento (2027-12-31) cae fuera del horizonte de 12 meses; dentro de él no hay infracciones, emergencia declarada ni acciones judiciales en curso (A6; techo 2 si se mira el horizonte).",5,4,,inferred,EV-S09-055;EV-S09-056,Bruto sin cisternas ni fuente alternativa (V): 7 L/s para la planta → ~6.000 t LCE contra 26.000 t: 20.000 t × USD 6.150 = USD 123 M por año / RO USD 88 M = 140% → 5. Con los 15 L/s a la planta y el campamento en cisternas: USD 80 M + USD 4 M por año = 95% → 4.,1,,,reported,S09-R05,No hay personas expuestas → 1.,5,,,inferred,EV-S09-055,Producción de carbonato al 25–50% (pérdida de al menos la mitad: interrupción) durante 18 meses o más hasta una fuente alternativa → más de 3 meses → 5.,4,3,,observed,EV-S09-051,Permiso de uso de agua reducido o suspendido: la planta opera con una habilitación menor que la necesaria → suspensión o restricción temporal de una habilitación → 4.,4,,,reported,S09-R05,Recurso administrativo de 6–12 meses sin cautelares conocidas en la provincia 2020–2026; plan de ahorro de agua del campamento al 30% → medidas débiles → 4.,4,,,reported,EV-S09-057,"Ósmosis inversa (25 L/s) sin aprobación, 18 meses desde la aprobación; recuperación de condensados (6 L/s) aprobada en 2026-08 para 2027, en ingeniería: no existe todavía → cubre poco → 4.",5,econ;cont,"econ:cont,rec(secuencial);pers:cont;cont:cont,rec(secuencial);legal:cont",econ;cont,true,econ;cont,false,true,,,high,Si algún disparador ocurre dentro de 12 meses; tope que fije el estudio de cuenca (2027-09).,60,,60,D3;§2.1;§3.3;§4.2;§4.4;§4.5;§5.3;§5.4;§5.5;D20,Comparables y precursor (3) con la salvedad del horizonte (A6). Consecuencia extrema económica y de continuidad; sin alternativa existente. Determinan Económico y Continuidad.,,pending,,,AN-8-mineria-0022
EV-8-mineria-0022,S09-R06,S09,riesgo,,,agente-8b-mineria,ai,8,F8-AG-01,metodologia v0.2,protocolo v0.2,2026-10-07,inicial,,,,,,,"Camino de ripio de montaña con hielo y viento blanco, fatiga de conductores y tránsito mixto","Vuelco, salida del camino o colisión de un vehículo de la operación en el camino de acceso","Lesionados o fallecidos entre trabajadores, conductores y terceros, lejos de un hospital",v0/emi41/fichas/S09/S09-R06.md; v0/emi41/fichas/S09/empresa.md; v0/emi41/fichas/S09/transferencia.md,4,,,observed,EV-S09-060;EV-S09-061,"Historia propia y de transportistas: vuelco de camión 2024-08 y roce bus–camión 2025-06 (dos en 36 meses, menos de uno por año) → 4; vuelco de camioneta 2022-07. Sector: 23 siniestros con vehículos de la minería en ese camino 2020–2025. Sin ajuste: camiones sin limitador ni control de fatiga ya estaban en el período.",1,,2,reported,EV-S09-060,Camioneta USD 60 mil + indemnizaciones (USD 80 mil en 2022) + cuadrilla saliente USD 150 mil; sin estimación para muchos lesionados → <2% del RO de USD 88 M → 1 (techo 2).,4,,5,reported,EV-S09-061,Camionetas con 1 a 4 ocupantes y camiones; en el camino hubo 4 fallecidos en 23 siniestros 2020–2025. Una muerte plausible → 4; un bus de hasta 44 personas daría muertes múltiples (techo 5).,1,,,reported,S09-R06,Ninguna función crítica se detiene: la cuadrilla saliente sigue 1–2 días; despacho demorado 1–3 días → 1.,3,,4,reported,S09-R06,"Investigación judicial por homicidio o lesiones culposas dirigida al conductor y, según el caso, a responsables del transportista o la empresa; la autoridad minera puede pedir un plan de seguridad vial → demandas relevantes → 3 (penal de directivos posible: techo 4).",4,,,observed,EV-S09-064,"Teléfono satelital y botón de emergencia en buses y camionetas (camiones sólo VHF); ambulancia al km 130 en 1 h 40 min; simulacro 2026-02: primera ambulancia a 1 h 50 min, segunda y tercera a 3 h 10 min con ayuda mutua; hospital a 180 km sin helicóptero → probada pero lenta: el daño se produce casi completo → 4.",3,,,observed,EV-S09-065,"Reemplazo de bus o camión por contrato con el transportista en 1–2 días, sin prueba registrada → alternativa formal sin prueba → 3.",4,pers,"econ:cont,rec(secuencial);pers:cont;cont:cont,rec(secuencial);legal:cont",pers,false,,true,true,,,medium,"Tipo de vehículo del evento plausible (camioneta, camión o bus); indemnizaciones con muchos lesionados.",64,,80,§2.1;§3.3;§4.2;§4.3;§4.4;§4.5;§5.2;§5.3;§5.4;§5.5;D23,Dos siniestros en 36 meses (4); una muerte plausible lejos de un hospital; respuesta probada pero lenta. Determina Personas.,,pending,,,AN-8-mineria-0023
EV-8-mineria-0023,S09-R07,S09,riesgo,,,agente-8b-mineria,ai,8,F8-AG-01,metodologia v0.2,protocolo v0.2,2026-10-07,inicial,,,,,,,Tormentas de verano o nevadas fuera de temporada,Precipitación de más de 25 mm en 48 h o nevada de más de 20 cm sobre el campo de piletas,"Dilución de la salmuera (4–8 semanas de evaporación perdidas), erosión de bermas y menos carbonato 12–18 meses después",v0/emi41/fichas/S09/S09-R07.md; v0/emi41/fichas/S09/empresa.md; v0/emi41/fichas/S09/transferencia.md,3,,,observed,EV-S09-022;EV-S09-070,"Jerarquía 1: estación nacional en el salar, 38 años, 9 eventos de más de 25 mm en 48 h → ~24% anual → 3 (15–40%). Historia propia coincide (2019-02 y 2022-02, hace más de 3 años → 3). Sin ajuste: no hay condición causal distinta de la climatología; pronóstico estacional sin anomalías.",3,,,inferred,EV-S09-071,"Escenario de 30–50 mm: 1.500–3.000 t LCE × USD 6.150 = USD 9,2–18,5 M + bermas USD 0,5–2 M → USD 9,7–20,5 M / RO USD 88 M = 11–23% → 3 (la recuperación con capacidad ociosa es V).",1,,,reported,S09-R07,Sin exposición relevante: la cosecha se suspende durante la tormenta → 1.,4,3,,inferred,EV-S09-071,"Evaporación: dilución del 40% al 60% de las piletas con 4 a 8 semanas perdidas (en el punto medio, pérdida de la mitad: interrupción de más de 2 semanas → 4); producción del año afectado 6–12% menor durante meses (degradación, 5 − 1 = 4) → 4; con menos de la mitad de las piletas, 3.",1,,2,observed,EV-S09-070,Sin consecuencia regulatoria salvo que una berma rompa y salga salmuera (notificación; no ocurrió en 2019 ni 2022) → 1.,4,3,,observed,EV-S09-072,Alerta con 72 h; procedimiento de trasvase (2023) nunca aplicado a un evento real ni simulado (en 2024-01 se trasvasaron 2 piletas en 36 h); 600 m³/h para 38 piletas; bermas recrecidas sólo en las 4 de concentrado final → plan nunca ensayado → 4.,3,,,observed,EV-S09-070,Capacidad ociosa de 15% (~4.000 t por año) procesa la salmuera atrasada: recuperó 900 de 2.100 t en 2021 (hace más de 3 años); resecuenciación de piletas no escrita → alternativa parcial propia sin prueba vigente → 3.,4,cont,"econ:cont,rec(secuencial);pers:cont;cont:cont,rec(secuencial);legal:cont",econ;cont,false,,false,true,,,medium,Fracción de piletas diluidas en el escenario; eficacia del trasvase.,36,,36,§2.1;§3.2;§3.3;§4.2;§4.4;§4.5;§5.2;§5.3;§5.4;§5.5,"Frecuencia climática de jerarquía 1 (3); pérdida de 11–23% del RO y meses de evaporación perdida; contención no ensayada, recuperación parcial. Determinan Económico y Continuidad.",,pending,,,AN-8-mineria-0020
EV-8-mineria-0024,S10-R01,S10,riesgo,,,agente-8b-mineria,ai,8,F8-AG-01,metodologia v0.2,protocolo v0.2,2026-10-07,inicial,,,,,,,"Circulación mixta de volquetes de 40 t, excavadora y palas con camionetas y personas a pie, con punto ciego y sin separación física",Un equipo móvil golpea o pasa sobre una persona a pie o un vehículo liviano en el frente o la rampa,Lesiones o muerte; daño a equipos; clausura del frente (12 días en el caso sectorial); causa penal y reclamos civiles,v0/emi41/fichas/S10/S10-R01.md; v0/emi41/fichas/S10/empresa.md; v0/emi41/fichas/S10/transferencia.md,4,3,,reported,sin_evidencia;EV-S10-007;EV-S10-011;EV-S10-012,"Historia propia (relato, sin registro): un volquete golpeó la camioneta de mantenimiento en 2023-06 (evento, hace más de 36 meses) → 3; el contacto volquete–excavadora de 2025-11 no es el evento. Sector: 4 accidentes en 31 canteras 2019–2025, uno fatal (2021). +1 (§3.4): controles fuera de servicio posteriores al antecedente: alarma de retroceso del volquete 4 (desde 2026-07), torre de iluminación (2026-08), 2 de 7 radios (2026-06) → 4.",4,3,,assumed,EV-S10-013;EV-S10-001,"Con una muerte: reclamo civil USD 120–250 mil + equipos USD 5–40 mil + multas USD 10–40 mil + clausura de 12 días sin stock (V): ~USD 200 mil de ventas × MC 47% = USD 94 mil + faltante de caliza ~8 mil t × USD 4 = USD 32 mil → ~USD 380 mil / RO normalizado USD 624 mil = 61% → 4. Mínimo con margen operativo: ~USD 155 mil (25%, 3); máximo con facturación: ~USD 560 mil (90%, 4). ",4,,,observed,EV-S10-011,Un trabajador a pie o el ocupante de una camioneta; un volquete cargado pesa ~70 t; en el caso sectorial de 2021 la persona murió en el lugar. Una muerte plausible → 4.,3,,,reported,EV-S10-011,Extracción detenida durante la clausura del frente: 12 días en el caso sectorial → 3; sin stock (V) la planta también se detiene.,4,,,reported,empresa.md S10,Clausura preventiva del frente y causa penal que puede alcanzar al jefe de cantera y a los socios gerentes → 4.,4,,,observed,EV-S10-007;EV-S10-012,"6 con curso de primeros auxilios (2025-05) sin simulacro; botiquín a 1,5 km; radios con fallas; plan de emergencia de 2019 nunca ensayado; ambulancia a 34 min (2022-09, hace más de 3 años). Frente a un volquete de 70 t el daño se produce casi completo → 4.",2,,3,observed,EV-S10-005,"Stock de 30 mil t de producto (2,9 semanas; caliza 1,8 semanas) y 8 mil t de playa: cubre los 12 días de clausura del despacho; el stock se usó en 2024-04 (parada de la trituradora) sin ventas perdidas → 2 (3 si se exige prueba en una parada del frente).",4,econ;pers;legal,"econ:cont,rec(secuencial);pers:cont;cont:cont,rec(secuencial);legal:cont",pers;legal,false,,true,true,,,medium,Margen de contribución supuesto; antecedentes sólo por relato; duración de una clausura (un caso).,64,,64,§2.1;§3.2;§3.3;§3.4;§4.2;§4.3;§4.4;§4.5;§5.2;§5.3;§5.4;§5.5;§9.2;D23,"Antecedente de más de 3 años más +1 por controles fuera de servicio (4); una muerte plausible; contención casi nula, stock como recuperación. Determinan Personas y Legal.",,pending,,,AN-8-mineria-0025;AN-8-mineria-0024;AN-8-mineria-0029
EV-8-mineria-0025,S10-R02,S10,riesgo,,,agente-8b-mineria,ai,8,F8-AG-01,metodologia v0.2,protocolo v0.2,2026-10-07,inicial,,,,,,,"Trabajo a menos de 3 m de la cresta sin anclajes ni pretil continuo, con la cresta debilitada por sobre-excavación",Una persona cae desde la cresta de un banco de 10 m,Lesiones o muerte; clausura del frente (21 días en el caso sectorial); causa penal y reclamos civiles,v0/emi41/fichas/S10/S10-R02.md; v0/emi41/fichas/S10/empresa.md; v0/emi41/fichas/S10/transferencia.md,4,3,,observed,EV-S10-011;EV-S10-022;EV-S10-023,"Sin caídas propias; resbalón sin caída en 2020-03 (precursor) → 3; sector: 2 caídas desde bancos 2019–2025 en 31 canteras, una fatal en 2023 → 3. +1 (§3.4): grietas de tracción de hasta 4 cm y 25 m en la cresta del banco 3 (2026-06) sin seguimiento, condición posterior al precursor; 40% del borde sin pretil y sin anclajes (recomendación de la ART con vencimiento 2026-10-20) → 4.",4,3,,assumed,EV-S10-013;EV-S10-011,Con una muerte: reclamo civil USD 120–250 mil + multas USD 10–40 mil + clausura de 21 días sin stock: ~USD 350 mil de ventas × MC 47% = USD 165 mil + faltante de caliza ~14 mil t × USD 4 = USD 56 mil → ~USD 430 mil / RO normalizado USD 624 mil = 69% → 4 (mínimo con margen operativo ~26%: 3).,4,,,observed,EV-S10-011,"Caída de 10 m sobre roca: en el caso sectorial de 2023 la persona murió. 2 personas expuestas a diario, hasta 6 en las revisiones. Una muerte plausible → 4.",4,,,reported,EV-S10-011,Clausura del frente de 21 días (caso sectorial 2023) → más de 2 semanas → 4.,4,,,observed,EV-S10-023;empresa.md S10,"Clausura preventiva del frente, causa penal; el incumplimiento de la recomendación de la ART quedaría documentado → 4.",4,,5,reported,S10-R02,"Sin equipo ni personal de rescate, nunca ensayado; acceso al pie por la rampa de 450 m o con soga; primeros auxilios sin prueba; ambulancia a 34 min (2022) → medidas débiles → 4 (5 si la persona queda en una berma intermedia).",3,,,observed,EV-S10-005,"Stock de producto (2,9 semanas) frente a 21 días de clausura; la caliza para la planta de cal (1,8 semanas) no alcanza; un solo ayudante formado para la perforadora → cubre sólo una parte → 3.",4,econ;pers;cont;legal,"econ:cont,rec(secuencial);pers:cont;cont:cont,rec(secuencial);legal:cont",econ;pers;legal,false,,true,true,,,medium,Margen de contribución supuesto; evolución de las grietas del banco 3.,64,,80,§2.1;§3.2;§3.3;§3.4;§4.2;§4.3;§4.4;§4.5;§5.2;§5.3;§5.4;§5.5;§9.2;D23,"Precursor y sector (3) más +1 por grietas nuevas (4); una muerte plausible; sin rescate. Determinan Económico, Personas y Legal.",,pending,,,AN-8-mineria-0025;AN-8-mineria-0024;AN-8-mineria-0029
EV-8-mineria-0026,S10-R03,S10,riesgo,,,agente-8b-mineria,ai,8,F8-AG-01,metodologia v0.2,protocolo v0.2,2026-10-07,inicial,,,,,,,"Primera fila con menos roca por delante que la de diseño, retacado con detritos y cavidades de disolución no relevadas",Fragmentos proyectados por una voladura caen fuera de la zona de exclusión de 300 m,"Personas alcanzadas en la planta, el galpón, el camino o el barrio; daños; suspensión de voladuras (30 días en el caso sectorial)",v0/emi41/fichas/S10/S10-R03.md; v0/emi41/fichas/S10/empresa.md; v0/emi41/fichas/S10/transferencia.md,4,,,observed,EV-S10-024,"Planilla del contratista desde 2022: proyecciones a 340 m (2023-10, perforó el techo del galpón con 3 personas adentro) y a 410 m (2025-05), ambas dentro de 36 meses, menos de una por año → 4. Sin ajuste: retacado con detritos, cara libre sin medir y cavidades ya existían en el período.",4,3,5,assumed,EV-S10-011;EV-S10-013,Con un trabajador muerto: reclamo USD 120–250 mil + daños USD 2–15 mil + multa USD 5–50 mil + suspensión de 30 días sin stock: ~USD 500 mil de ventas × MC 47% = USD 235 mil + faltante de caliza ~21 mil t × USD 4 = USD 86 mil → ~USD 550 mil / RO normalizado USD 624 mil = 88% → 4 (mínimo con margen operativo y un lesionado tercero ~15%: 3; máximo con facturación >100%: 5).,4,,,observed,EV-S10-024,"6 personas en la planta (380 m) y 2–4 en el galpón (340 m) bajo techos de chapa durante la voladura, sin evacuar; un fragmento de 15 cm atravesó la chapa a 340 m; una persona alcanzada puede morir. El techo de chapa no es barrera (no detuvo el fragmento). Una muerte plausible → 4.",4,,,observed,EV-S10-011,Extracción detenida 30 días por suspensión de voladuras (caso sectorial 2020) → 4.,4,,,reported,S10-R03,"Suspensión de voladuras hasta un nuevo diseño, posible suspensión de la habilitación del contratista, causa penal → 4.",4,,,observed,EV-S10-024,Zona de exclusión de 300 m con vigías (actúa en cada voladura) pero el evento es justamente fuera de ella: la planta y el galpón a 340–380 m no se evacúan y no hay refugio; sirena; primeros auxilios y ambulancia → para las personas fuera del radio las medidas son débiles → 4.,3,,,observed,EV-S10-005;EV-S10-027,"Stock (probado en 2024-04) cubre 2,9 semanas de 30 días de suspensión; caliza 1,8 semanas; martillo hidráulico cotizado (17% de la capacidad) nunca usado; sin acuerdo para comprar caliza → cubre sólo una parte → 3.",4,econ;pers;cont;legal,"econ:cont,rec(secuencial);pers:cont;cont:cont,rec(secuencial);legal:cont",econ;pers;legal,false,,true,true,,,medium,Margen de contribución supuesto; duración de la suspensión (un caso sectorial).,64,,80,§2.1;§2.3;§3.3;§4.2;§4.3;§4.4;§4.5;§5.2;§5.3;§5.4;§5.5;§9.2;D23,"Dos proyecciones en 36 meses (4); una muerte plausible en la planta o el galpón; la zona de exclusión no protege fuera del radio. Determinan Económico, Personas y Legal.",,pending,,,AN-8-mineria-0024;AN-8-mineria-0029
EV-8-mineria-0027,S10-R04,S10,riesgo,,,agente-8b-mineria,ai,8,F8-AG-01,metodologia v0.2,protocolo v0.2,2026-10-07,inicial,,,,,,,Fatiga del bastidor y del conjunto excéntrico de una trituradora de 1998 sin inspección de fisuras desde 2024-05,Rotura de un componente estructural o del conjunto excéntrico de la trituradora primaria,"Trituración detenida; despacho con stock hasta agotarlo; ventas perdidas, faltantes a la planta de cal y reparación",v0/emi41/fichas/S10/S10-R04.md; v0/emi41/fichas/S10/empresa.md; v0/emi41/fichas/S10/transferencia.md,4,,,observed,EV-S10-040;EV-S10-042;EV-S10-043,"Historia propia: fisura pasante de 38 cm en el bastidor en 2024-04 (dentro de 36 meses) y rotura de la biela en 2019-08 → 4. Precursor: golpeteo de 2026-08 sin diagnóstico. Sin ajuste: la inspección de fisuras de 2025 no se hizo, pero el programa no existía antes de 2024-04, por lo que no es peor que el período.",4,,5,assumed,EV-S10-004;EV-S10-044;EV-S10-006,"Escenario de biela (antecedente 2019): 5,5 semanas sin trituración a plazo normal, sin stock ni trituradora móvil (V): ventas USD 640 mil × MC 47% = USD 300 mil + faltante de caliza 27 mil t × USD 4 = USD 110 mil + biela USD 130 mil → ~USD 540 mil / RO normalizado USD 624 mil = 87% → 4 (mínimo con margen operativo 49%: 4; máximo con facturación 141%: 5; eje importado o bastidor partido: 5).",1,,,reported,S10-R04,El operador está en una cabina a 12 m; no hay personas expuestas por la rotura → 1.,4,3,5,reported,EV-S10-044,Trituración 100% detenida: biela 5 a 6 semanas → 4 (bastidor fisurado 1–3 semanas: 3; eje 14–18 semanas o bastidor partido 6–7 meses: 5).,1,,,reported,S10-R04,Ninguna consecuencia regulatoria; el contrato sin fuerza mayor es económico → 1.,5,4,,observed,EV-S10-042,"La parada de emergencia y la protección por sobrecarga actúan en atascamientos (14 en 2026), pero no frente a una rotura estructural (en 2024-04 ninguna protección actuó) → nada contiene → 5.",2,,3,observed,EV-S10-040;EV-S10-045,"Stock de producto: actuación real 2024-04, 9 días sin ventas perdidas; trituradora móvil al 55% (llegó al día 4 en 2024), sin contrato y con una de dos unidades ocupada hasta 2027-03; taller regional que fabricó la biela en 26 días (2019) y soldó el bastidor en 9 (2024) → restablece la mayor parte en días → 2 (3 si la móvil no está disponible).",4,econ;cont,"econ:cont,rec(secuencial);pers:cont;cont:cont,rec(secuencial);legal:cont",econ,false,,false,true,,,medium,Componente que falla (de 1 semana a 7 meses); margen de contribución supuesto; disponibilidad de la trituradora móvil.,64,,80,§2.1;§3.3;§3.4;§4.2;§4.4;§4.5;§5.2;§5.3;§5.4;§5.5;§9.2,"Antecedente en 36 meses (4); escenario de biela con pérdida de 87% del RO; sin contención, recuperación probada con stock, móvil y taller. Determina Económico.",,pending,,,AN-8-mineria-0024
EV-8-mineria-0028,S10-R05,S10,riesgo,,,agente-8b-mineria,ai,8,F8-AG-01,metodologia v0.2,protocolo v0.2,2026-10-07,inicial,,,,,,,"Polvo de trituración, zarandas, cintas y perforación de un material con chert y conglomerado, con controles parciales",Inhalación repetida de polvo con sílice cristalina respirable en concentraciones que no se conocen,"Enfermedad respiratoria crónica diagnosticada años después; enfermedad profesional, reclamos y exigencias de la autoridad",v0/emi41/fichas/S10/S10-R05.md; v0/emi41/fichas/S10/empresa.md; v0/emi41/fichas/S10/transferencia.md,5,,,inferred,EV-S10-050;EV-S10-023;EV-S10-053,"La exposición ocurre todos los días: polvo visible en la planta en todos los turnos secos (fotos ART 2026-08), polvo total de 6,8 y 11,2 mg/m³ (2021), material con chert y conglomerado procesado en seco salvo dos puntos, una boquilla tapada → la inhalación de polvo del material ocurre más de una vez por año → 5. La concentración de sílice respirable no se conoce: eso no cambia la ocurrencia de la inhalación sino su consecuencia (A6).",unknown,,,assumed,EV-S10-052;EV-S10-054,"Depende de cuántos trabajadores enfermen: un reclamo civil USD 60–200 mil + cerramientos exigibles USD 180 mil + multas → USD 240–420 mil (38–67% del RO normalizado de USD 624 mil, 4); varios reclamos superan el RO (5); sin enfermedad, multas e intimación (1–2). Sin concentración de sílice no se puede acotar a tres niveles ni preferir uno → unknown.",unknown,1,5,assumed,EV-S10-051;EV-S10-052,"Hasta 20 trabajadores expuestos, 9 con más de 8 años; la silicosis es irreversible y puede dar incapacidad permanente y muerte. Que se desarrolle y en cuántos depende de la concentración de sílice respirable y los años de exposición, que no se conocen; exámenes de 2025 no hechos y sin resultados de 2023–2024; el reclamo de 2024 no tiene pericia. El rango va de 1 a 5 → unknown (§9.2).",1,,2,reported,S10-R05,La superintendencia puede suspender tareas en un puesto; sin antecedentes; el puesto lo cubre otro operario → 1.,3,2,,reported,S10-R05,"Intimación de la superintendencia, plan de mejoras obligatorio y multas; reclamos laborales → plan de adecuación obligatorio bajo inspección → 3.",5,4,,observed,EV-S10-051,"Exámenes médicos periódicos para retirar al trabajador de la exposición: no se hicieron en 2025, los resultados de 2023–2024 no llegaron, nunca se retiró a nadie; no hay rotación → nada contiene → 5.",no_aplica,,,reported,S10-R05,La enfermedad no tiene reparación por parte de la empresa y no hay interrupción asociada → no_aplica (§5.5.2).,≥ 3,legal,econ:cont;pers:cont;cont:cont;legal:cont,,false,,true,false,"i_pers e i_econ unknown sin rango acotable: la cota de Personas (P 5 × 5 × V 5 = 125) y la de Económico superan el C_raw de las dimensiones conocidas (Legal), §9.3.",Medir polvo respirable y sílice cristalina por puesto; análisis mineralógico de caliza y conglomerado; obtener resultados de radiografías y espirometrías 2023–2024 y hacer los de 2025–2026; pericia del reclamo de 2024.,high,"Contenido de sílice del material, concentración respirable por puesto y estado de salud de los expuestos: todo desconocido.",,,125,§2.1;§3.3;§4.2;§4.3;§4.5;§5.3;§5.5;§8.2;§9.2;§9.3;§9.4,"P 5 por exposición diaria, pero Personas y Económico unknown porque dependen de una concentración no medida: por §9.3 la cota supera a lo conocido y el riesgo es no evaluable; safety_critical por i_pers_max 5 (§8.2).",,pending,,,AN-8-mineria-0026
EV-8-mineria-0029,S10-R06,S10,riesgo,,,agente-8b-mineria,ai,8,F8-AG-01,metodologia v0.2,protocolo v0.2,2026-10-07,inicial,,,,,,,"Vibraciones, onda aérea y polvo que llegan a un barrio a 850 m que creció hacia la cantera","Los vecinos presentan un reclamo formal ante el municipio, la autoridad ambiental o la justicia","Actas, requerimientos, multas, restricciones de voladura, pagos por daños y, en la justicia, posible cautelar que suspenda voladuras",v0/emi41/fichas/S10/S10-R06.md; v0/emi41/fichas/S10/empresa.md; v0/emi41/fichas/S10/transferencia.md,5,,,observed,EV-S10-060,"Libro de quejas municipal: 7 reclamos en 2023, 11 en 2024, 9 en 2025 y 8 en 2026 (a septiembre) → más de uno por año → 5.",2,1,3,inferred,EV-S10-062;EV-S10-066,"Escenario plausible de un reclamo formal: pago por daños en una vivienda (USD 14 mil en 2025, reclamados USD 38 mil) + restricción de carga por retardo (USD 45 mil por año) = ~USD 59 mil / RO normalizado USD 624 mil = 9,5% → 2; con una multa alta, hasta ~USD 140 mil (22%, techo 3). Una cautelar de 45 días queda fuera del rango (A7).",1,,,reported,S10-R06,Molestias y fisuras en viviendas; no hay registro de lesiones → 1.,1,,3,reported,S10-R06,"Un reclamo ante el municipio o la autoridad ambiental nunca detuvo la operación → 1 (una cautelar detendría la extracción 45 días, fuera del rango plausible).",2,,4,observed,EV-S10-061,Acta de constatación y requerimiento formal (como en 2025-06) → 2; exigencias en la actualización de la declaración de impacto (2027-03) o una cautelar (techo 4).,3,,,observed,EV-S10-062;EV-S10-063,"Atención de reclamos por el socio gerente (actuación real, sin procedimiento; un reclamo esperó 3 semanas), entrega mensual de mediciones de vibración, abogado externo (acuerdo de 2025-12) → limitan parte del daño → 3.",3,,,observed,EV-S10-005;EV-S10-027,"Stock de producto (2,9 semanas) frente a una suspensión de voladuras; martillo hidráulico nunca usado → cubre sólo una parte → 3.",2,econ;legal,"econ:cont,rec(secuencial);pers:cont;cont:cont,rec(secuencial);legal:cont",econ;legal,false,,false,true,,,medium,"Qué reclamo escala a la justicia; vibraciones cerca del límite (hasta 7,8 mm/s con límite 8) y frente que avanza hacia el barrio.",30,,60,§2.1;§3.3;§4.2;§4.4;§4.5;§5.3;§5.4;§5.5,Reclamos varias veces por año (5); consecuencia plausible de un reclamo moderada; respuesta parcial. Determinan Económico y Legal.,,pending,,,AN-8-mineria-0027
EV-8-mineria-0030,S10-R07,S10,riesgo,,,agente-8b-mineria,ai,8,F8-AG-01,metodologia v0.2,protocolo v0.2,2026-10-07,inicial,,,,,,,"Bajada de ripio al 7% con excesos de velocidad, sobrecarga en parte de los viajes y frenos con service vencido en dos unidades",Vuelco o salida de la calzada de un camión propio cargado,Lesiones o muerte del chofer y de terceros; daño o pérdida del camión; reclamos y causa penal,v0/emi41/fichas/S10/S10-R07.md; v0/emi41/fichas/S10/empresa.md; v0/emi41/fichas/S10/transferencia.md,4,3,,reported,EV-S10-007;sin_evidencia;EV-S10-074,"Historia propia: salida de calzada sin vuelco en 2024-12 (relato, dentro de 36 meses) → 4; vuelco con lesionado en 2021-07. La estadística vial (0,9 vuelcos por millón de km × 336 mil km ≈ 26% anual → 3) no separa ripio ni áridos: no es comparable; rango 3–4. Sin ajuste: frenos vencidos y GPS sin revisión no están documentados como nuevos.",4,2,,assumed,EV-S10-013;EV-S10-071,"Con la muerte del chofer: reclamo civil USD 120–250 mil + pérdida del camión USD 150 mil (sin seguro de daño propio) + limpieza y multas USD 2–10 mil → USD 270–410 mil / RO normalizado USD 624 mil = 43–66% → 4 (como en 2021, sin muerte: ~8%, 2).",4,,5,observed,EV-S10-007,"El chofer y terceros en el ripio, la ruta y una travesía urbana a 100 m de una escuela (80% de los viajes en horario escolar); camión de 45 t. Una muerte plausible → 4; varias víctimas en la travesía (techo 5).",3,,,inferred,S10-R07,"Transporte propio al 80% durante 3 semanas a 2 meses sin transportistas (V); trituración y retiro de clientes no se afectan. Degradación menor a la mitad: como interrupción de 2 semanas a 3 meses sería 4, un nivel abajo → 3 (A8).",4,3,,reported,S10-R07;empresa.md S10,Causa penal por homicidio culposo que puede alcanzar al jefe de cantera y a los socios gerentes; investigación de la superintendencia → 4.,4,,,observed,EV-S10-007,"Aviso por celular (1,5 km del ripio sin señal, sin botón de pánico); bomberos a 25 min y ambulancia a 34 min (actuaciones de 2021 y 2022, de más de 3 años); sin plan de emergencia vial → 4.",2,,,observed,EV-S10-075,"Transportistas regionales por viaje: actuación real 2025-03, cubrieron 3 semanas el 100% de los viajes de 2 camiones (uno cumplió el 70%), sin contrato → 2.",4,econ;pers;legal,"econ:cont,rec(secuencial);pers:cont;cont:cont,rec(secuencial);legal:cont",pers;legal,false,,true,true,,,medium,Margen de contribución supuesto (poco relevante aquí); comparabilidad de la estadística vial.,64,,80,§2.1;§3.2;§3.3;§4.2;§4.3;§4.4;§4.5;§5.2;§5.3;§5.4;§5.5;D23,"Salida de calzada en 36 meses (4); una muerte plausible; respuesta lenta, transportistas probados como recuperación. Determinan Personas y Legal.",,pending,,,AN-8-mineria-0028;AN-8-mineria-0029
EV-8-mineria-0031,S11-R01,S11,riesgo,,,agente-8b-mineria,ai,8,F8-AG-01,metodologia v0.2,protocolo v0.2,2026-10-07,inicial,,,,,,,"Rotura de la tubería de solución rica de 2013 o de una junta, por fatiga, golpe de ariete o daño en el puente-tubería sobre la quebrada Q2","Salida de solución cianurada fuera de la contención secundaria, al suelo o a la quebrada","Contaminación de la quebrada y el arroyo, posible llegada a la toma de riego y a la potabilizadora, remediación, sanción y suspensión",v0/emi41/fichas/S11/S11-R01.md; v0/emi41/fichas/S11/empresa.md; v0/emi41/fichas/S11/transferencia.md,4,3,,observed,EV-S11-011;EV-S11-012;EV-S11-013,"Historia propia: una salida fuera de contención en 2016-03 (solución pobre, línea de riego; hace más de 3 años) → 3; fugas de la tubería de solución rica retenidas por la contención en 2022-11, 2024-06 y 2025-08 (precursores) → 3. Comparable regional de 2015 (fuera de 5 años); sector: 2 casos en el país 2010–2026. +1 (§3.4): socavación del puente-tubería en 2025-02, obstrucción de la canaleta en 2026-02 (solución a 5 cm del borde), tramo del puente sin la inspección de 2026, tubería cerca del fin de vida útil → 4.",4,3,,reported,EV-S11-018;EV-S11-019;EV-S11-012,"Salida de 500–1.000 m³ a la quebrada: remediación USD 3–12 M + regantes USD 2–6 M + agua potable USD 0,3 M + multa USD 0,5–3 M + suspensión de 38 días (comparable 2015) × USD 0,8 M = USD 30,4 M → USD 36–52 M / RO 2025 USD 141 M = 26–37%, punto medio ~31% → 4 (3 en el extremo bajo). El oro diferido que se recupera al reiniciar es V.",2,,3,inferred,EV-S11-014,"Modelo de dispersión: 500 m³ en estiaje dan en la toma 0,05–0,2 mg/L de cianuro durante 4–8 h (límite de agua potable 0,1 mg/L) para 6.500 habitantes; 2 a 4 trabajadores en la traza. Lesiones leves en pocas personas → 2 (techo 3).",4,,,reported,EV-S11-012,"Con suspensión de la autoridad (38 días en el caso comparable) toda la producción detenida → más de 2 semanas → 4; sólo la reparación, 1–3 días.",4,,,reported,empresa.md S11,Suspensión parcial o total de la declaración de impacto ambiental e investigación penal por el régimen de residuos peligrosos → 4.,2,,3,observed,EV-S11-015;EV-S11-016;EV-S11-017,"Balance de caudales (actuación real 2022-11: alarma a 6 min, bombas detenidas a 11; no detecta fugas <3%); válvulas de corte (una falló en 2026-08, reparada 2026-09-10); dique de emergencia en Q2 con 4.800 m³ útiles frente a 120–340 m³ que drenan (barrera pasiva inspeccionada en 2025-11); neutralización probada en simulacro 2026-04 (2 h 10 min); cierre de la toma en 3 h 40 min (simulacro 2025-12) frente a 9–14 h de viaje del agua, sin guardia nocturna. Medidas probadas que limitan el daño a la quebrada → 2 (3 de noche o en crecida).",3,,,observed,EV-S11-010,"300 m de tubería en stock (reparación de 31 h en 2022-11, hace más de 3 años); daño en el puente sin plazo estimado; contrato de remediación de 2023 nunca activado; oro diferido recuperable sin medición → alternativas formales sin prueba vigente → 3.",4,econ;cont;legal,"econ:cont,rec(secuencial);pers:cont;cont:cont,rec(secuencial);legal:cont",econ;cont;legal,false,,false,true,,,medium,Modelo de dispersión desactualizado; duración de una suspensión (un caso comparable); crecida de diseño del puente.,32,,48,§2.1;§3.2;§3.3;§3.4;§4.2;§4.3;§4.4;§4.5;§5.2;§5.3;§5.4;§5.5,"Precursores (3) más +1 por condiciones nuevas en el puente y la canaleta (4); suspensión y remediación con pérdida de ~31% del RO; contención probada que limita el daño. Determinan Económico, Continuidad y Legal.",,pending,,,AN-8-mineria-0030
EV-8-mineria-0032,S11-R02,S11,riesgo,,,agente-8b-mineria,ai,8,F8-AG-01,metodologia v0.2,protocolo v0.2,2026-10-07,inicial,,,,,,,"Aumento de la presión de agua en la base de la pila por riego y lluvias, posible pérdida de capacidad del drenaje y carga sísmica",Deslizamiento de un talud de la pila que involucra una o más fases,Personas sepultadas o alcanzadas en la pila y al pie; rotura del revestimiento y salida de solución; oro inmovilizado; lixiviación detenida; suspensión,v0/emi41/fichas/S11/S11-R02.md; v0/emi41/fichas/S11/empresa.md; v0/emi41/fichas/S11/transferencia.md,3,,4,observed,EV-S11-022;EV-S11-024;EV-S11-021,"Sin fallas de estabilidad propias en 14 años (el deslizamiento superficial de 3.000 m³ en 2019 no es el evento). Sector: 22 fallas en ~250 pilas × 20 años (~0,4% por pila-año), sin datos de altura ni clima: no es jerarquía 1 comparable. Precursores propios: PZ-14 y PZ-17 subieron 6,5 y 4,1 m (2025-11 a 2026-08); prisma P-31 de 1 a 4 mm/mes → 3. Sin ajuste: las condiciones (agua sobre el cálculo de 2024, lluvias de 2026) son las que producen los precursores; 2 piezómetros sin lectura desde 2026-05, dentro del mismo período. Techo 4.",5,,,inferred,EV-S11-005;EV-S11-004,"Oro en el sector oeste USD 138 M (recuperación por reapilado sin estimar; remover 30 Mt ~USD 120 M) + reconstrucción USD 60–120 M + remediación USD 3–12 M + pérdida de margen de 45% × USD 0,8 M/día durante 12–24 meses (~USD 131 M por año) → muy por encima del RO de USD 141 M → 5.",5,,,observed,EV-S11-003,"26 a 42 personas por turno en la pila y al pie (12–13 de riego, 10 de apilamiento, 4 de bombas al pie oeste, hasta 15 contratistas); el deslizamiento del sector oeste alcanza el pie donde están las bombas → más de una muerte plausible → 5.",5,4,,inferred,S11-R02,"Si el deslizamiento alcanza la pileta de solución rica y las bombas del pie oeste (la ficha dice que el sector oeste llega al pie), se detiene el envío de solución de toda la pila: 8 a 14 meses → 5; si sólo pierde las fases 4 y 5 (45%), degradación de 12–24 meses → 4.",4,,,reported,S11-R02,Suspensión de la operación por las autoridades minera y ambiental e investigación penal si hay víctimas o contaminación → 4.,4,3,,observed,EV-S11-025,"Evacuación por alarma radial y sirena (simulacro 2025-10: 21 personas fuera en 7 min; la sirena no se oye en el norte de la fase 6, sin corregir); sin radar de talud que anticipe la falla; pileta de eventos con 68.000 m³ libres; brigada con simulacro de rescate 2026-02; neutralización y aviso a regantes. Frente a un deslizamiento sin alerta previa, el daño a personas, oro e infraestructura se produce casi completo → 4.",3,,,reported,S11-R02,"Apilar mineral nuevo en la fase 6 este (capacidad de ~9 meses), nunca usado con ese fin; sin plan escrito de recuperación → alternativa parcial propia sin prueba → 3.",5,econ;pers;cont,"econ:cont,rec(secuencial);pers:cont;cont:cont,rec(secuencial);legal:cont",econ;pers,true,econ;pers;cont,true,true,,Análisis de estabilidad con los niveles de 2026; reponer los 2 piezómetros sin lectura.,high,Factor de seguridad con los niveles de agua de 2026 (entrega 2026-11); 2 piezómetros sin lectura; oro recuperable por reapilado.,60,,80,§2.1;§3.2;§3.3;§3.4;§4.2;§4.3;§4.4;§4.5;§5.2;§5.3;§5.4;§5.5;D20;D23,"Precursores propios (3); consecuencia extrema en Económico, Personas y Continuidad; contención débil sin alerta temprana. Determinan Económico y Personas.",,pending,,,
EV-8-mineria-0033,S11-R03,S11,riesgo,,,agente-8b-mineria,ai,8,F8-AG-01,metodologia v0.2,protocolo v0.2,2026-10-07,inicial,,,,,,,"Apertura de bridas o tanques sin drenar, baja de pH que libera ácido cianhídrico o salpicaduras",Un operario inhala ácido cianhídrico o absorbe cianuro en una dosis que produce síntomas,"Intoxicación desde mareo hasta pérdida de conciencia o muerte; investigación, clausura preventiva del sector y sanciones",v0/emi41/fichas/S11/S11-R03.md; v0/emi41/fichas/S11/empresa.md; v0/emi41/fichas/S11/transferencia.md,3,2,,observed,EV-S11-040;EV-S11-041;EV-S11-042,"Historia propia: intoxicación con síntomas en 2021-06 (hace más de 3 años) → 3; la salpicadura de 2025-03 no tuvo síntomas (no es el evento). Precursores bajo los controles actuales: 12 ppm de HCN en 2024-09, 10 alarmas personales 2025–2026 → 3. Sector: 9 intoxicaciones en 7 operaciones 2014–2025. Sin −1: los permisos con bloqueo (2021-07) y la segunda medición de pH (2024-11) ya regían durante los precursores que fijan el nivel.",1,,2,reported,S11-R03,"Atención y traslado USD 20–60 mil + multas USD 20–200 mil + planta de recuperación detenida 1–3 días (USD 0,8–2,4 M de margen, recuperable después: V) → <2% del RO de USD 141 M → 1.",3,,4,reported,EV-S11-042,"El trabajador que interviene (dos si un compañero entra a rescatar sin protección). HCN sobre 100 ppm puede causar pérdida de conciencia y muerte sin tratamiento; en el sector, 9 intoxicaciones con atención médica y ninguna muerte en 11 años. Intoxicación grave con internación → 3 (techo 4).",2,,,reported,S11-R03,Planta de cianuro o de recuperación detenida 1 a 3 días; la lixiviación sigue → 2.,4,3,,reported,S11-R03,Investigación de la autoridad minera y de la superintendencia con clausura preventiva del sector hasta corregir la causa → clausura temporal → 4.,2,,,observed,EV-S11-044;EV-S11-040,"Antídoto y oxígeno en 4 puntos (simulacro 2026-05: antídoto a 14 min); enfermería 24 h a 6 min; duchas probadas semanalmente (actuación real 2025-03); brigada con respiración autónoma; helicóptero sólo de día. Probadas, limitan el daño a pocas personas → 2.",1,,,observed,S11-R03,Pileta de solución rica (25 h de caudal) y 45 días de cianuro: una parada de 2 días de la planta de recuperación en 2025-09 se recuperó en la semana siguiente sin pérdida de oro → 1.,4,legal,"econ:cont,rec(secuencial);pers:cont;cont:cont,rec(secuencial);legal:cont",legal,false,,false,true,,,low,,24,,24,§2.1;§3.3;§3.4;§4.2;§4.3;§4.4;§4.5;§5.2;§5.3;§5.4;§5.5,Antecedente de más de 3 años y precursores (3); intoxicación grave plausible; clausura preventiva del sector (Legal 4); contención y recuperación probadas. Determina Legal.,,pending,,,
EV-8-mineria-0034,S11-R04,S11,riesgo,,,agente-8b-mineria,ai,8,F8-AG-01,metodologia v0.2,protocolo v0.2,2026-10-07,inicial,,,,,,,"Tránsito de camiones de 180 t, palas, cargadores y ~60 livianos con puntos ciegos, fatiga y alertas sólo sonoras",Colisión de un camión de extracción con otro equipo pesado o con un vehículo liviano,"Lesiones o muerte de ocupantes, daño a equipos, clausura preventiva de un sector y sanciones",v0/emi41/fichas/S11/S11-R04.md; v0/emi41/fichas/S11/empresa.md; v0/emi41/fichas/S11/transferencia.md,5,,,observed,EV-S11-050,"Historia propia: colisiones en 2024-10, 2025-07 y 2026-04 en los últimos tres años (2023-05 queda justo antes) → frecuencia media de una por año → 5. Sin ajuste: los semáforos de 2026-06 cubren 2 de 6 cruces y no están verificados.",1,,2,reported,EV-S11-050,"Daño a equipos USD 0,2–1,2 M + camioneta USD 60 mil + multas USD 20–200 mil + reclamo por una muerte (bruto, la cobertura patronal no reduce I) ~USD 1 M; la clausura de 1–5 días no reduce la producción de oro → ~USD 1,5–2,5 M / RO USD 141 M = 1–2% → 1.",4,,5,observed,EV-S11-050;EV-S11-052,Ocupantes de un liviano (1 a 4) aplastados por un camión de 180 t (2023-05: fractura y 12 días de internación); 2 muertes por colisión con camiones en la provincia 2016–2025. Una muerte plausible → 4 (techo 5).,3,,,inferred,S11-R04,"Transporte: un camión de 22 fuera de servicio 4 a 12 semanas sin el margen de flota (V): degradación menor a la mitad, un nivel abajo de 4 → 3 (A8); clausura de un sector 1–5 días.",4,,,reported,S11-R04,Clausura preventiva del sector y causa penal si hay una muerte → 4.,4,3,,observed,EV-S11-054,"Brigada con ambulancia en mina (actuación real 2023-05 a 7 min; simulacro 2026-06: extracción a 31 min), enfermería 24 h, helicóptero sólo de día. Frente al aplastamiento de una cabina, el daño se produce casi completo → 4.",1,,,observed,EV-S11-050,Margen de flota de 2 camiones: actuaciones reales 2024-10 y 2026-04 sin pérdida de movimiento → 1.,4,pers;legal,"econ:cont,rec(secuencial);pers:cont;cont:cont,rec(secuencial);legal:cont",pers;legal,false,,true,true,,,low,,80,,100,§2.1;§3.3;§4.2;§4.3;§4.4;§4.5;§5.2;§5.3;§5.4;§5.5;D23,Colisiones con frecuencia anual (5); una muerte plausible; contención casi nula frente al aplastamiento. Determinan Personas y Legal.,,pending,,,AN-8-mineria-0032
EV-8-mineria-0035,S11-R05,S11,riesgo,,,agente-8b-mineria,ai,8,F8-AG-01,metodologia v0.2,protocolo v0.2,2026-10-07,inicial,,,,,,,"Pileta con 62% ocupado al inicio de la temporada (regla: 25%) y tormenta intensa, a veces con corte de energía",La solución diluida supera el vertedero de emergencia de la pileta de eventos y sale hacia la quebrada Q3,"Solución con cianuro en la quebrada y el arroyo en crecida, posible llegada a la toma y la potabilizadora; remediación, sanción y suspensión del riego",v0/emi41/fichas/S11/S11-R05.md; v0/emi41/fichas/S11/empresa.md; v0/emi41/fichas/S11/transferencia.md,3,,4,observed,EV-S11-061;EV-S11-062;EV-S11-063;EV-S11-012,"Nunca desbordó en 14 años. Sector: un desborde en el país en 2017 (otra región). Precursores propios: ocupación de 71% en 2026-02 tras tormentas de 44 y 51 mm, 62% al corte (regla de 25%), corte de 9 h de la línea en 2026-02 → 3. Sin ajuste: la sobreocupación, los evaporadores y la planta de tratamiento sin permiso ya estaban en el período de los precursores. El bombeo de retorno actúa antes del desborde (P, A11). Techo 4: 6 tormentas de más de 40 mm en 14 años y 68.000 m³ libres frente a 142.000 m³ de la tormenta de diseño.",4,3,5,inferred,EV-S11-012;EV-S11-018;EV-S11-019,"Suspensión del riego de 60 días (caso sectorial 2017) × USD 0,8 M = USD 48 M + regantes USD 2–6 M + agua potable + multa USD 0,5–3 M + remediación de decenas de miles de m³ sin estimar (USD 3–12 M para 500–1.000 m³) → ~USD 55–70 M / RO USD 141 M = 39–50% → 4 (techo 5 por la remediación sin estimar).",1,,2,inferred,S11-R05,"No hay personas en el vertedero ni en Q3; aguas abajo, solución diluida en una crecida de 8 a 25 m³/s, sin modelo de dispersión → 1 (techo 2).",4,,,reported,EV-S11-012,Suspensión del riego: la producción de oro cae en días y se detiene 60 días (caso sectorial) → 4.,4,,,reported,S11-R05,Suspensión parcial o total e investigación penal por residuos peligrosos → 4.,4,,,observed,EV-S11-017;EV-S11-016,"Dique de sedimentos en Q3 de 15.000 m³ sin revestimiento, no diseñado para solución, inspección visual 2025-12; neutralización no ensayada en Q3 ni con lluvia (camino cortado 6 h en 2026-02); cierre de la toma en 3 h 40 min sin guardia nocturna. Medidas débiles → 4.",4,,,reported,S11-R05,"Contrato de remediación nunca activado; la reanudación del riego depende de la autoridad, sin antecedente → cubre poco → 4.",4,econ;cont;legal,"econ:cont,rec(secuencial);pers:cont;cont:cont,rec(secuencial);legal:cont",econ;cont;legal,false,,false,true,,,medium,Volumen desbordado según la tormenta; costos de remediación de un desborde grande; dónde va el bombeo de retorno (P o V).,48,,80,§2.1;§2.2;§3.2;§3.3;§3.4;§4.2;§4.3;§4.4;§4.5;§5.3;§5.4;§5.5,"Precursores propios (3); suspensión de 60 días con pérdida de ~45% del RO; contención y recuperación débiles. Determinan Económico, Continuidad y Legal.",,pending,,,AN-8-mineria-0031
EV-8-mineria-0036,S11-R06,S11,riesgo,,,agente-8b-mineria,ai,8,F8-AG-01,metodologia v0.2,protocolo v0.2,2026-10-07,inicial,,,,,,,"Acceso a materiales con oro con regla de dos personas incumplida, cámaras sin monitoreo nocturno y conciliación mensual con umbral del 2%",Sustracción de material con oro de la planta de recuperación o de la bóveda,"Pérdida económica, investigación penal y, en un robo con violencia, personas en riesgo",v0/emi41/fichas/S11/S11-R06.md; v0/emi41/fichas/S11/empresa.md; v0/emi41/fichas/S11/transferencia.md,4,,,observed,EV-S11-071;EV-S11-073,"Historia propia: faltante de 4,2 kg de lodo de cátodos en 2024-02 (dentro de 36 meses) y de 1,8 kg en 2019-06 → 4. Sector: 5 robos internos en el país 2020–2025. Sin ajuste: la regla de dos personas incumplida en 25% de las cosechas no está documentada como peor que en el período.",1,,2,observed,EV-S11-070;EV-S11-071,"Escenario como los antecedentes: 1 a 6 kg de oro (USD 0,1–0,6 M) + costos legales USD 50–200 mil → <1% del RO de USD 141 M → 1; una semana de barras (USD 9,6 M, 7%) → techo 2.",1,,3,reported,S11-R06,"En un robo interno nadie resulta lesionado → 1; en un robo con violencia en la bóveda, 2 a 6 personas en riesgo (techo 3).",2,1,,reported,S11-R06,Fundición detenida 1 o 2 días para la investigación → 2 (la producción se recupera la semana siguiente).,1,,,reported,S11-R06,Denuncia penal con S11 como víctima; ninguna sanción regulatoria → 1.,4,,5,observed,EV-S11-071;EV-S11-074,"Conciliación mensual: detectó los faltantes de 2019 y 2024, este 6 semanas después, sin grabaciones del período; alarma de bóveda con guardias a 4 min (simulacro 2025-11) sólo para un robo con violencia → detección tardía → 4 (A6).",4,,,observed,EV-S11-071,Recupero por la justicia: 61% en 2019; nada en 2024 (actuación real reciente sin resultado) → capacidad no formal que cubre poco → 4.,2,cont,"econ:cont,rec(secuencial);pers:cont;cont:cont,rec(secuencial);legal:cont",cont,false,,false,true,,,medium,Si hubo sustracciones por debajo del umbral de conciliación; escenario plausible (lodo o barras).,32,,60,§2.1;§3.3;§4.2;§4.3;§4.4;§4.5;§5.2;§5.3;§5.4;§5.5,Antecedente en 36 meses (4); pérdida económica baja en el escenario de los antecedentes; contención tardía. Determina Continuidad (parada de 1–2 días).,,pending,,,AN-8-mineria-0033
EV-8-mineria-0037,S11-R07,S11,riesgo,,,agente-8b-mineria,ai,8,F8-AG-01,metodologia v0.2,protocolo v0.2,2026-10-07,inicial,,,,,,,"Plan de 38 puntos con un pozo (PM-12) con tendencia de conductividad y sulfatos, requerimiento con plazo próximo y entregas fuera de plazo",Resultado por encima de un límite del permiso o incumplimiento del plan que la autoridad constata,"Acta, multa, plan de adecuación obligatorio, posible suspensión parcial y condiciones más exigentes en la renovación de 2027-07",v0/emi41/fichas/S11/S11-R07.md; v0/emi41/fichas/S11/empresa.md; v0/emi41/fichas/S11/transferencia.md,5,4,,observed,EV-S11-081;EV-S11-082;EV-S11-084,"Historia propia: resultado de cianuro sobre el límite en PM-12 en 2025-04 (dentro de 36 meses) y entrega fuera de plazo en 2023-08 (justo fuera) → 4. +1 (§3.4): condiciones posteriores al antecedente: requerimiento de 3 pozos que vence el 2026-10-15 con 2 pendientes hasta 2026-11 (prórroga pedida, sin respuesta) y tendencia de conductividad y sulfatos 38% sobre la base desde 2025-11 → 5.",1,,3,reported,EV-S11-083;EV-S11-085,"Multa USD 40 mil a 1,1 M + pozos y estudios del plan de adecuación → <2% del RO de USD 141 M → 1; si la causa es una filtración, captación USD 4–7 M (3–5%, 2); suspensión parcial de 20 días que alcance el riego, USD 16 M (11%, techo 3).",1,,,reported,S11-R07,No hay daño directo a personas por el desvío → 1.,1,,3,reported,S11-R07,Una multa o un plan de adecuación no detienen la operación → 1 (suspensión parcial de 20 días: techo 3).,3,,4,observed,EV-S11-081;EV-S11-083,"Acta, multa y plan de adecuación bajo inspección → 3; suspensión parcial (caso sectorial de 20 días) → techo 4.",2,,,observed,EV-S11-081,"Notificación en 48 h y remuestreo (actuación real 2025-04: terminó en requerimiento sin multa); equipo legal y ambiental con relación técnica con la autoridad (actuó en 2023, 2025 y 2026) → probadas que limitan la sanción → 2.",no_aplica,,,reported,S11-R07,Con una multa o un plan de adecuación no hay nada que restablecer en la operación → no_aplica (§5.5.2).,3,legal,econ:cont;pers:cont;cont:cont;legal:cont,legal,false,,false,true,,,medium,Respuesta a la prórroga de los pozos; causa de la tendencia del PM-12 (informe 2026-12).,30,,40,§2.1;§3.3;§3.4;§4.2;§4.4;§4.5;§5.2;§5.3;§5.5,Antecedente en 36 meses más +1 por el requerimiento que vence sin cumplirse (5); sanción formal con plan de adecuación; contención probada. Determina Legal.,,pending,,,AN-8-mineria-0034
EV-8-mineria-0038,S12-R01,S12,riesgo,,,agente-8b-mineria,ai,8,F8-AG-01,metodologia v0.2,protocolo v0.2,2026-10-07,inicial,,,,,,,"Condiciones industriales distintas del piloto (relación Mg/Li 6,8, salmuera a 4–12 °C, partículas en suspensión a 3,6 veces la especificación, más caudal y ciclos más cortos) y desgaste mecánico en columnas de 60 m³",La capacidad de absorción del inventario de material cae por debajo del 80% de la de diseño,"Producción proporcional a la capacidad que queda, reposición del inventario (USD 16 M, 9 meses, un solo fabricante), demora de ventas y riesgo de rescisión del contrato de venta",v0/emi41/fichas/S12/S12-R01.md; v0/emi41/fichas/S12/empresa.md; v0/emi41/fichas/S12/transferencia.md,3,,5,observed,EV-S12-010;EV-S12-011;EV-S12-012;EV-S12-013;EV-S12-014,"Sin antecedentes propios ni de comparables (no hay plantas de esta tecnología a escala industrial; la demostrativa del licenciante, 11% por año, es de otra escala y otra salmuera). Precursores propios: columna 3 con 9% de pérdida en 6 semanas tras 4 días de salmuera sin filtrar; las otras 7, 2–4%; finos de 0,8% del inventario en 10 semanas; partículas a 18 mg/L contra 5 → ancla 3. Sin ajuste: las partículas y la temperatura de invierno ya estaban en el período de los precursores; el segundo filtro no está aprobado (ausente también entonces). La opinión del ingeniero independiente (20–45% de pérdida el primer año; jerarquía 5) da el techo 5.",4,,5,inferred,EV-S12-031;EV-S12-003;EV-S12-001,"Magnitud (§4.2, paso 3): S12 no tuvo RO positivo en ningún ejercicio (2023–2025) ni ventas, por lo que no existen los pasos 1 y 2. Se usa el presupuesto 2026 de gastos operativos, USD 34 M, como medida económica anual de la organización (la lectura de las anclas habla de 'presupuesto corriente' y de 'corregir el presupuesto del año'). La pérdida por interrupción es el margen de contribución previsto: (USD 13.500 − USD 5.200) × 2.100 t del plan 2027 = USD 17,4 M por año, unos USD 1,45 M por mes (presupuesto 2027 no ejecutado; base inferred). Escenario plausible: capacidad del inventario entre 55% y 80% hasta reponerlo. Reposición de las 220 t USD 16 M + margen perdido por ~30% de capacidad durante 9 meses (0,3 × 9 × USD 1,45 M ≈ USD 3,9 M) ≈ USD 19,9 M / USD 34 M = 59% → 4. Peor creíble: por debajo del 50% no se alcanza la operación comercial y el comprador puede rescindir desde 2027-06 → 5.",1,,,observed,S12-R01,No hay personas expuestas: lo que se daña es el material → 1.,4,,5,inferred,EV-S12-013,"Absorción degradada en la proporción de la capacidad perdida (más de 20%, menos de la mitad en el escenario plausible) durante los 9 meses de fabricación del inventario nuevo: como interrupción sería 5; degradación menor a la mitad → 4 (§4.4). Si cae por debajo de la mitad → 5.",1,,,observed,S12-R01,Sin consecuencia regulatoria; la rescisión del contrato de venta es económica → 1.,3,,,observed,EV-S12-013,Medición diaria de capacidad por columna (detectó la caída de la columna 3 en 2026-08) y operación con menos caudal y ciclos más largos (ensayada 5 días en 2026-09: recupera parte del rendimiento con 25% menos caudal). Sostienen parte de la producción pero la pérdida de capacidad y la reposición se producen igual → 3.,3,,,observed,EV-S12-031,"Reserva propia de 22 t (10% del inventario; alcanza para una columna al 80%), con procedimiento de recambio del licenciante de 2025 nunca ensayado: alternativa parcial formal sin prueba → 3 (F5-4B). La fabricación de inventario nuevo (9 meses, sin otro fabricante) es la reposición normal; no hay plan de continuidad.",4,econ;cont,"econ:cont,rec(secuencial);pers:cont;cont:cont,rec(secuencial);legal:cont",econ;cont,false,,false,true,,Seguir la curva de capacidad por columna en operación continua; decidir el segundo filtro; obtener los datos crudos de la planta demostrativa.,high,"No hay operación industrial continua de más de 6 semanas, ni comparables a escala industrial, ni datos crudos de la planta demostrativa; comportamiento con salmuera de invierno en operación continua.",36,,75,§2.1;§3.2;§3.3;§3.4;§4.2;§4.3;§4.4;§4.5;§5.1;§5.3;§5.4;§5.5,Precursores propios en la puesta en marcha (3); reposición del inventario y margen perdido por encima de la mitad de la medida de referencia; producción degradada 9 meses. Determinan Económico y Continuidad.,,pending,,,AN-8-mineria-0035;AN-8-mineria-0037;AN-8-mineria-0038
EV-8-mineria-0039,S12-R02,S12,riesgo,,,agente-8b-mineria,ai,8,F8-AG-01,metodologia v0.2,protocolo v0.2,2026-10-07,inicial,,,,,,,"Falla de una manguera o acople en la descarga de cisternas, rotura de una brida o tubería de dosificación, o falla del tanque de PRFV","Salida de ácido clorhídrico al 32% fuera del tanque, la cisterna o la tubería","Exposición de operadores y chofer a vapores y salpicaduras, ácido en el suelo del salar, parada de la purificación, notificación y sanciones",v0/emi41/fichas/S12/S12-R02.md; v0/emi41/fichas/S12/empresa.md; v0/emi41/fichas/S12/transferencia.md,4,3,5,observed,EV-S12-021;EV-S12-022;EV-S12-023,"Antecedente propio: pérdida de 0,4 m³ por una brida en 2026-08, retenida en la bandeja (cuenta aunque se contuvo, §3.1). Una ocurrencia en 2,5 meses de registro da más de una por año en el período con registro → ancla 5 (lectura literal). −1 (§3.4): revisión y torque de las 46 bridas de la línea después de la pérdida, control verificado que el período del antecedente no refleja → 4. Sin +1: las mangueras sin control ya estaban; el aumento a ~100 descargas por año no está presente al corte. Otras fuentes: 5 plantas de la Puna con el mismo reactivo, 3 derrames 2018–2025 (→ 3); registro nacional, 1 cada ~2.500 descargas (sólo descargas, sin altura ni clima; → 1–2).",2,1,3,reported,EV-S12-020;EV-S12-022,"Magnitud (§4.2, paso 3): S12 no tuvo RO positivo en ningún ejercicio (2023–2025) ni ventas, por lo que no existen los pasos 1 y 2. Se usa el presupuesto 2026 de gastos operativos, USD 34 M, como medida económica anual de la organización (la lectura de las anclas habla de 'presupuesto corriente' y de 'corregir el presupuesto del año'). La pérdida por interrupción es el margen de contribución previsto: (USD 13.500 − USD 5.200) × 2.100 t del plan 2027 = USD 17,4 M por año, unos USD 1,45 M por mes (presupuesto 2027 no ejecutado; base inferred). Escenario plausible (manguera o brida, sin contención): limpieza y neutralización USD 50–300 mil + reparación USD 30–250 mil + multa USD 10–200 mil + 1 a 3 días sin purificación (hasta USD 0,15 M de margen) ≈ USD 0,6–0,8 M / USD 34 M ≈ 2% → 2. Si es el tanque: 3–5 meses (~USD 6,5 M de margen) → 3.",3,,4,reported,EV-S12-020;EV-S12-022,"Hasta 3 personas en una descarga (2 operadores y el chofer), 2 en operación normal. Ácido al 32%: vapores irritantes y quemaduras químicas por salpicadura; en comparables, 2 trabajadores atendidos por inhalación. Lesión grave en pocas personas → 3; daño ocular irreversible por salpicadura sin descontaminación → 4 (techo).",2,,,observed,EV-S12-020;EV-S12-021,"Purificación detenida 1 a 3 días si es una brida o tubería → 2. Una falla del tanque (3 a 5 meses de reposición, nivel 5) es el peor creíble pero no el escenario plausible; no se registra rango porque cubriría más de tres niveles.",3,,,observed,empresa.md S12,"Notificación obligatoria a la autoridad ambiental y al registro de precursores químicos, acta y posible multa; investigación de la superintendencia si hay lesionados → 3.",3,,,observed,EV-S12-024;EV-S12-025,"Dique de 110% con revestimiento antiácido, sin ensayo de estanqueidad (barrera pasiva sin verificación: presente sin prueba); la playa de descarga no tiene dique (canaleta a una pileta de 5 m³ frente a cisternas de 25 m³); cal sin ensayo; duchas y lavaojos con prueba semanal, una congelada en 2026-07; brigada sólo con curso teórico, sin simulacro; sin detectores; enfermero por turno y hospital a 4 h. Medidas que limitan parte del daño, en parte sin prueba → 3.",2,,,observed,EV-S12-021,"Repuestos de bridas y tubería en sitio; reparación real de 2026-08 en 6 horas (probada) para el escenario plausible; para el tanque, contenedores de 1 m³ no contratados ni probados → 2.",3,pers;legal,"econ:cont,rec(secuencial);pers:cont;cont:cont,rec(secuencial);legal:cont",pers;legal,false,,false,true,,Ensayo de estanqueidad del dique; certificado de prueba de mangueras del transportista.,medium,Volúmenes derramados en los comparables; estanqueidad del dique; frecuencia con 100 descargas por año.,36,,60,§2.1;§3.1;§3.2;§3.3;§3.4;§4.2;§4.3;§4.4;§4.5;§5.2;§5.3;§5.4;§5.5,"Antecedente propio reciente (5 literal, −1 por la revisión de bridas = 4); lesiones graves posibles en pocas personas y notificación obligatoria, con contención en parte sin prueba. Determinan Personas y Legal.",,pending,,,AN-8-mineria-0035;AN-8-mineria-0036
EV-8-mineria-0040,S12-R03,S12,riesgo,,,agente-8b-mineria,ai,8,F8-AG-01,metodologia v0.2,protocolo v0.2,2026-10-07,inicial,,,,,,,"Fallas eléctricas en salas de CCM y variadores durante energizaciones, trabajos en caliente del contratista y materiales combustibles (columnas de PRFV, polietileno, aislaciones, gasoil)",Ignición en una sala eléctrica o en la zona de columnas,"Daño a salas eléctricas, columnas y material de absorción; personas expuestas al fuego y al humo; planta detenida durante la reposición",v0/emi41/fichas/S12/S12-R03.md; v0/emi41/fichas/S12/empresa.md; v0/emi41/fichas/S12/transferencia.md,5,4,,observed,EV-S12-040;EV-S12-042,"Antecedentes propios: igniciones en 2025-11 (embalajes, obra) y 2026-06 (arco en la sala eléctrica 2), 2 en 10 meses de registro ≈ 2,4 por año → ancla 5 (período con registro menor a 3 años). Sin ajuste: las energizaciones, los trabajos en caliente (85% de cumplimiento del vigía) y los relés de arco pendientes en la sala 2 son las condiciones de ese mismo período; el retiro del contratista (2026-12) no es un control presente. La estadística de la aseguradora (1 incendio de más de USD 10 M cada ~30 años-planta) mide otro evento (incendio grande, no ignición) y otra tecnología.",4,,5,inferred,EV-S12-004,"Magnitud (§4.2, paso 3): S12 no tuvo RO positivo en ningún ejercicio (2023–2025) ni ventas, por lo que no existen los pasos 1 y 2. Se usa el presupuesto 2026 de gastos operativos, USD 34 M, como medida económica anual de la organización (la lectura de las anclas habla de 'presupuesto corriente' y de 'corregir el presupuesto del año'). La pérdida por interrupción es el margen de contribución previsto: (USD 13.500 − USD 5.200) × 2.100 t del plan 2027 = USD 17,4 M por año, unos USD 1,45 M por mes (presupuesto 2027 no ejecutado; base inferred). Escenario plausible: ignición en una sala eléctrica sin que nada actúe → tableros de la sala USD 4–5 M + limpieza USD 0,3–2 M + 7 a 9 meses sin producir (~8 × USD 1,45 M = USD 11,6 M) ≈ USD 17 M / USD 34 M = 50% → 4. Peor creíble: galpón de columnas completo (USD 28 M) + 9 meses de material → más de 100% → 5.",4,3,5,observed,EV-S12-040;EV-S12-005,"De 2 a 15 personas en el galpón o la sala según la hora (18 propias de día, hasta 85 del contratista); el arco de 2026-06 ocurrió durante una energización con personal en la sala; humo de PRFV en galpón cerrado. Una muerte plausible sin coincidencias adicionales → 4; varias en el galpón de día → 5 (techo).",5,,,reported,EV-S12-004,Sala eléctrica: 7 a 9 meses (tableros y variadores importados); columnas 6 a 8 meses y material 9 meses → más de 3 meses → 5.,4,3,,inferred,empresa.md S12,"Con una muerte plausible: investigación de la autoridad minera y de la superintendencia, responsabilidad penal posible de directivos → 4; sin víctimas, notificación ambiental → 3.",3,,,observed,EV-S12-043;EV-S12-044;EV-S12-040,"Extintores con actuación real en 2026-06 (1 minuto) y brigada con práctica con fuego real (sin simulacro en planta; 2–3 de noche); rociadores probados sólo en la sala 1; sala 2 sin supresión y con detección sin poner en marcha; zona de columnas sin detección ni supresión; red de hidrantes sin prueba de caudal y con riesgo de congelamiento; muro entre salas sin certificar y con pases sin sellar; bomberos a 2 h 30 min; evacuación probada (112 personas en 6 min, 2026-08). Medidas que limitan parte del daño, buena parte sin prueba → 3.",3,,,observed,EV-S12-004,Un variador de repuesto por tamaño (sin tableros) y 22 t de material de reserva (recambio nunca hecho): alternativa parcial formal sin prueba → 3 (F5-4B). Sin plan de continuidad.,5,cont,"econ:cont,rec(secuencial);pers:cont;cont:cont,rec(secuencial);legal:cont",cont,true,cont,true,true,,Prueba de caudal y presión de hidrantes; ajuste de relés de arco y puesta en marcha de la detección de la sala 2; termografía.,medium,Presión y caudal de hidrantes; termografía de tableros pendiente; sin estadística de esta tecnología.,75,,75,§2.1;§2.2;§3.1;§3.2;§3.3;§3.4;§4.2;§4.3;§4.4;§4.5;§5.2;§5.3;§5.4;§5.5;D20;D23,"Dos igniciones en 10 meses (5); pérdida de una sala o del galpón con 7–9 meses de parada, una muerte plausible y contención en buena parte sin prueba. Determina Continuidad.",,pending,,,AN-8-mineria-0035;AN-8-mineria-0036
EV-8-mineria-0041,S12-R04,S12,riesgo,,,agente-8b-mineria,ai,8,F8-AG-01,metodologia v0.2,protocolo v0.2,2026-10-07,inicial,,,,,,,"Licenciante sin ingresos recurrentes, con nota de duda sobre su continuidad, financiamiento por ~14 meses desde 2026-03 y reducción de personal","El licenciante deja de prestar el servicio (quiebra, cese o terminación del contrato)","Sin reposición del material, sin renovación de la llave del software (vence 2027-03-31), sin soporte ni garantía; la planta opera con lo que tiene o en modo manual",v0/emi41/fichas/S12/S12-R04.md; v0/emi41/fichas/S12/empresa.md; v0/emi41/fichas/S12/transferencia.md,3,2,4,reported,EV-S12-051;EV-S12-052;EV-S12-053;EV-S12-054;EV-S12-056,"Sin antecedentes propios ni en el sector (la tecnología no tiene historia industrial). Precursores: nota de incertidumbre del auditor en los estados 2025, ronda que cubre ~14 meses (hasta ~2027-05, dentro del horizonte), reducción del 18% del personal en 2026-08 y tiempo de soporte de 2 a 6 días en el registro propio → ancla 3. Sin ajuste: el vencimiento de la llave y la falta de información posterior a 2026-03 son parte del mismo cuadro; sin controles preventivos nuevos. El asesor financiero (assumed) estima que necesitará otra ronda antes de 2027-06.",5,4,,inferred,EV-S12-031;EV-S12-006;EV-S12-003,"Magnitud (§4.2, paso 3): S12 no tuvo RO positivo en ningún ejercicio (2023–2025) ni ventas, por lo que no existen los pasos 1 y 2. Se usa el presupuesto 2026 de gastos operativos, USD 34 M, como medida económica anual de la organización (la lectura de las anclas habla de 'presupuesto corriente' y de 'corregir el presupuesto del año'). La pérdida por interrupción es el margen de contribución previsto: (USD 13.500 − USD 5.200) × 2.100 t del plan 2027 = USD 17,4 M por año, unos USD 1,45 M por mes (presupuesto 2027 no ejecutado; base inferred). Bruto: sin licenciante, sin control de ciclos desde 2027-04 y sin otro fabricante del material hasta 2034 → la planta pierde la mayor parte de su capacidad por años: margen perdido del orden de USD 11–17 M por año durante varios años, más la garantía de desempeño (USD 8 M) sin quién la cumpla y el riesgo de rescisión del comprador → más que la medida anual de referencia → 5.",1,,,observed,S12-R04,No hay personas expuestas → 1.,5,,,observed,EV-S12-031;EV-S12-050,"Absorción sin control de ciclos ni reposición de material, sin proveedor alternativo de la tecnología: pérdida de más de la mitad de la función por más de 3 meses → 5.",1,,,observed,S12-R04,Sin consecuencia regulatoria; los reclamos en el concurso del licenciante son acciones de S12 → 1.,3,,,observed,EV-S12-006,"Operación manual de ciclos, con actuación real de 3 semanas en 2026-07 al 35% de capacidad (probada), dependiente de 2 ingenieros y de un procedimiento no escrito por completo; reserva de 22 t para el desgaste (~2,5 años con el desgaste medido; recambio nunca hecho). Sostienen una parte de la producción y dejan pasar la mayor parte del daño → 3.",3,,,observed,EV-S12-055,"Depósito de código fuente y de la receta del material con un agente de depósito (formal, contrato de 2023), nunca verificado ni probado; derecho a fabricar con un tercero sin fabricante identificado; sin plan de continuidad → alternativa formal sin prueba → 3.",5,econ;cont,"econ:cont,rec(secuencial);pers:cont;cont:cont,rec(secuencial);legal:cont",econ;cont,true,econ;cont,false,true,,Verificar el contenido del depósito y compilar el software; información financiera actual del licenciante; identificar un fabricante alternativo.,high,Contenido real del depósito; situación financiera del licenciante después de 2026-03; sin antecedentes en el sector.,45,,60,§2.1;§2.3;§3.2;§3.3;§3.4;§4.2;§4.3;§4.4;§4.5;§5.2;§5.3;§5.4;§5.5;D20,Precursores financieros y de servicio del licenciante (3); pérdida de la mayor parte de la capacidad por años sin proveedor alternativo; operación manual probada al 35% y depósito sin verificar. Determinan Económico y Continuidad.,,pending,,,AN-8-mineria-0035;AN-8-mineria-0039;AN-8-mineria-0040;AN-8-mineria-0044
EV-8-mineria-0042,S12-R05,S12,riesgo,,,agente-8b-mineria,ai,8,F8-AG-01,metodologia v0.2,protocolo v0.2,2026-10-07,inicial,,,,,,,"Arrastre de ácido, antiincrustante, agua de lavado o finos a la salmuera sin litio; falla del ajuste de pH o del desvío automático",Se reinyecta al acuífero salmuera fuera de los parámetros del permiso,"Alteración del acuífero alrededor de los pozos, suspensión del permiso de reinyección que detiene la extracción, sanciones y reclamos",v0/emi41/fichas/S12/S12-R05.md; v0/emi41/fichas/S12/empresa.md; v0/emi41/fichas/S12/transferencia.md,4,3,5,observed,EV-S12-061;EV-S12-062,"Antecedente propio: 2026-08-03, 55 m³ con pH 4,6–5,8 durante 25 minutos (desvío en manual). Una ocurrencia en 2,5 meses de registro → ancla 5 (lectura literal). −1 (§3.4): enclavamiento del desvío automático agregado el 2026-08-06 y ensayado el 2026-08-20, control verificado posterior al antecedente → 4. Sin +1: la falta de medición de partículas y los cambios de proceso de la puesta en marcha ya estaban. No hay fuentes de comparables ni del sector (primera operación que reinyecta en la región). El desvío y la pileta de contingencia se cargan aquí (actúan antes de la reinyección).",3,2,4,inferred,EV-S12-065;EV-S12-060,"Magnitud (§4.2, paso 3): S12 no tuvo RO positivo en ningún ejercicio (2023–2025) ni ventas, por lo que no existen los pasos 1 y 2. Se usa el presupuesto 2026 de gastos operativos, USD 34 M, como medida económica anual de la organización (la lectura de las anclas habla de 'presupuesto corriente' y de 'corregir el presupuesto del año'). La pérdida por interrupción es el margen de contribución previsto: (USD 13.500 − USD 5.200) × 2.100 t del plan 2027 = USD 17,4 M por año, unos USD 1,45 M por mes (presupuesto 2027 no ejecutado; base inferred). Corrección USD 0,3–2 M (assumed, hidrogeólogo) + multa USD 10 mil–1,5 M + suspensión de 2 semanas a 3 meses (hasta ~USD 4,4 M de margen) ≈ USD 3–6 M / USD 34 M ≈ 9–18% → 3.",1,,,observed,EV-S12-063,No hay personas expuestas en la planta; según el modelo de 2024 (sin calibrar) la salmuera no llega a las vertientes en 50 años → 1.,4,3,5,inferred,EV-S12-060;EV-S12-061,"Con el permiso suspendido, la pileta permite 4,5 días y después extracción y producción detenidas hasta que la autoridad levante la suspensión. Sin antecedentes de duración; la autoridad no respondió en más de 30 días el informe del evento de 2026-08 → 2 semanas a 3 meses → 4 (3 a 5).",4,3,,observed,empresa.md S12;EV-S12-060,Suspensión del permiso de reinyección (habilitación revocable) y revisión de la declaración de impacto ambiental → 4; si sólo hay acta y plan de adecuación (como en 2026-08) → 3.,3,,,observed,EV-S12-064;EV-S12-061,"Desde la reinyección: muestreo de laboratorio dos veces por turno (limita el volumen, respuesta sin prueba), pozos de monitoreo con muestreo mensual (detección hasta 30 días después) y notificación (a la autoridad a las 48 h en 2026-08; la comunidad no fue notificada, contra el acta de acuerdo). Medidas que limitan parte del daño, en parte sin prueba → 3.",4,,,observed,EV-S12-061,Bombeo de corrección desde los pozos sin procedimiento escrito ni antecedente; la reanudación depende de la autoridad; sin plan → capacidad improvisada → 4.,4,cont;legal,"econ:cont,rec(secuencial);pers:cont;cont:cont,rec(secuencial);legal:cont",cont;legal,false,,false,true,,Respuesta de la autoridad; medición de partículas en la salmuera reinyectada; procedimiento de bombeo de corrección.,high,Duración de una suspensión; respuesta de la autoridad al evento de 2026-08; llegada de finos a la salmuera reinyectada; modelo sin calibrar.,48,,75,§2.1;§2.2;§3.1;§3.3;§3.4;§4.2;§4.3;§4.4;§4.5;§5.3;§5.4;§5.5;§9.1;§9.2,"Antecedente propio reciente (5 literal, −1 por el enclavamiento = 4); suspensión del permiso que detiene la extracción semanas o meses, con contención en parte sin prueba. Determinan Continuidad y Legal.",,pending,,,AN-8-mineria-0035;AN-8-mineria-0036;AN-8-mineria-0041;AN-8-mineria-0042
EV-8-mineria-0043,S12-R06,S12,riesgo,,,agente-8b-mineria,ai,8,F8-AG-01,metodologia v0.2,protocolo v0.2,2026-10-07,inicial,,,,,,,"Vibración del rotor, operación a 3.950 m con menor enfriamiento del motor, arranques frecuentes y fuera de secuencia","Rotura del rotor, de un rodamiento o del sello del compresor centrífugo del evaporador",Sin concentración del eluido no se produce carbonato; reparación o reposición importada de 7 a 12 meses,v0/emi41/fichas/S12/S12-R06.md; v0/emi41/fichas/S12/empresa.md; v0/emi41/fichas/S12/transferencia.md,3,2,4,reported,EV-S12-073;EV-S12-071;EV-S12-072,"Sin antecedentes propios (los dos disparos de 2026-08 no rompieron el equipo: son precursores). Jerarquía 1: base de confiabilidad, 0,02 fallas mayores por equipo-año, 2 a 4 veces más el primer año (4–8%) → 2. +1 (§3.4): condiciones que esa base no refleja: dos disparos por vibración, devanados 8 °C sobre diseño en días cálidos, 4 de 9 arranques fuera de secuencia por cortes de energía, 3.950 m de altura → 3. Precursores propios dan el mismo ancla 3. El disparo por vibración (prevención) es estándar en estos equipos según el fabricante: no se ajusta.",4,3,5,inferred,EV-S12-074,"Magnitud (§4.2, paso 3): S12 no tuvo RO positivo en ningún ejercicio (2023–2025) ni ventas, por lo que no existen los pasos 1 y 2. Se usa el presupuesto 2026 de gastos operativos, USD 34 M, como medida económica anual de la organización (la lectura de las anclas habla de 'presupuesto corriente' y de 'corregir el presupuesto del año'). La pérdida por interrupción es el margen de contribución previsto: (USD 13.500 − USD 5.200) × 2.100 t del plan 2027 = USD 17,4 M por año, unos USD 1,45 M por mes (presupuesto 2027 no ejecutado; base inferred). Escenario plausible (daño del rotor, la causa con precursores): reparación en fábrica USD 1,2 M + 7 a 9 meses sin producir (~8 × USD 1,45 M = USD 11,6 M) ≈ USD 12,8 M / USD 34 M = 38% → 4. Sellos y rodamientos → 3; compresor nuevo y rescisión del comprador → 5.",1,,3,observed,EV-S12-070,"No hay personas en la sala salvo 1 operador ~15 minutos por turno (exposición, §2.3) → 1; rotura en la recorrida → 3 (techo).",5,3,,reported,EV-S12-074,"Concentración detenida (la ósmosis inversa sola es una medida, va a V): rotor 7 a 9 meses, compresor 10 a 12 → 5; sellos y rodamientos 1 a 2 semanas → 3.",1,,,observed,S12-R06,Sin consecuencia regulatoria → 1.,3,,,observed,EV-S12-071,"Disparo por vibración con actuación real en 2026-08: si lo que se rompe es un rodamiento o un sello, detiene el equipo antes de que el daño llegue al rotor (mecanismo distinto del preventivo, §2.2.5); ante una rotura súbita (álabe) no actúa. Limita parte del daño y deja pasar una parte importante → 3.",5,,,observed,EV-S12-006,Ósmosis inversa sola ensayada en 2026-07: 28% del eluido concentrado y ningún carbonato producido; repuestos de sellos y rodamientos sin uso y que no sirven si el daño es del rotor; sin evaporador de alquiler en la región; sin plan. Para el escenario del rotor nada acorta la reposición → 5.,5,cont,"econ:cont,rec(secuencial);pers:cont;cont:cont,rec(secuencial);legal:cont",cont,true,cont,false,true,,Aceptación de la inspección del compresor; análisis de la temperatura del motor; prueba de producción con ósmosis inversa sola.,medium,Confiabilidad de este compresor en este servicio y a esta altura; si la ósmosis inversa sola puede producir carbonato en especificación.,45,,60,§2.1;§2.2;§2.3;§3.2;§3.3;§3.4;§4.2;§4.3;§4.4;§4.5;§5.2;§5.3;§5.4;§5.5;D20,Base de confiabilidad (2) más +1 por precursores y condiciones de la puesta en marcha (3); 7–9 meses sin concentrar y sin alternativa probada que produzca carbonato. Determina Continuidad.,,pending,,,AN-8-mineria-0035;AN-8-mineria-0043;AN-8-mineria-0044
