evaluacion_id,risk_id,caso_empresa,tipo_objeto,riesgo_padre_id,miembros,evaluador,actor,fase,corrida_id,version_metodologia,version_protocolo,fecha,tipo_evaluacion,evaluacion_anterior_id,motivo,accion_id,accion_cambio_esperado,accion_efecto,accion_brecha_nota,riesgo_causa,riesgo_evento,riesgo_consecuencia,informacion_ref,p_valor,p_min,p_max,p_base,p_evidencia,p_observacion,i_econ_valor,i_econ_min,i_econ_max,i_econ_base,i_econ_evidencia,i_econ_observacion,i_pers_valor,i_pers_min,i_pers_max,i_pers_base,i_pers_evidencia,i_pers_observacion,i_cont_valor,i_cont_min,i_cont_max,i_cont_base,i_cont_evidencia,i_cont_observacion,i_legal_valor,i_legal_min,i_legal_max,i_legal_base,i_legal_evidencia,i_legal_observacion,v_cont_valor,v_cont_min,v_cont_max,v_cont_base,v_cont_evidencia,v_cont_observacion,v_rec_valor,v_rec_min,v_rec_max,v_rec_base,v_rec_evidencia,v_rec_observacion,i_efectivo,i_efectivo_dimensiones,v_aspectos_aplicables,c_dimension_determinante,consecuencia_extrema,consecuencia_extrema_dimensiones,safety_critical,evaluable,motivo_no_evaluable,necesidad_validacion,uncertainty,uncertainty_nota,c_raw,banda,techo_plausible,reglas_aplicadas,justificacion,reputacion_texto,review_status,revisado_por,fecha_revision,anomalias
EV-8-industria-y-construccion-0001,S02-R01,S02,riesgo,,,agente-8b-industria-y-construccion,ai,8,F8-AG-01,metodologia v0.2,protocolo v0.2,2026-10-07,inicial,,,,,,,"Mano o brazo del operario dentro de la zona de la matriz al bajar el carro (mando bimanual anulado, pedal, alimentación manual)",La prensa cierra con parte del cuerpo del operario dentro de la zona de la matriz,"Amputación o aplastamiento de dedos, mano o brazo de un operario; actuación de la autoridad de trabajo, multa y posible causa penal y reclamo civil",emi41/fichas/S02/S02-R01.md;emi41/fichas/S02/empresa.md;emi41/fichas/S02/transferencia.md,4,3,4,inferred,EV-S02-012;EV-S02-010;EV-S02-011;EV-S02-013;EV-S02-014,"Jerarquía 1: tasa sectorial ART 0,9 atrapamientos con lesión cada 100 operadores de prensa por año (2019–2024, ~3.100 operadores); con 26 operadores, 0,23 eventos esperados por año, P(≥1) ≈ 21% → nivel 3. Historia propia (registro desde 2012): un atrapamiento con lesión en 2021-08 (más de 36 meses) → ancla 3, coincide. +1 (§3.4.2): condiciones peores que el sector que la tasa no refleja: 1 de 4 prensas excéntricas con barrera fotoeléctrica contra 64% en el sector, pedal habilitado, carga manual, premio por productividad y mando bimanual anulado con cuña en 2026-06. Rango 3–4: si el incidente del guante de 2024-03 fuera antecedente, la historia propia daría 4.",2,2,3,inferred,EV-S02-016;EV-S02-010,"Bruto (D17, el seguro no reduce): reclamo civil ~USD 85 mil (acuerdo de 2023), multa USD 14 mil (2021; rango USD 2 a 80 mil), costos internos ~USD 6 mil: USD 105 mil a 170 mil / RO 2025 normalizado USD 1,52 M (sin partidas extraordinarias) = 6,9% a 11%. Plausible nivel 2; 3 si la multa va al máximo.",4,3,4,inferred,EV-S02-010;EV-S02-012,"Una persona por evento (no hay otras en la zona de la matriz). Escenario plausible: amputación de dedos o mano (41% de los atrapamientos del sector terminan en amputación; en 2021, dos falanges): daño irreversible con incapacidad permanente → 4 (§4.3). Mínimo 3 si el aplastamiento no deja secuela permanente. En la PH-800 sin bloqueo el cuerpo entero entra (una muerte, también 4).",1,,,observed,EV-S02-010,La prensa afectada queda bloqueada dos turnos; la de 160 t hace el 6% de las piezas estampadas: no es la mitad de una función crítica. Interrupción bruta menor a 1 día de una parte menor → 1.,4,,,observed,EV-S02-016;EV-S02-010,Con amputación (lesión permanente) cabe investigación penal de responsables (en 2021 se abrió una causa por lesiones) y la autoridad puede clausurar preventivamente la máquina → 4 (responsabilidad penal posible de directivos).,4,4,5,observed,EV-S02-015;EV-S02-010,"Desde el cierre del carro el daño ya está hecho. Parada de emergencia probada (2026-09-02), pero en las excéntricas el carro queda abajo y se libera a mano; retroceso de la PH-800 de 6 a 10 minutos; brigadistas sin simulacro de atrapamiento (en el turno tarde están a 40 m); emergencias llegó a los 14 min en 2021; sin kit de conservación del miembro. Medidas débiles: el daño se produce casi completo → 4.",no_aplica,,,observed,EV-S02-010,Lesión a una persona; ninguna función crítica se interrumpe (la producción pasa a otra prensa con capacidad ociosa) y la empresa no repone nada propio: recuperación no aplica (§5.5.2).,4,pers;legal,econ:cont;pers:cont;cont:cont;legal:cont,pers;legal,false,,true,true,,,medium,P depende del ajuste +1 y de si el incidente de 2024 es antecedente; no hay registro de uso del pedal.,64,,80,§2.1;§3.2;§3.3;§3.4;§4.2;§4.3;§4.5;§5.3;§5.5;§6;§8.2;D8;D17,"P 4 por la tasa sectorial (jerarquía 1) más el ajuste por condiciones peores que el sector; amputación plausible da personas 4 y legal 4 (causa penal posible), con contención débil; recuperación no aplica. Determinan personas y legal.",,pending,,,AN-8-industria-y-construccion-0005
EV-8-industria-y-construccion-0002,S02-R02,S02,riesgo,,,agente-8b-industria-y-construccion,ai,8,F8-AG-01,metodologia v0.2,protocolo v0.2,2026-10-07,inicial,,,,,,,"Rotura de eslinga o accesorio, falla del freno del aparejo o enganche mal hecho",La carga se suelta del gancho y cae desde el puente grúa,Aplastamiento de personas bajo o junto a la trayectoria; daño a la pieza y a equipos (hasta una celda robotizada); actuación de la autoridad,emi41/fichas/S02/S02-R02.md;emi41/fichas/S02/empresa.md;emi41/fichas/S02/transferencia.md,4,3,4,inferred,EV-S02-020;EV-S02-022;EV-S02-023;EV-S02-012,"Historia propia (registro desde 2019, 7 años): caídas de carga en 2019-09 y 2023-05-22 (40 meses antes del 2026-09-30, fuera de los 36) → ancla 3; hay además precursores. El dato sectorial (7 accidentes con lesión en ~140 plantas, 2019–2024) mide lesiones, no caídas: no sirve como jerarquía 1 del evento. +1 (§3.4.2): degradación que el período no refleja: accesorios descartados en aumento (4 en 2026-02, 9 en 2026-08), freno de la grúa 2 fuera de tolerancia en 2026-07 y habilitación de operadores que vence en 2026-10 sin renovación.",2,2,3,inferred,EV-S02-020;EV-S02-025,"Con un trabajador aplastado: multa USD 2 a 80 mil, reclamo civil por encima de la ART (orden de USD 85 mil como en S02-R01), daño a pieza y mesa ~USD 6,4 mil: USD 95 mil a 170 mil / RO 2025 normalizado USD 1,52 M (sin partidas extraordinarias) = 6% a 11% → 2, hasta 3. Si cae sobre la celda (USD 60 a 120 mil más soldadura degradada 3 a 6 semanas) también queda en 3.",4,3,5,observed,EV-S02-024;EV-S02-012,"Test de la barrera: la regla de no pasar bajo la carga es barrera (si falla, la carga cae sobre quien está) → V. Exposición: el trayecto pasa sobre 6 puestos de soldadura y la mesa de armado (14 personas mañana, 12 tarde); en 7 de 20 izajes auditados había alguien bajo la carga o a menos de 1 m; entre 0 y 4 personas a menos de 3 m. Carga de 1,2 a 3,5 t desde 2 a 5 m sobre una persona: aplastamiento, una muerte plausible → 4 (2 de 7 accidentes del sector fueron mortales). Máximo 5 si hay más de una persona debajo.",1,1,3,observed,EV-S02-020,"La grúa queda detenida hasta la inspección (1 día en 2023); función de soldadura y armado no pierde la mitad. Plausible 1. Si la carga cae sobre una celda robotizada (35% de las soldaduras de chasis), degradación menor a la mitad durante 3 a 6 semanas → 3 en el máximo.",4,3,4,inferred,EV-S02-012,Con una muerte o lesión permanente: investigación penal posible de responsables; además clausura preventiva de la grúa → 4.,4,,,observed,EV-S02-024,"Regla de no permanecer bajo la carga falla en 7 de 20 izajes; altura máxima de 0,5 m incumplida en 12 de 20; brigadistas y emergencias (14 min); gato hidráulico nunca ensayado para rescate. Medidas débiles: la carga cae sobre quien está → 4.",2,2,3,observed,EV-S02-020,"Segunda grúa atiende las dos zonas (usada en 2023-05 y en cada mantenimiento trimestral, probada); con una sola grúa la expedición se atrasa medio turno por día. Restablece la mayor parte en horas o días → 2. Para una celda dañada no hay contrato (3 a 6 semanas).",4,pers;legal,"econ:cont,rec(secuencial);pers:cont;cont:cont,rec(secuencial);legal:cont",pers;legal,false,,true,true,,,medium,Exposición de personas bajo la carga sale de una auditoría de un solo día.,64,,80,§2.1;§2.3;§3.2;§3.3;§3.4;§4.2;§4.3;§4.4;§4.5;§5.3;§5.4;§5.5;§6;§8.2;D8,"P 4 por antecedentes de más de 36 meses más degradación de accesorios; una muerte plausible (personas 4, legal 4) con contención débil; la segunda grúa probada protege continuidad y parte de económico. Determinan personas y legal.",,pending,,,
EV-8-industria-y-construccion-0003,S02-R03,S02,riesgo,,,agente-8b-industria-y-construccion,ai,8,F8-AG-01,metodologia v0.2,protocolo v0.2,2026-10-07,inicial,,,,,,,"Chispas o escoria de soldadura y amolado sobre trapos, cartón, pallets o aceite",Ignición de material combustible en el sector de soldadura,"Propagación por la nave (racks, pañol de pintura, aceite de prensas); daño a edificio, máquinas e inventario, interrupción de toda la producción y riesgo para las personas",emi41/fichas/S02/S02-R03.md;emi41/fichas/S02/empresa.md;emi41/fichas/S02/transferencia.md,3,3,4,inferred,EV-S02-030;EV-S02-031;EV-S02-033;EV-S02-032,"Historia propia (registro desde 2019): igniciones en 2019-11 y 2023-07-04 (39 meses antes del 2026-09-30, fuera de los 36) → ancla 3; precursores observados (combustibles a menos de 5 m en 9 inspecciones de 2026). La base de la aseguradora (4 incendios de más de USD 500 mil en ~220 plantas, 2015–2025) mide incendios grandes, no igniciones. Ajustes (§3.4): +1 por condiciones no presentes en el período (hallazgos de combustibles en aumento, 4 puestos sin cortina desde 2026-06) y −1 por controles verificados posteriores a los antecedentes (contenedores metálicos con tapa y retiro de residuos dos veces por turno, desde 2023-09): se compensan → 3.",5,4,5,inferred,EV-S02-004,"Bruto sin nada que actúe después de la ignición: sin detección en la nave, sin rociadores fuera de la cabina, 18 m sin muro hasta pintura con racks de madera y cartón en medio: el fuego alcanza la nave. Daño material hasta USD 13,65 M más demolición USD 250 mil más margen perdido (USD 23,2 mil por día hábil) / RO 2025 normalizado USD 1,52 M (sin partidas extraordinarias) ≫ 100% → 5. Aun limitado al sector (USD 0,9 a 1,5 M) daría 4.",4,3,5,inferred,EV-S02-035,"65 personas en la nave en el turno mañana y 51 en el tarde, 24 en oficinas contiguas; recorrido máximo de 70 m a 4 salidas; humo de pinturas y aceite. Sin contención (evacuación, brigada), una muerte por humo o quemaduras de quien está cerca del origen es plausible → 4; más de una no se puede descartar (5).",5,4,5,inferred,EV-S02-004;EV-S02-005,"Nave destruida: toda la producción se detiene; reconstrucción 14 a 18 meses, PH-800 10 a 12 meses → más de 3 meses → 5.",4,,,reported,EV-S02-031,"El municipio puede suspender la habilitación de la nave hasta su reconstrucción y nueva inspección de bomberos (suspensión temporal); con víctimas, autoridad de trabajo y penal posible → 4.",3,3,4,observed,EV-S02-031;EV-S02-034;EV-S02-035,"Extintores y brigada contuvieron las igniciones de 2019 y 2023 (la de 2023 a 39 meses, fuera de los 3 años) y la brigada tuvo ejercicio de ataque en 2025-10; pero las bocas de incendio dan 2,1 bar (chorro de 9 m de 15), no hay detección en la nave ni rociadores fuera de la cabina, no hay muro entre soldadura y pintura y el turno tarde no tiene simulacro desde 2024-09. Bomberos a 16 min. Limitan parte pero un fuego que pasa a los racks se desarrolla → 3.",4,4,5,reported,sin_evidencia;EV-S02-030,Sin plan de continuidad; tercerizar soldadura sólo conversado en 2025-05 (sin acuerdo escrito); naves vacías sin gestiones; la copia en la nube de planos y programas está probada (2026-01) pero las matrices físicas se pierden. Capacidad improvisada que cubre poco → 4.,5,econ;cont,"econ:cont,rec(secuencial);pers:cont;cont:cont,rec(secuencial);legal:cont",econ;cont,true,econ;cont,true,true,,,medium,No hay estudio de carga de fuego; la presión de la red puede variar según la hora; P depende de ajustes que se compensan.,45,,80,§2.1;§2.2;§2.3;§2.4;§3.2;§3.3;§3.4;§4.2;§4.3;§4.4;§4.5;§5.3;§5.4;§5.5;§6;§8.1;§8.2;D17,P 3 por igniciones propias de más de 36 meses con ajustes que se compensan; consecuencia bruta de pérdida de la nave (económico y continuidad 5) con contención parcial y recuperación improvisada. Determinan económico y continuidad.,,pending,,,
EV-8-industria-y-construccion-0004,S02-R04,S02,riesgo,,,agente-8b-industria-y-construccion,ai,8,F8-AG-01,metodologia v0.2,protocolo v0.2,2026-10-07,inicial,,,,,,,Amolado sin anteojos o con anteojos sin protección lateral,Una partícula metálica entra al ojo de un trabajador,"Cuerpo extraño ocular con atención médica y, a veces, días de baja",emi41/fichas/S02/S02-R04.md;emi41/fichas/S02/empresa.md;emi41/fichas/S02/transferencia.md,5,,,observed,EV-S02-040;EV-S02-012,"Jerarquía 1: 4,2 accidentes por cuerpo extraño ocular cada 100 expuestos por año (ART, 2019–2024); con ~41 expuestos (11 de amolado y 30 soldadores que amolan), 1,7 por año, P(≥1) ≈ 82% → 5. Historia propia: 7 a 11 consultas por año desde 2022 → 5. Sin ajuste posible por encima de 5.",1,,,observed,EV-S02-040,"Costo interno ~USD 300 por caso; multa posible USD 2 a 10 mil: < 1% de RO 2025 normalizado USD 1,52 M (sin partidas extraordinarias) → 1.",2,2,3,observed,EV-S02-040;EV-S02-041,Un trabajador por evento; 40 de 41 casos 2022–2026 con extracción en guardia y 0 a 3 días de baja (lesión leve con atención médica) → 2. Uno con lesión de córnea y 21 días de baja (incapacidad temporal) → máximo 3.,1,,,observed,EV-S02-040,El puesto se cubre en el mismo turno; ninguna función se detiene → 1.,1,1,2,observed,EV-S02-040,Denuncia a la ART cuando hay baja; sin actuaciones de la autoridad 2022–2026 → 1; un acta por falta de protección ocular sería 2.,3,,,observed,EV-S02-043,"Lavaojos (el del sector de amolado con caudal bajo, sin reparar), enfermería sólo en el turno mañana, remis a guardia oftalmológica en 20 a 30 min, usados en los casos reales: limitan el daño pero con fallas parciales → 3.",no_aplica,,,observed,EV-S02-040,No hay función interrumpida ni bien propio que reponer (§5.5.2).,2,pers,econ:cont;pers:cont;cont:cont;legal:cont,pers,false,,false,true,,,low,,30,,45,§3.2;§3.3;§4.3;§5.3;§5.5;§6,Evento recurrente (P 5 por jerarquía 1 e historia propia) con lesión leve plausible (personas 2) y contención parcial; determina personas.,,pending,,,
EV-8-industria-y-construccion-0005,S02-R05,S02,riesgo,,,agente-8b-industria-y-construccion,ai,8,F8-AG-01,metodologia v0.2,protocolo v0.2,2026-10-07,inicial,,,,,,,"Desgaste y contaminación del circuito hidráulico, fatiga y mantenimiento preventivo atrasado",Rotura de un componente de la prensa PH-800 que la deja fuera de servicio,"Se detiene el estampado de piezas grandes (38% de la facturación), con pérdida de margen, penalidades del cliente A y costo de reparación",emi41/fichas/S02/S02-R05.md;emi41/fichas/S02/empresa.md;emi41/fichas/S02/transferencia.md,5,4,5,inferred,EV-S02-050;EV-S02-052;EV-S02-053,"Historia propia (registro desde 2009): roturas en 2017-10, 2022-05 y 2025-02 (dentro de 36 meses, sin llegar a una por año) → ancla 4. +1 (§3.4.2): condiciones causales que el período no refleja: aceite ISO 21/19/16 contra 18/16/13, cambio de aceite postergado, vibración de la bomba +60% interanual, goteo del sello desde 2026-08 y cumplimiento del preventivo en baja (82% → 76%, contra 90% en comparables) → 5.",3,3,5,inferred,EV-S02-005;EV-S02-002;EV-S02-006,"Escenario plausible: válvula, bomba o sellos (los tres antecedentes). Reparación USD 15 a 60 mil + margen de contribución de las piezas de la PH-800 USD 44,7 mil por semana × 1 a 3 semanas + penalidades del cliente A (1% por día hábil, tope USD 28 mil por orden, ~2,2 órdenes por mes): ~USD 150 a 250 mil / RO 2025 normalizado USD 1,52 M (sin partidas extraordinarias) = 10% a 16% → 3. Máximo 5: cilindro (USD 310 mil + 14 a 18 semanas de margen) o tercer atraso de más de 10 días hábiles con rescisión posible del cliente A.",1,,,observed,EV-S02-050,El operador está fuera de la zona de la matriz durante el ciclo; no hay personas expuestas por la rotura → 1.,3,3,5,reported,EV-S02-005;EV-S02-050,"Estampado de piezas grandes (función crítica, ninguna otra prensa la hace) detenido por completo. Plausible (válvula o bomba): reposición normal 1 a 3 semanas → 3 (más de 3 días y hasta 2 semanas), 4 si pasa de 2 semanas; cilindro 14 a 18 semanas → 5 en el máximo.",1,,,observed,EV-S02-006,Sólo reclamo contractual del cliente A; no hay consecuencia regulatoria → 1.,3,,,observed,EV-S02-055;EV-S02-050,Parada automática por presión y temperatura probada (actuó en 2025-02) que evita que una falla de bomba o válvula dañe el cilindro; bandeja de aceite de 1.500 l para 2.400 l; stock de piezas para el cliente A de 5 días hábiles reales (política 8) que sostiene entregas una parte de la parada. Limitan una parte y dejan pasar la mayor → 3.,4,3,4,observed,EV-S02-054,"Estampado en otra provincia: usado una vez en 2022-05 (más de 3 años), sin contrato, hasta 40% del volumen y matrices trasladadas en 1 día: no es formal ni probado → 4. Técnico del representante en 72 h (48 h en 2025-02) es parte de la reparación normal. Sin plan de continuidad. Máximo 3 si se considerara formal la oferta por correo de 2026-03.",3,econ;cont,"econ:cont,rec(secuencial);pers:cont;cont:cont,rec(secuencial);legal:cont",econ;cont,false,,false,true,,,high,El plausible depende del componente que rompa (A7) y de si el atraso dispara la rescisión del cliente A; el margen de la PH-800 es un cálculo interno sin auditar.,45,,75,§2.1;§3.2;§3.3;§3.4;§4.2;§4.4;§5.1;§5.3;§5.4;§5.5;§6;D8;D21,Rotura frecuente (ancla 4 más deterioro → P 5) con interrupción plausible de 1 a 3 semanas del estampado grande; contención parcial (stock de 5 días) y recuperación informal. Determinan económico y continuidad.,,pending,,,AN-8-industria-y-construccion-0002
EV-8-industria-y-construccion-0006,S02-R06,S02,riesgo,,,agente-8b-industria-y-construccion,ai,8,F8-AG-01,metodologia v0.2,protocolo v0.2,2026-10-07,inicial,,,,,,,"Tormentas, robo de cables o fallas en la línea de media tensión del parque",Corte del suministro eléctrico de la red a la planta durante un turno de producción,"Se detiene toda la producción mientras dura el corte, con pérdida del lote del horno y horas extra para recuperar",emi41/fichas/S02/S02-R06.md;emi41/fichas/S02/empresa.md;emi41/fichas/S02/transferencia.md,5,,,observed,EV-S02-060;EV-S02-061;EV-S02-062,"Jerarquía 1: la distribuidora informa 5,1 cortes de más de 1 hora por año y alimentador (2021–2025) → > 70%. Historia propia: 6, 4, 7 y 3 cortes por año desde 2023 → 5.",1,,,observed,EV-S02-063,"Corte plausible de 2 a 7 h: margen USD 1,45 mil por hora más el lote del horno (USD 3 a 5 mil); el más largo (13 h en producción) da USD 18,9 mil + USD 4,2 mil = USD 23 mil / RO 2025 normalizado USD 1,52 M (sin partidas extraordinarias) = 1,5% → 1.",1,,,observed,EV-S02-060,Sin personas expuestas: la iluminación de emergencia cubre las salidas → 1.,1,1,2,observed,EV-S02-060,"Toda la producción se detiene durante el corte más 1,5 h de rearranque; cortes registrados de 1 a 19 h: menos de 1 día → 1. Un corte de más de un día (tormenta con postes caídos) daría 2.",1,,,observed,sin_evidencia,Ninguna consecuencia legal conocida → 1.,4,4,5,observed,EV-S02-063,El grupo electrógeno de 60 kVA (probado) no alimenta la producción; el procedimiento de retirar el lote del horno se aplicó en un corte y falló en otro. La producción se detiene igual: medidas débiles → 4.,2,,,observed,EV-S02-063,"Horas extra los sábados, usadas después de los cortes de 2024-12 y 2025-01 (actuación real con resultado): reponen casi toda la producción perdida en cortes de horas; con más de 2 días perdidos no alcanzan. Stock de 5 días para el cliente A. → 2.",1,econ;pers;cont;legal,"econ:cont,rec(secuencial);pers:cont;cont:cont,rec(secuencial);legal:cont",pers;legal,false,,false,true,,,low,,20,,25,§3.2;§3.3;§4.2;§4.4;§5.3;§5.4;§5.5;§6,"Evento recurrente con consecuencia bruta menor en todas las dimensiones; la recuperación probada baja continuidad y económico, mientras personas y legal toman la contención (4) y quedan como dimensión determinante (A8).",,pending,,,AN-8-industria-y-construccion-0004
EV-8-industria-y-construccion-0007,S02-R07,S02,riesgo,,,agente-8b-industria-y-construccion,ai,8,F8-AG-01,metodologia v0.2,protocolo v0.2,2026-10-07,inicial,,,,,,,"Demora de la acería, falta de capacidad de soldadura o paradas de equipos",Una orden del cliente A se entrega después de la fecha pactada,"Penalidad contractual por atraso y, con tres atrasos de más de 10 días hábiles en 12 meses, posible rescisión del contrato marco",emi41/fichas/S02/S02-R07.md;emi41/fichas/S02/empresa.md;emi41/fichas/S02/transferencia.md,5,,,observed,EV-S02-070,"Historia propia: 10 atrasos entre 2024-04 y 2026-08 (33 meses), más de uno por año en promedio → 5.",unknown,2,5,inferred,EV-S02-070;EV-S02-006,"Plausible: atraso de 3 a 7 días hábiles (8 de 10 casos), penalidad hasta USD 28 mil por orden promedio más horas extra y fletes: USD 30 a 40 mil / RO 2025 normalizado USD 1,52 M (sin partidas extraordinarias) ≈ 2% a 2,6% → 2. Peor creíble: ya hay dos atrasos de más de 10 días hábiles en los últimos 12 meses; un tercero habilita la rescisión del contrato marco (41% de la facturación, margen ~USD 2,4 M por año) → 5. El rango 2–5 tiene cuatro niveles: por §9.2 el factor es unknown con min 2 y max 5 (A12).",1,,,observed,EV-S02-070,No hay personas expuestas → 1.,1,,,observed,EV-S02-070,"Un atraso no detiene la planta; la rescisión dejaría capacidad ociosa, no una interrupción de funciones → 1.",1,1,2,observed,EV-S02-006,Reclamo contractual y posible rescisión con preaviso de 90 días; sin consecuencia regulatoria → 1; 2 si hubiera reclamo judicial.,3,,,observed,EV-S02-070,Stock de producto terminado de 5 días hábiles (política 8); negociación (redujo la penalidad 1 vez en 10); entregas parciales usadas en 2025-11 y 2026-08 (sobre el 70% evitan la penalidad completa). Limitan una parte → 3.,3,,,observed,EV-S02-070,"Importador alternativo probado (2025-11, 7 semanas, llega tarde para demoras cortas) y horas extra usadas en 2024-11 y 2026-08 (no alcanzaron por el tope del convenio): alternativas probadas que cubren sólo una parte → 3.",≥ 1,pers;cont;legal,"econ:cont,rec(secuencial);pers:cont;cont:cont,rec(secuencial);legal:cont",,true,econ,false,false,"i_econ unknown (rango 2–5, más de tres niveles por el peor creíble de rescisión); su cota P5 × 5 × V_econ 3 = 75 supera el C_raw de las dimensiones conocidas (15)","Probabilidad de que un atraso supere 10 días hábiles con dos atrasos largos ya acumulados, y disposición real del cliente A a rescindir.",high,La pérdida depende de la duración del atraso y de si el cliente A ejerce la rescisión.,,,75,§3.3;§4.1.4;§4.2;§9.2;§9.3;§9.4;D8;§8.1;§8.2,"P 5 por atrasos recurrentes; el económico plausible es 2 pero el peor creíble (rescisión) es 5 y el rango supera tres niveles, así que i_econ es unknown y la cota excede lo conocido: no evaluable (§9.3).",,pending,,,AN-8-industria-y-construccion-0001;AN-8-industria-y-construccion-0003;AN-8-industria-y-construccion-0007
EV-8-industria-y-construccion-0008,S05-P01,S05,padre,,,agente-8b-industria-y-construccion,ai,8,F8-AG-01,metodologia v0.2,protocolo v0.2,2026-10-07,inicial,,,,,,,"Trabajo en altura en las obras 1, 2 y 3 con protecciones incompletas (causas distintas por obra)",Un trabajador cae desde un nivel de trabajo en altura a un nivel inferior,"Lesiones o muerte del trabajador; actuación de la autoridad de trabajo, de la ART y de la justicia",emi41/fichas/S05/S05-P01.md;emi41/fichas/S05/empresa.md;emi41/fichas/S05/transferencia.md,,,,,,,,,,,,,,,,,,,,,,,,,,,,,,,,,,,,,,,,,,,4,pers;legal,,,false,,true,,,,medium,Ver la incertidumbre de cada hijo.,,,,§1.2;§1.3;§1.4;§7;D21,"Padre agrupador de tres escenarios con la misma consecuencia concreta (lesión del trabajador que cae) y causas, P y V distintas por obra (§1.3.3). Sin factores ni score propios; se muestra en la posición de su hijo prioritario por D10 entre hijos (S05-P01-S03), con S05-P01-S01 y S05-P01-S02 como detalle. prioridad_provisional = false (la plantilla no tiene la columna; ver anomalía de plantilla).",,pending,,,AN-8-industria-y-construccion-0006
EV-8-industria-y-construccion-0009,S05-P01-S01,S05,sub_riesgo,S05-P01,,agente-8b-industria-y-construccion,ai,8,F8-AG-01,metodologia v0.2,protocolo v0.2,2026-10-07,inicial,,,,,,,"Bordes de losa, huecos de ascensor y escalera sin barandas ni tapas completas en los pisos 12 y 13 de la obra 1; arnés enganchado 64%",Un trabajador cae desde un borde o por un hueco hacia un nivel inferior en el edificio,Fracturas o muerte del trabajador; paralización de la obra 1 por la autoridad; causa penal posible,emi41/fichas/S05/S05-P01-S01.md;emi41/fichas/S05/empresa.md;emi41/fichas/S05/transferencia.md,5,4,5,inferred,EV-S05-011;EV-S05-010;EV-S05-012;EV-S05-013,"Jerarquía 1: superintendencia, 1,1 accidentes con baja por caída de altura cada 100 trabajadores de construcción de edificios por año; con ~238 trabajadores en la obra 1 (128 propios y 110 de subcontratistas según el jefe de obra; el molinete registró 131), 2,6 por año, P(≥1) > 90% → 5. Historia propia (registro desde 2014): caídas en 2024-11 (hueco, 3,2 m) y 2025-08 (obra 1, 1,8 m), dentro de 36 meses sin llegar a una por año → 4. Las fuentes divergen: rango 4–5. Sin ajuste: las condiciones (bordes sin baranda, tapas retiradas, 64% de arnés enganchado) no son claramente peores que las obras que visita la ART (38% con bordes sin baranda). Con sólo los 45 trabajadores de borde la tasa daría 3 (A2).",2,2,3,inferred,EV-S05-010;EV-S05-016,"Con una muerte: reclamo civil ~USD 210 mil (2017), multa USD 20 a 80 mil (USD 35 mil en 2024), paralización de 3 a 8 días hábiles × (USD 9,6 mil de personal propio + USD 4,2 mil de subcontratistas) = USD 40 a 110 mil: USD 290 a 400 mil / RO 2025 USD 5,0 M (sin partidas extraordinarias) = 6% a 8% → 2; 3 si la paralización se alarga.",4,3,4,observed,EV-S05-010;EV-S05-014,"Un trabajador por evento (sin caídas múltiples en el registro). Altura de caída de 2,9 m (un piso por un hueco) a 38 m (piso 13); sin la red y sin el arnés (contención), una caída desde los pisos 11 a 13 es mortal → 4 (muerte en 2017 desde el piso 7). Mínimo 3: caída de un piso por un hueco (fractura de pelvis en 2024).",3,2,3,observed,EV-S05-016,"La autoridad paraliza la obra 1 (función 'ejecución de cada obra') hasta verificar barandas y tapas: 3 días hábiles en 2024, 8 en 2017 → más de 3 días y hasta 2 semanas → 3; 2 si dura 3 días.",4,,,observed,EV-S05-016,Paralización de la obra por la autoridad (clausura temporal) y causa penal posible por homicidio o lesiones culposas contra el representante técnico (2017) → 4.,3,,,observed,EV-S05-014;EV-S05-013;EV-S05-015,"Red de seguridad certificada e inspeccionada (2026-09-15), pero instalada en el piso 10: una caída desde los pisos 11 a 13 recorre hasta 3 pisos y la red no cubre los huecos; arnés enganchado sólo en el 64%; plan de rescate con simulacro (2026-02, 11 min); emergencias a 9 min (2025-08). Limitan parte del daño y dejan pasar una parte importante → 3.",2,2,3,observed,EV-S05-016,"Corrección inmediata de barandas y tapas y reprogramación: en 2024-11 la obra se reanudó a los 3 días hábiles y se recuperaron los días con 2 sábados (actuación real con resultado, dentro de 3 años) → 2. Si la autoridad pide un programa nuevo a la ART, depende de la ART (8 días en 2017).",4,pers;legal,"econ:cont,rec(secuencial);pers:cont;cont:cont,rec(secuencial);legal:cont",pers;legal,false,,true,true,,,medium,P depende de qué exposición se use para la tasa sectorial; no hay registro de horas en bordes sin protección.,60,,60,§1.3;§1.4;§2.1;§2.3;§3.2;§3.3;§3.4;§4.2;§4.3;§4.4;§4.5;§5.3;§5.4;§5.5;§6;§8.2;D21,"Hijo de S05-P01. P 5 por la tasa sectorial (jerarquía 1) frente a 4 por historia propia; muerte plausible (personas 4, legal 4) con contención parcial; la recuperación probada baja continuidad. Determinan personas y legal.",,pending,,,AN-8-industria-y-construccion-0008
EV-8-industria-y-construccion-0010,S05-P01-S02,S05,sub_riesgo,S05-P01,,agente-8b-industria-y-construccion,ai,8,F8-AG-01,metodologia v0.2,protocolo v0.2,2026-10-07,inicial,,,,,,,"Montaje de cubierta metálica a 11 m con tránsito sobre chapas y paneles translúcidos, 2 de 4 pasarelas y líneas de vida provisorias",Un trabajador cae desde la cubierta o a través de un panel translúcido al piso de hormigón,Fracturas o muerte del trabajador; paralización de tareas; causa penal posible,emi41/fichas/S05/S05-P01-S02.md;emi41/fichas/S05/empresa.md;emi41/fichas/S05/transferencia.md,3,2,4,inferred,EV-S05-011;EV-S05-020;EV-S05-021;EV-S05-022,"Jerarquía 1: 1,6 accidentes con baja por caída de altura cada 100 trabajadores de montaje metálico por año; con 9 a 16 montadores sobre la cubierta, 0,14 a 0,26 por año, P(≥1) ≈ 13% a 23% → 3 (2 con los 9 de la nómina). Historia propia: caída a través de un panel en 2022-10 (47 meses, fuera de 36) → 3; comparables: 3 caídas a través de cubiertas en Cuyo 2021–2025 → 3; precursor 2026-09-03 (panel fisurado) → 3. Sin ajuste: no hay datos para comparar pasarelas y mallas con otras obras. Exposición actual sostenida aunque el montaje termina en 2026-11 (A6).",2,2,3,inferred,EV-S05-056;EV-S05-020,"Responsabilidad solidaria frente a un montador del subcontratista (la RC patronal no la cubre; bruto igual) USD 60 a 250 mil, multa USD 20 a 80 mil, paralización de la obra 2 ~4 días × USD 5,6 mil: USD 100 a 350 mil / RO 2025 USD 5,0 M (sin partidas extraordinarias) = 2% a 7% → 2; 3 si se suman reclamos civiles altos.",4,3,4,reported,EV-S05-021;EV-S05-020,Caída de 11 m sobre hormigón: una muerte plausible → 4 (una de las 3 caídas de comparables fue mortal; la de 2022 desde 7 m dejó fracturas y 140 días de baja). 20 personas trabajan debajo; un golpe a alguien de abajo sería coincidencia adicional.,3,2,3,observed,EV-S05-020,Paralización del montaje de la cubierta o de toda la obra 2 hasta verificar correcciones (4 días hábiles en 2022 en otra nave) → 3; 2 si sólo se paraliza el montaje (menos de la mitad de la obra).,4,,,reported,EV-S05-020,"Acta y paralización de tareas; con muerte o lesión permanente, causa penal posible contra responsables de la empresa y del subcontratista → 4.",4,,,observed,EV-S05-023,Sin red bajo la cubierta; arnés sin auditoría de uso en la obra 2 (presente sin prueba); plataformas elevadoras sin plan de rescate ni simulacro; emergencias tardó 38 min en 2026-03 y el hospital está a 25 km. Medidas débiles → 4.,3,3,4,observed,EV-S05-020,"Corrección de pasarelas y líneas de vida para levantar la paralización (4 días hábiles en 2022, más de 3 años: sin prueba vigente); reprogramación con otro frente nunca usada en la obra 2. Alternativa formal presente sin prueba → 3.",4,pers;legal,"econ:cont,rec(secuencial);pers:cont;cont:cont,rec(secuencial);legal:cont",pers;legal,false,,true,true,,,medium,Dotación sobre la cubierta no coincide entre fuentes (12 o 9 montadores); el montaje termina en 2026-11; sin auditoría del arnés.,48,,64,§1.3;§1.4;§2.1;§2.3;§3.2;§3.3;§3.4;§4.2;§4.3;§4.4;§4.5;§5.3;§5.4;§5.5;§6;§8.2;D21,"Hijo de S05-P01. P 3 por tasa sectorial, comparables e historia propia de más de 36 meses; muerte plausible desde 11 m con contención débil. Determinan personas y legal.",,pending,,,AN-8-industria-y-construccion-0008;AN-8-industria-y-construccion-0009
EV-8-industria-y-construccion-0011,S05-P01-S03,S05,sub_riesgo,S05-P01,,agente-8b-industria-y-construccion,ai,8,F8-AG-01,metodologia v0.2,protocolo v0.2,2026-10-07,inicial,,,,,,,"Bordes de tableros de puentes y encofrados de alcantarillas sin baranda ni línea de vida en el puente 2, sin permiso de trabajo en altura",Un trabajador cae desde el borde del tablero o del encofrado al cauce,Fracturas o muerte del trabajador en una obra rural lejos del hospital; paralización; causa penal posible,emi41/fichas/S05/S05-P01-S03.md;emi41/fichas/S05/empresa.md;emi41/fichas/S05/transferencia.md,5,4,5,inferred,EV-S05-011;EV-S05-030;EV-S05-031;EV-S05-032,"Jerarquía 1: 0,4 accidentes con baja por caída de altura cada 100 trabajadores de obras viales por año; con ~159 a 190 trabajadores en la obra 3, 0,64 a 0,76 por año, P(≥1) ≈ 47% a 53% → 4. Historia propia sin ocurrencias en 9 obras viales (ninguna con puentes de más de 5 m): no indica nivel. Comparable cercano: caída mortal desde un tablero en 2023-02 → 3. +1 (§3.4.2): control preventivo ausente que lo habitual no refleja: puente 2 sin baranda ni línea de vida pese a que vialidad exige baranda desde 2024, sin permiso de trabajo en altura y sin registro de capacitación → 5.",2,2,3,inferred,EV-S05-056;EV-S05-061,"Con el certificado de ART del subcontratista vencido la empresa responde por prestaciones y reclamo civil (USD 60 a 250 mil), multa laboral USD 20 a 80 mil, multa del pliego USD 48 mil, paralización ~5 días × USD 8,9 mil más equipos: USD 175 a 420 mil / RO 2025 USD 5,0 M (sin partidas extraordinarias) = 3,5% a 8,4% → 2; 3 con reclamos altos y paralización larga.",4,3,4,reported,EV-S05-030,Caída de 7 m sobre roca y canto rodado: una muerte plausible → 4 (caída mortal comparable en 2023). 3 si la caída es de 3 a 4 m dentro de una alcantarilla.,3,2,3,inferred,EV-S05-031,Paralización de los frentes de puentes o de toda la obra 3 (45% de la certificación) hasta verificar correcciones; sin antecedente propio; la baranda y la línea de vida del puente 2 llevan ~5 días → 3; 2 si sólo se paralizan los puentes.,4,,,reported,EV-S05-031,"Paralización de tareas, multa del pliego y pedido de reemplazo del responsable de seguridad; con muerte, causa penal posible → 4.",4,4,5,observed,EV-S05-032;EV-S05-033,"Arnés sólo con anclaje en el puente 1; sin red ni plan de rescate en altura; 2 trabajadores con curso de primeros auxilios; emergencias a 52 min (2026-01), hospital a 48 km y sin señal de celular en el puente 2. Débil → 4; 5 en el puente 2.",3,,,observed,EV-S05-031,"Traslado de cuadrillas a frentes de pavimento para sostener la certificación (hecho en 2026-07, probado, cubre sólo una parte porque los puentes están en el camino del pavimento); baranda y línea de vida del puente 2 con materiales comprados, sin instalar → 3.",4,pers;legal,"econ:cont,rec(secuencial);pers:cont;cont:cont,rec(secuencial);legal:cont",pers;legal,false,,true,true,,,medium,No se sabe cuántas personas trabajan en altura ni cuántas horas; P depende de la exposición usada para la tasa y del ajuste.,80,,100,§1.3;§1.4;§2.1;§2.3;§3.2;§3.3;§3.4;§4.2;§4.3;§4.4;§4.5;§5.3;§5.4;§5.5;§6;§8.2;D21,Hijo prioritario de S05-P01. P 5 (tasa sectorial 4 más +1 por puente sin baranda ni anclaje); muerte plausible con contención débil y lejos del hospital. Determinan personas y legal.,,pending,,,AN-8-industria-y-construccion-0008
EV-8-industria-y-construccion-0012,S05-R04,S05,riesgo,,,agente-8b-industria-y-construccion,ai,8,F8-AG-01,metodologia v0.2,protocolo v0.2,2026-10-07,inicial,,,,,,,"Zanjas de 3 a 4,2 m en suelo aluvional sin cohesión, 2 juegos de entibado para 5 zanjas abiertas y acopio en el borde",Se desmorona una pared de la zanja de una alcantarilla con trabajadores dentro,Sepultamiento parcial o total de uno o más trabajadores; paralización; causa penal posible,emi41/fichas/S05/S05-R04.md;emi41/fichas/S05/empresa.md;emi41/fichas/S05/transferencia.md,4,,,observed,EV-S05-040;EV-S05-041,"Historia propia (registro desde 2014): 2026-02-19, obra 3, desprendimiento de 1,5 m³ que cubrió a un trabajador hasta las rodillas: antecedente dentro de 36 meses, una sola vez → 4. El desmoronamiento de 2025-03 sin personas dentro es precursor. El dato sectorial (9 muertes 2019–2024) no tiene tasa: no es jerarquía 1. Sin ajuste: las condiciones de 2026-08 (zanja sin entibar, acopio en el borde) no consta que sean distintas de las del antecedente de 2026-02.",2,2,3,inferred,EV-S05-056;EV-S05-061,"Multa laboral USD 20 a 80 mil, multa del pliego USD 48 mil, rehacer la alcantarilla USD 8 a 15 mil, paralización ~1 semana (plazo de nuevos entibados) × USD 8,9 mil más equipos, solidaria por ART vencida USD 60 a 250 mil: USD 180 a 450 mil / RO 2025 USD 5,0 M (sin partidas extraordinarias) = 3,6% a 9% → 2; 3 con más de una víctima.",4,3,5,inferred,EV-S05-040,"De 2 a 4 trabajadores dentro; una pared de 3 a 4 m cubre la franja de 1,5 a 2 m junto a ella. Sin rescate, el sepultamiento del torso es mortal: una muerte plausible → 4; más de una si hay dos en la franja (5).",3,2,3,inferred,EV-S05-042,Paralización de los frentes de alcantarillas o de toda la obra 3 hasta verificar correcciones; los cajones de entibado nuevos tienen 1 semana de plazo → 3; 2 si sólo se paralizan las alcantarillas.,4,,,reported,EV-S05-040,"Acta y paralización de tareas; con muerte, causa penal posible; vialidad puede pedir el reemplazo del responsable de seguridad → 4.",4,,,observed,EV-S05-040;EV-S05-033,"Rescate a pala por compañeros (funcionó en 2026-02 con tierra hasta las rodillas, no alcanza con más de 1 m³ sobre el torso); retroexcavadora sin procedimiento; sin plan de rescate; emergencias a 52 min, bomberos a 45 min sin equipo para zanjas; sin señal en 3 de 5 frentes. Débil → 4.",3,,,observed,EV-S05-042,"Traslado de cuadrillas a pavimento (probado en 2026-07, cubre una parte) y compra o alquiler de cajones de entibado con 1 semana de plazo (cotizado, sin uso) → 3.",4,pers;legal,"econ:cont,rec(secuencial);pers:cont;cont:cont,rec(secuencial);legal:cont",pers;legal,false,,true,true,,,medium,Sin estudio de suelos de las alcantarillas; cantidad de personas por zanja variable.,64,,80,§2.1;§3.2;§3.3;§4.2;§4.3;§4.4;§4.5;§5.3;§5.4;§5.5;§6;§8.2,Antecedente propio de 2026 (P 4); sepultamiento con una muerte plausible y contención débil. Determinan personas y legal.,,pending,,,
EV-8-industria-y-construccion-0013,S05-R05,S05,riesgo,,,agente-8b-industria-y-construccion,ai,8,F8-AG-01,metodologia v0.2,protocolo v0.2,2026-10-07,inicial,,,,,,,"Izajes con trayectoria sobre la vereda o la calzada, viento, eslingado mal hecho o falla de accesorio",Una carga o parte de ella se desprende de la grúa torre de la obra 1 y cae fuera del predio,Peatones u ocupantes de vehículos lesionados o muertos; paralización de la obra por el municipio; reclamos de terceros y causa penal,emi41/fichas/S05/S05-R05.md;emi41/fichas/S05/empresa.md;emi41/fichas/S05/transferencia.md,4,4,5,observed,EV-S05-050;EV-S05-052;EV-S05-053,"Historia propia: 2025-06-18, una tabla de 8 kg cayó desde ~30 m a la vereda (fuera del predio): antecedente dentro de 36 meses, sin frecuencia anual → 4. Comparables: 3 caídas a la vía pública en la ciudad 2020–2025 → 3. Sin ajuste aplicado: los izajes sobre la calzada (14 de 120) y la falta de limitador de giro (4 de 9 grúas de la ciudad lo tienen) no consta que difieran del período del antecedente; la altura creciente es exposición. Máximo 5 si se considera que los izajes sobre la calzada son una condición nueva.",3,2,4,inferred,EV-S05-056;EV-S05-050,"Con un tercero muerto: indemnización USD 150 a 400 mil, multa municipal hasta USD 100 mil, paralización de 2 a 4 semanas (peritaje de la grúa) × (USD 9,6 mil + USD 2,1 mil por día hábil) ≈ USD 120 a 230 mil, multa del fideicomiso USD 2 mil por día corrido de atraso: ~USD 400 a 800 mil / RO 2025 USD 5,0 M (sin partidas extraordinarias) = 8% a 16% → 3; 2 con lesiones y paralización corta; 4 con varias víctimas.",4,3,5,reported,EV-S05-054;EV-S05-055,"La pluma barre la vereda (4 m) y 2 carriles; 30 peatones por minuto en hora pico y 900 vehículos por hora. Sin la pasarela (contención), un objeto o una carga que cae desde 30 a 50 m sobre la vereda alcanza a un peatón: una muerte plausible → 4. Una carga de 1 a 1,8 t sobre la vereda en hora pico o sobre un vehículo puede matar a más de una persona (5).",4,3,4,reported,EV-S05-050,"Paralización de la obra 1 hasta que el municipio apruebe un nuevo plan (4 días hábiles en 2025 sin heridos); con víctimas, peritaje de la grúa de 2 a 4 semanas y posible incautación (otra grúa: 3 a 6 semanas) → más de 2 semanas → 4; 3 si la paralización es corta.",4,,,reported,EV-S05-050,"Paralización por el municipio y posible suspensión del permiso de obra; con víctimas, causa penal contra el representante técnico, el operador y responsables → 4.",3,,,observed,EV-S05-055;EV-S05-050,"Pasarela techada (barrera pasiva inspeccionada en 2026-06, retuvo la tabla en 2025-06): retiene objetos de hasta 25 kg y no cubre la calzada; señalero presente sin registro de actuación y que no detiene vehículos; plan de emergencia sin la vía pública; emergencias a 9 min. Limitan parte del daño → 3.",3,2,3,observed,EV-S05-050,Revisión del plan de seguridad para levantar la paralización (probada en 2025: 4 días hábiles); con víctimas manda el peritaje de 2 a 4 semanas; alquiler de otra grúa nunca usado. Probada sólo para una parte → 3.,4,pers;cont;legal,"econ:cont,rec(secuencial);pers:cont;cont:cont,rec(secuencial);legal:cont",pers;cont;legal,false,,true,true,,,medium,No hay registro de cuántos izajes pasan sobre la vereda; el peso de lo que cae define la consecuencia.,48,,75,§2.1;§2.3;§3.2;§3.3;§3.4;§4.2;§4.3;§4.4;§4.5;§5.3;§5.4;§5.5;§6;§8.2,"Antecedente propio de 2025 (P 4); muerte plausible de un tercero, paralización de más de 2 semanas con víctimas; contención parcial por la pasarela. Empatan personas, continuidad y legal como determinantes.",,pending,,,
EV-8-industria-y-construccion-0014,S05-R06,S05,riesgo,,,agente-8b-industria-y-construccion,ai,8,F8-AG-01,metodologia v0.2,protocolo v0.2,2026-10-07,inicial,,,,,,,Tareas de 23 subcontratistas con controles propios y verificación documental en el ingreso,Un trabajador de un subcontratista sufre un accidente con lesión en una obra de la empresa,Lesión del trabajador; responsabilidad solidaria de la empresa; actuación de la autoridad de trabajo,emi41/fichas/S05/S05-R06.md;emi41/fichas/S05/empresa.md;emi41/fichas/S05/transferencia.md,5,,,observed,EV-S05-060;EV-S05-011,"Historia propia: 14, 19 y 12 (nueve meses) accidentes informados por año desde 2024 → 5. Tasa sectorial 7,4 cada 100 por año sobre 212 a 300 trabajadores → 16 a 22 por año → 5.",1,1,3,inferred,EV-S05-056;EV-S05-061,"Accidente típico (cortes y golpes, 58%) con ART vigente del subcontratista: costo para la empresa limitado a una multa posible (USD 2 a 80 mil) → < 2% de RO 2025 USD 5,0 M (sin partidas extraordinarias) → 1. Con ART vencida y lesión de 30 a 90 días, USD 5 a 30 mil (1). Con incapacidad permanente o muerte, USD 60 a 250 mil más multa → 2 a 3 en el máximo.",2,2,4,observed,EV-S05-060,"Un trabajador por evento. Tipos registrados: cortes y golpes 58%, caídas a nivel o de menos de 3 m 24%, atrapamientos y amputaciones 6%. Plausible: lesión leve con atención médica y baja corta → 2; 3 con baja de más de 30 días (6 de 45); 4 con amputación.",1,,,observed,EV-S05-060,En 45 accidentes 2024–2026 no se paralizó ninguna obra; el subcontratista reemplaza al trabajador en 1 a 3 días → 1.,2,2,4,reported,EV-S05-060,"Acta de la autoridad de trabajo a la empresa principal y al subcontratista → 2; con lesión permanente, causa penal posible (4).",3,,,observed,EV-S05-033;EV-S05-060,"Primeros auxilios y emergencias con actuaciones reales (9 min en obras urbanas, 38 min en la obra 2, 52 min en la obra 3) y denuncia inmediata a la ART del subcontratista (falló cuando el accidente no se informó). Limitan parte → 3.",no_aplica,,,observed,EV-S05-060,No hay función de la empresa que restablecer; el subcontratista reemplaza al trabajador (§5.5.2).,2,pers;legal,econ:cont;pers:cont;cont:cont;legal:cont,pers;legal,false,,false,true,,,medium,Dotación real de subcontratistas desconocida y accidentes no informados.,30,,60,§3.2;§3.3;§4.2;§4.3;§4.4;§4.5;§5.3;§5.5;§6;D21,"Evento recurrente (P 5) con lesión leve plausible y acta (personas 2, legal 2) y contención parcial; recuperación no aplica. Determinan personas y legal.",,pending,,,AN-8-industria-y-construccion-0010
EV-8-industria-y-construccion-0015,S05-R07,S05,riesgo,,,agente-8b-industria-y-construccion,ai,8,F8-AG-01,metodologia v0.2,protocolo v0.2,2026-10-07,inicial,,,,,,,Materiales de valor en obras abiertas con vigilancia nocturna que no cubre los frentes de la obra 3,"Sustracción de materiales, herramientas o insumos de una obra","Costo de reposición, atraso de la tarea afectada, denuncia y reclamo al seguro",emi41/fichas/S05/S05-R07.md;emi41/fichas/S05/empresa.md;emi41/fichas/S05/transferencia.md,5,,,observed,EV-S05-070,"Historia propia (registro desde 2019): 11, 14 y 9 (nueve meses) denuncias por año desde 2024 → 5.",1,,,observed,EV-S05-070;EV-S05-071,"Robo plausible de USD 1,2 a 22 mil (promedio USD 6,8 mil) / RO 2025 USD 5,0 M (sin partidas extraordinarias) < 0,5% → 1.",1,,,observed,EV-S05-070,Ningún lesionado en los robos registrados (de noche o fin de semana) → 1.,1,,,observed,EV-S05-070,Sólo se atrasa la tarea afectada 1 a 4 días; las otras siguen: no es la mitad de una función crítica → 1.,1,,,observed,EV-S05-070,Denuncia policial; ninguna consecuencia regulatoria → 1.,4,,,observed,EV-S05-073;EV-S05-070,Vigilador nocturno detectó 2 de 3 intentos en 2026-09 pero no está en los frentes de la obra 3; cámaras sin monitoreo en vivo (en 2025-08 no se recuperó nada). Débil → 4.,2,,,observed,EV-S05-070,"Reposición con proveedores de cuenta abierta (1 a 4 días, usada en cada robo 2024–2026) y reserva del 20% de las herramientas eléctricas en el pañol central: restablece en días y repone la mayor parte de lo perdido para la obra → 2.",1,econ;pers;cont;legal,"econ:cont,rec(secuencial);pers:cont;cont:cont,rec(secuencial);legal:cont",pers;legal,false,,false,true,,,low,,20,,20,§3.3;§4.2;§4.4;§5.3;§5.4;§5.5;§6,"Evento recurrente (P 5) de consecuencia menor; la recuperación probada baja continuidad y económico, y personas y legal (I 1 con contención 4) quedan como determinantes (A8).",,pending,,,AN-8-industria-y-construccion-0011
EV-8-industria-y-construccion-0016,S05-R08,S05,riesgo,,,agente-8b-industria-y-construccion,ai,8,F8-AG-01,metodologia v0.2,protocolo v0.2,2026-10-07,inicial,,,,,,,"Abandono del subcontratista eléctrico, días de lluvia y certificados impagos del comitente",La obra 4 (escuela) no se termina dentro del plazo contractual (2026-12-15),"Multa diaria por atraso, costos de aceleración y, al tope, posible rescisión y suspensión en el registro",emi41/fichas/S05/S05-R08.md;emi41/fichas/S05/empresa.md;emi41/fichas/S05/transferencia.md,5,,,inferred,EV-S05-081;EV-S05-082;EV-S05-084,"Comparables: el ministerio informó que 11 de 18 escuelas licitadas en 2023–2024 terminaron después del plazo original (recurrente en comparables, 61%) → 4. Historia propia: escuela con 45 días de atraso en 2022 (más de 3 años) → 3. +1 (§3.4.2): condiciones que esas fuentes no reflejan: 38 días de atraso al 2026-09-12 con intimación, subcontratista eléctrico de reemplazo con 7 de 12 personas, certificados impagos; el programa propio da 24 a 57 días de atraso → 5.",2,2,3,observed,EV-S05-080;EV-S05-082,"Bruto sin contención ni aceleración: 57 días × USD 4,5 mil = USD 256,5 mil / RO 2025 USD 5,0 M (sin partidas extraordinarias) = 5,1% → 2. El plan de aceleración (USD 140 mil) es costo del control, no de la consecuencia. 3 si el atraso pasa de ~110 días; el tope (USD 900 mil a los 200 días) no es plausible.",1,,,observed,EV-S05-080,No hay personas expuestas → 1.,1,,,observed,EV-S05-080,El atraso no detiene ninguna función de la empresa → 1.,2,2,3,observed,EV-S05-080,"Multa por resolución del comitente con intimación, recurrible (requerimiento formal) → 2. Rescisión y suspensión en el registro sólo con la multa al tope (200 días), no plausible → máximo 3.",3,,,observed,EV-S05-084,"Ampliación de plazo por lluvias (21 días pedidos, 5 meses sin respuesta; en 2022 se aprobaron 30, más de 3 años), suspensión del plazo por pagos atrasados (no usada nunca) y recurso administrativo (no usado en 2022): medidas presentes sin prueba vigente → 3.",3,,,inferred,EV-S05-082;EV-S05-085,"Plan de aceleración en marcha desde 2026-09-26, que según el programa acorta el atraso de 57 a 24 días, sin resultado medido y con el subcontratista eléctrico incompleto: alternativa formal presente sin prueba → 3.",2,econ;legal,"econ:cont,rec(secuencial);pers:cont;cont:cont,rec(secuencial);legal:cont",econ;legal,false,,false,true,,,medium,No se sabe cómo resolverá el comitente la ampliación; el programa no está aprobado por el comitente.,30,,45,§2.2;§3.2;§3.3;§3.4;§4.2;§4.5;§5.3;§5.4;§5.5;§6;D15,Evento casi seguro (P 5 por comparables más ajuste) con multa bruta de ~5% del RO; contención y recuperación presentes sin prueba. Determinan económico y legal.,,pending,,,AN-8-industria-y-construccion-0012;AN-8-industria-y-construccion-0013
EV-8-industria-y-construccion-0017,S05-R09,S05,riesgo,,,agente-8b-industria-y-construccion,ai,8,F8-AG-01,metodologia v0.2,protocolo v0.2,2026-10-07,inicial,,,,,,,"Excavación de 3,5 m a 0,6 m de la medianera norte de la obra 4 y compactación con rodillo vibratorio",Asentamiento o descalce de la fundación de la vivienda lindera,"Fisuras, deformación o derrumbe parcial de la vivienda lindera con riesgo para sus ocupantes; reclamo de vecinos; paralización de la obra",emi41/fichas/S05/S05-R09.md;emi41/fichas/S05/empresa.md;emi41/fichas/S05/transferencia.md,4,3,4,inferred,EV-S05-094;EV-S05-095;EV-S05-093;EV-S05-091,"Historia propia (registro desde 2014): descalce de un lindero en 2019 (más de 3 años) → 3; comparables: 6 reclamos por daños a linderos en 41 permisos con excavación de más de 2 m en ciudad B (2021–2025) → 3; precursor: fisuras del lindero este en 2026-05 → 3. +1 (§3.4.2): condiciones que esas fuentes no reflejan: fundación del lindero norte no verificada (el cálculo la supone), muros de adobe de 1946, sin acta de constatación ni sondeo, excavación a 0,6 m de la medianera → 4. Si las fisuras de 2026-05 fueran antecedente, la historia propia daría 4 sin ajuste (A6).",2,2,4,inferred,EV-S05-096;EV-S05-056;EV-S05-094,"Escenario que el ingeniero espera con la fundación supuesta: fisuras USD 5 a 40 mil, más paralización de la obra 4 por el municipio (5 semanas en 2019) con personal parado y multa del pliego de USD 4,5 mil por día corrido sobre una obra ya atrasada: ~USD 250 a 350 mil / RO 2025 USD 5,0 M (sin partidas extraordinarias) = 5% a 7% → 2. Derrumbe parcial: reconstrucción USD 120 a 250 mil, realojamiento y comercio → 3; con víctimas, USD 150 a 400 mil por persona → 4.",unknown,1,5,assumed,EV-S05-091;EV-S05-090;EV-S05-092,"Con la fundación supuesta, fisuras sin lesiones (1); si la fundación es menos profunda o el adobe está degradado, derrumbe parcial de un muro portante y del techo sobre los dormitorios contra la medianera, con 5 ocupantes (dos menores y una persona mayor de 80 años): más de una muerte (5). Falta conocer tipo, profundidad y estado de la fundación y de los muros: el rango 1–5 no se acota a tres niveles (§9.2).",3,3,4,inferred,EV-S05-094,"El municipio puede paralizar la obra 4 hasta que un perito apruebe la estabilidad y el método (5 semanas en 2019 con descalce). Con fisuras, plausiblemente 1 a 2 semanas → 3; 4 con descalce.",2,2,4,inferred,EV-S05-094,Reclamo civil de los vecinos → 2; paralización por el municipio o causa penal con víctimas → 4.,4,,,observed,EV-S05-094,"Monitoreo topográfico previsto y no instalado; puntales disponibles (apuntalamiento en 2 días en 2019, más de 3 años); sin protocolo de evacuación con la familia. Débil → 4.",4,3,5,observed,EV-S05-094,"Peritaje y nuevo método (5 semanas en 2019) y reconstrucción con personal propio (4 meses en 2019): es el camino normal, sin alternativa que acorte; capacidad propia sin prueba vigente → 4.",≥ 3,cont,"econ:cont,rec(secuencial);pers:cont;cont:cont,rec(secuencial);legal:cont",,true,pers,true,false,"i_pers unknown (rango 1–5 por la fundación desconocida del lindero); su cota P4 × 5 × contención 4 = 80 supera el C_raw de las dimensiones conocidas (48, continuidad)","Relevamiento y sondeo de la fundación y de los muros de la vivienda lindera norte (tipo, profundidad, humedad del adobe) antes del 2026-10-13.",high,Fundación y estado de la vivienda lindera desconocidos: definen si la consecuencia son fisuras o un derrumbe sobre los ocupantes.,,,80,§3.2;§3.3;§3.4;§4.1.4;§4.3;§8.1;§8.2;§9.2;§9.3;§9.4;D8,"P 4 (comparables e historia propia más ajuste por fundación no verificada); I-personas unknown porque la fundación desconocida separa fisuras de un derrumbe sobre 5 ocupantes; la cota supera lo conocido: no evaluable, con banderas por el máximo (§8.2).",,pending,,,AN-8-industria-y-construccion-0014;AN-8-industria-y-construccion-0007
EV-8-industria-y-construccion-0018,S22-R01,S22,riesgo,,,agente-8b-industria-y-construccion,ai,8,F8-AG-01,metodologia v0.2,protocolo v0.2,2026-10-07,inicial,,,,,,,"Vapores de solventes con fuentes de ignición (electrostática en trasvases, luminarias no aptas, trabajo en caliente)",Ignición de vapores o de solvente derramado en el depósito de solventes o en la sala de mezcla A,"Incendio del depósito con daño al edificio, tanques e inventario; riesgo para personas del sector y del envasado contiguo; humo al barrio; detención de la línea A",emi41/fichas/S22/S22-R01.md;emi41/fichas/S22/empresa.md;emi41/fichas/S22/transferencia.md,4,3,4,inferred,EV-S22-010;EV-S22-011;EV-S22-012,"Historia propia (registro desde 2004, 22 años): una ignición por electrostática en 2020-01 (más de 36 meses) → 3; comparables: 2 incendios en ~35 plantas de Cuyo 2016–2025 → 3; precursores (pinzas sin continuidad, 15% del LIE junto al tambor) → 3. +1 (§3.4.2): condiciones que la fuente no refleja: 3 luminarias no aptas para atmósfera explosiva hasta 2026-10, 2 de 9 pinzas de puesta a tierra sin continuidad en 2026-05, vapores a 15% del LIE con alarma regulada al 20% → 4.",5,4,5,reported,EV-S22-004,"Bruto: depósito, sala e inventario USD 2,9 M + margen de la línea A USD 510 mil por mes × 6 a 8 meses (USD 3,1 a 4,1 M) = USD 6 a 7 M / RO 2025 USD 6,2 M (sin partidas extraordinarias) ≈ 97% a 113%; sin muro ni puerta (barreras en V), el fuego alcanza el envasado: + USD 3,2 M y tres líneas detenidas 4 a 6 meses → ≫ 100% → 5.",4,3,5,inferred,EV-S22-003;EV-S22-017,"8 (turno A) o 6 (turno B) personas en el depósito y la sala, 40 o 32 en el envasado contiguo; incendio de solventes: una muerte plausible entre los del sector → 4; varias si alcanza el envasado (5). Humo hacia el barrio (a 110 m) el 31% del tiempo.",5,,,reported,EV-S22-004,"Línea A (función crítica, 34%) detenida hasta reponer depósito y sala: 6 a 8 meses → más de 3 meses → 5.",4,,,reported,EV-S22-004,"Clausura preventiva del sector por el municipio, sumario ambiental por agua de extinción o humo, causa penal posible con lesionados → 4.",3,2,3,observed,EV-S22-013;EV-S22-014;EV-S22-015,"Detección de llama probada (2026-06) con disparo de espuma; la espuma falla en parte (1 de 4 boquillas tapada, 2,1% contra 3%: un tanque sin cobertura); muro cortafuego verificado en 2026-02 (barrera pasiva probada) pero la puerta estuvo trabada abierta en 2026-08; red de 600 m³ al 100% del diseño; brigada y evacuación con simulacro con bomberos en 2025-11. Limitan parte; con la espuma degradada el depósito puede perderse → 3.",4,,,reported,EV-S22-016,"Depósito de un operador logístico sólo contactado, sin contrato (no permite mezclar); façon por el 30% de la línea A ofrecido en 2024, sin contrato ni uso; sin plan de continuidad. Capacidad no formal → 4.",5,econ;cont,"econ:cont,rec(secuencial);pers:cont;cont:cont,rec(secuencial);legal:cont",econ;cont,true,econ;cont,true,true,,,medium,Si la puerta cortafuego queda abierta en otras ocasiones; efecto real de la espuma degradada.,60,,60,§2.1;§2.2;§2.3;§3.2;§3.3;§3.4;§4.2;§4.3;§4.4;§4.5;§5.2;§5.3;§5.4;§5.5;§6;§8.1;§8.2;D17,P 4 (ignición propia de más de 36 meses más condiciones de ignición no resueltas); pérdida bruta del depósito y la línea A por más de 6 meses (económico y continuidad 5) con contención parcial y recuperación informal. Determinan económico y continuidad.,,pending,,,
EV-8-industria-y-construccion-0019,S22-R02,S22,riesgo,,,agente-8b-industria-y-construccion,ai,8,F8-AG-01,metodologia v0.2,protocolo v0.2,2026-10-07,inicial,,,,,,,"Rotura o desacople del flexible, falla de empaquetadura o válvula, o error de secuencia en la descarga de cloro",Sale cloro de la conexión entre la cisterna y el tanque y se forma una nube de cloro gaseoso,"Intoxicación de operadores, chofer, personal y, según caudal y viento, vecinos y escuela; clausura; actuación de autoridades",emi41/fichas/S22/S22-R02.md;emi41/fichas/S22/empresa.md;emi41/fichas/S22/transferencia.md,2,1,3,inferred,EV-S22-021;EV-S22-020;EV-S22-023;EV-S22-024,"Jerarquía 1: cámara sectorial, 3 liberaciones con lesionados en ~9.000 descargas (2014–2024): con 24 descargas por año, ~0,8% anual → 1. Historia propia: 1 liberación en ~500 descargas (2021-09, 60 meses) → ancla 3 (4,7% anual leída como frecuencia). Las fuentes de jerarquía 1 y 2 divergen: rango 1–3. +1 (§3.4.2): condiciones peores que lo que la cámara recomienda: flexible en uso con prueba hidráulica vencida desde 2026-08, prueba de hermeticidad omitida en 2 de 18 descargas, detector fuera de calibración en 2026-06 → 2 (A2).",3,3,5,inferred,EV-S22-021;EV-S22-002,"Bruto con un operador muerto o intoxicados en la planta: clausura de la planta de cloración (línea C, USD 330 mil por mes) ~7 semanas como en el caso sectorial ≈ USD 540 mil, multa ambiental hasta USD 500 mil, reclamos USD 150 a 400 mil por muerte: ~USD 0,8 a 1,4 M / RO 2025 USD 6,2 M (sin partidas extraordinarias) = 13% a 23% → 3. Si se clausura el establecimiento (USD 72 mil por día hábil × 35 días = USD 2,5 M) → 4; con víctimas en el barrio → 5.",4,3,5,reported,EV-S22-022;EV-S22-021,"Escenario plausible: falla de junta o válvula de la conexión sin que nadie cierre (sin contención): exposición de los 2 operadores y el chofer a una nube que no se corta: una muerte plausible → 4 (en el caso sectorial murió un operador y 14 vecinos fueron hospitalizados). Peor creíble: rotura del flexible sin cierre y vaciado de 18 t, 20 ppm a 2,8 km con viento hacia el barrio (38% del tiempo): muertes múltiples → 5.",4,3,4,reported,EV-S22-021,"Clausura preventiva de la planta de cloración (línea C, función crítica) hasta aprobar un informe técnico: 7 semanas en el caso sectorial → 4; la reparación de la conexión sola lleva días (3).",4,4,5,reported,EV-S22-021,"Clausura preventiva, sumario ambiental, notificación obligatoria; con lesionados o muertos, causa penal contra directivos → 4; revisión de la habilitación del establecimiento → 5 en el máximo.",2,2,3,observed,EV-S22-025;EV-S22-026;EV-S22-020,"Detectores a 1 ppm (actuación real 2021, prueba mensual; uno estuvo descalibrado), válvulas de cierre de emergencia del tanque probadas (4 s, 2026-03), simulacro 2026-04 con cierre a los 2 minutos y evacuación en 7: medidas probadas que limitan el daño a la zona de descarga para fugas del lado del tanque → 2. Del lado de la cisterna, la válvula de exceso de flujo no tiene prueba registrada, la cortina de agua tiene 2 de 6 boquillas con caudal bajo y la sirena no tiene plan con el barrio ni la escuela → 3 en el máximo.",3,3,4,observed,EV-S22-063,"Reposición de flexibles en 3 días; compra de hipoclorito a terceros para reventa (cubrió el 60% por 3 semanas en 2023-04, más de 3 años: sin prueba vigente, sin contrato) → 3.",4,pers;cont;legal,"econ:cont,rec(secuencial);pers:cont;cont:cont,rec(secuencial);legal:cont",pers;cont;legal,false,,true,true,,,high,Estado de la válvula de exceso de flujo de las cisternas; estudio de consecuencias con población de 2010; P sale de una tasa que cuenta sólo liberaciones con lesionados.,16,,45,§2.1;§2.3;§3.2;§3.3;§3.4;§4.2;§4.3;§4.4;§4.5;§5.2;§5.3;§5.4;§5.5;§6;§8.2,"P 2 por la tasa sectorial con ajuste; muerte plausible de un operador y clausura de la línea C, con contención probada del lado del tanque (2). Empatan personas, continuidad y legal; queda visible por safety_critical.",,pending,,,AN-8-industria-y-construccion-0018;AN-8-industria-y-construccion-0021
EV-8-industria-y-construccion-0020,S22-R03,S22,riesgo,,,agente-8b-industria-y-construccion,ai,8,F8-AG-01,metodologia v0.2,protocolo v0.2,2026-10-07,inicial,,,,,,,"Rotura de IBC o tambor, rotura de manguera o sobrellenado en la playa que drena al pluvial",Producto derramado entra al desagüe pluvial del predio,"El producto llega al arroyo (mortandad de peces, espuma, pH); multa con reincidencia, remediación y sumario ambiental",emi41/fichas/S22/S22-R03.md;emi41/fichas/S22/empresa.md;emi41/fichas/S22/transferencia.md,4,4,5,inferred,EV-S22-030;EV-S22-031;EV-S22-034,"Historia propia (registro desde 2019): 2023-10-17, 1,2 m³ de alcalino entraron al pluvial (35,5 meses antes del 2026-09-30, dentro de 36) → 4; precursores: 27 derrames en la playa 2024–2026. Ajustes (§3.4) que se compensan: +1 por la rejilla rota sin malla en la zona de carga de IBC (2026-08) y −1 por controles posteriores al antecedente (procedimiento de carga de IBC de 2023-11 y bordillo de 2024-05 en 600 m²). Los kits antiderrame actúan antes de la entrada al pluvial: son preventivos (A11).",2,1,3,inferred,EV-S22-030;EV-S22-033,"Bruto sin cierre de la válvula: uno o varios m³ al arroyo; multa con reincidencia (antes de 2028-10 se puede duplicar; en 2023 fueron USD 18 mil) más remediación USD 22 a 150 mil: ~USD 60 a 250 mil / RO 2025 USD 6,2 M (sin partidas extraordinarias) = 1% a 4% → 2; 3 con multa alta por reincidencia y 5 m³ de ácido o solvente.",1,,,observed,EV-S22-030,No hay personas expuestas en forma directa más allá del operador que maneja el derrame → 1.,1,,,observed,EV-S22-030,En 2023 la playa se detuvo 6 horas para limpieza → 1.,3,3,4,observed,EV-S22-030,"Sumario ambiental, plan de remediación obligatorio bajo inspección y notificación obligatoria en 24 h, con reincidencia → 3; clausura preventiva del vertido o intervención de la autoridad de aguas si llega al canal de riego → 4.",4,3,4,observed,EV-S22-032,"Válvula de guillotina manual normalmente abierta: el ensayo de 2026-02 la cerró en 3 minutos y la canaleta lleva ~2 minutos hasta la salida, así que un derrame de IBC pasa casi entero (en 2023 se cerró a los 9 minutos con 1,2 m³ ya fuera); barreras absorbentes nunca usadas y que no retienen ácidos ni álcalis disueltos. Detección por personas y cierre tardío → 4; 3 para derrames lentos.",2,,,observed,EV-S22-030,Consultora ambiental contratada que remedió en 5 semanas en 2023-10 (actuación real dentro de 3 años) y bombeo del pluvial retenido a la planta de efluentes (8 m³ en 2023; no trata solventes) → 2.,3,legal,"econ:cont,rec(secuencial);pers:cont;cont:cont,rec(secuencial);legal:cont",legal,false,,false,true,,,medium,Sin relevamiento de usos del arroyo hasta el canal de riego; monto de multa con reincidencia abierto.,48,,80,§2.2;§3.2;§3.3;§3.4;§4.2;§4.5;§5.3;§5.4;§5.5;§6,Antecedente propio dentro de 36 meses (P 4) con sumario y remediación obligatoria (legal 3) y contención tardía; determina legal.,,pending,,,AN-8-industria-y-construccion-0016
EV-8-industria-y-construccion-0021,S22-R04,S22,riesgo,,,agente-8b-industria-y-construccion,ai,8,F8-AG-01,metodologia v0.2,protocolo v0.2,2026-10-07,inicial,,,,,,,"Autoelevadores y peatones (personal y choferes externos) en la misma playa, sendas no respetadas, 4 equipos sin limitador","Un autoelevador atropella, golpea o aprisiona a una persona","Contusiones, fracturas o aplastamiento de pies o piernas de la persona",emi41/fichas/S22/S22-R04.md;emi41/fichas/S22/empresa.md;emi41/fichas/S22/transferencia.md,4,4,5,observed,EV-S22-042;EV-S22-040,"Jerarquía 1: ART, 1,3 accidentes con lesión por autoelevador cada 10 equipos por año (2019–2024); con 6 equipos, 0,78 por año, P(≥1) ≈ 54% → 4. Historia propia: 2, 3, 2 y 1 accidentes por año desde 2023 (al menos uno por año) → 5. Fuentes de jerarquía 1 y 2 divergen: rango 4–5. Sin ajuste: no hay datos para comparar limitadores y sendas con el sector.",1,1,2,observed,EV-S22-040,"Daño al equipo o a la carga hasta USD 3 mil; reclamo de un chofer externo por contusión; sin multas 2023–2026 → < 2% de RO 2025 USD 6,2 M (sin partidas extraordinarias) → 1; con un chofer externo muerto, USD 150 a 400 mil → 2.",2,2,4,observed,EV-S22-040;EV-S22-042,"Una persona por evento: 7 de 8 casos 2023–2026 con contusiones y baja corta → 2; fractura con 24 días (3); en el sector, 4% con incapacidad permanente y 2 muertes (4).",1,,,observed,EV-S22-040,El equipo queda fuera de uso horas; los otros 5 siguen; sin atrasos de despacho → 1.,unknown,1,4,inferred,EV-S22-040;EV-S22-042,Plausible: denuncia a la ART sin actuación de la autoridad (como en 2023–2026) → 1. Peor creíble: muerte (2 en el sector) con actuación de la autoridad de trabajo y causa penal posible → 4. El rango 1–4 tiene cuatro niveles: unknown por §9.2 (A12).,3,,,observed,EV-S22-040,"Enfermería de 06:00 a 22:00 (atendió los 8 casos), emergencias a 10 min (2024-07); gato y eslingas para liberar a una persona aprisionada nunca ensayados. Limitan parte → 3.",no_aplica,,,observed,EV-S22-040,Lesión a una persona; el puesto se cubre con otro operador: nada que restablecer (§5.5.2).,≥ 2,pers,econ:cont;pers:cont;cont:cont;legal:cont,,false,,false,false,"i_legal unknown (rango 1–4 por el peor creíble de una muerte); su cota P4 × 4 × contención 3 = 48 supera el C_raw de las dimensiones conocidas (24, personas)","Ninguna información de la empresa cierra el rango: depende de la regla de §4.1.4 frente a §9.2 (A12). Como dato, frecuencia de lesiones graves por autoelevador en plantas comparables.",medium,Cuasi-accidentes registrados sólo desde 2025; exposición de choferes externos.,,,60,§3.2;§3.3;§4.1.4;§4.3;§4.5;§5.3;§5.5;§9.2;§9.3;§9.4;D8,"Evento frecuente (P 4 por jerarquía 1, 5 por historia propia) con lesión leve plausible; el legal plausible es 1 pero el peor creíble (muerte) es 4, el rango supera tres niveles y la cota excede lo conocido: no evaluable.",,pending,,,AN-8-industria-y-construccion-0015
EV-8-industria-y-construccion-0022,S22-R05,S22,riesgo,,,agente-8b-industria-y-construccion,ai,8,F8-AG-01,metodologia v0.2,protocolo v0.2,2026-10-07,inicial,,,,,,,"Salpicaduras en el llenado abierto de la línea 4, desacople de mangueras, rotura de envases, protección no colocada",Producto corrosivo entra en contacto con la piel o los ojos de un operario de envasado,Quemadura química de piel u ojos,emi41/fichas/S22/S22-R05.md;emi41/fichas/S22/empresa.md;emi41/fichas/S22/transferencia.md,5,,,observed,EV-S22-050,"Historia propia (desde 2004): 6, 8, 5 y 4 (nueve meses) quemaduras químicas atendidas por año desde 2023 → 5.",1,,,observed,EV-S22-050,Costo interno < USD 500 por caso; sin multas → 1.,2,2,3,observed,EV-S22-050,Un operario por evento; quemaduras de primer y segundo grado con atención y pocos días de baja → 2; un caso ocular con 30 días de baja y recuperación completa (incapacidad temporal) → 3.,1,,,observed,EV-S22-050,La línea se detiene 15 a 30 min; el puesto se cubre → 1.,1,1,2,observed,EV-S22-050,Denuncia a la ART cuando hay baja; sin actuaciones → 1; acta posible (2).,2,,,observed,EV-S22-052;EV-S22-050,"6 duchas con lavaojos probadas semanalmente (la de la línea 4 tuvo caudal bajo en 2026-07, reparada en 2026-08; la siguiente a 18 m) y enfermería con protocolo de quemaduras químicas que atendió los 23 casos; oftalmología a 35 min (2024). Medidas probadas que limitan el daño a una lesión acotada → 2.",no_aplica,,,observed,EV-S22-050,Lesión a una persona; no hay función ni bien propio que reponer (§5.5.2).,2,pers,econ:cont;pers:cont;cont:cont;legal:cont,pers,false,,false,true,,,low,,20,,30,§3.3;§4.3;§5.2;§5.3;§5.5;§6,Evento recurrente (P 5) con quemadura leve plausible y contención probada; determina personas.,,pending,,,
EV-8-industria-y-construccion-0023,S22-R06,S22,riesgo,,,agente-8b-industria-y-construccion,ai,8,F8-AG-01,metodologia v0.2,protocolo v0.2,2026-10-07,inicial,,,,,,,"Corrosión por picado, fatiga de soldaduras de la camisa o falla del agitador","Rotura del reactor R-1 (perforación, fisura de la camisa o rotura del agitador) que lo deja fuera de servicio","Se detiene o reduce la línea B (44%) hasta reparar o reponer el reactor; con perforación, producto al cubeto",emi41/fichas/S22/S22-R06.md;emi41/fichas/S22/empresa.md;emi41/fichas/S22/transferencia.md,5,4,5,inferred,EV-S22-060;EV-S22-061;EV-S22-062;EV-S22-011,"Historia propia (registro desde 2008): roturas en 2016-03 (reductor) y 2024-11-04 (fisura de la camisa, dentro de 36 meses) → 4. La base de la aseguradora (5 reclamos en ~40 reactores) se tomó como comparables, como la rotula la ficha (A2). +1 (§3.4.2): degradación que el período no refleja: 3 picaduras de ~1 mm en la soldadura del fondo (2026-05) y medición de espesores vencida desde 2024 (último mínimo 5,6 mm contra 4,8 mm admisible) → 5.",unknown,2,5,inferred,EV-S22-065;EV-S22-002,"Plausible: fisura de la camisa (1 a 2 semanas, USD 15 a 30 mil) o perforación reparable (3 a 6 semanas, USD 60 a 120 mil) con la línea B sin R-1 (USD 660 mil por mes): USD 0,35 a 1,1 M / RO 2025 USD 6,2 M (sin partidas extraordinarias) = 6% a 18% → 2 o 3. Peor creíble: perforación no reparable, reactor nuevo USD 1,4 M y 9 a 11 meses sin R-1 → ≫ 100% → 5. El rango 2–5 tiene cuatro niveles: unknown por §9.2 (A12).",1,,,observed,EV-S22-060,"Una perforación descarga al cubeto, a 4 m de los puestos y detrás de una baranda; no hay personas expuestas → 1.",3,3,5,reported,EV-S22-065,Sin R-1 la línea B (función crítica) pierde la mayor parte de su capacidad (R-2 y R-3 son recuperación). Plausible: 1 a 2 semanas (camisa) → 3; perforación reparable 3 a 6 semanas (4); reactor nuevo 9 a 11 meses (5).,1,1,2,observed,EV-S22-060,Aviso a la autoridad ambiental sólo si el producto sale del cubeto → 1; 2 en el máximo.,4,,,observed,EV-S22-063,"Cubeto de 30 m³ (estanqueidad 2025-12) y vaciado a tanque de reserva probado en 2024-11 (50 min): contienen el producto, pero nada evita que la línea B pierda R-1. El daño bruto (reactor fuera de servicio) se produce completo → 4.",2,2,3,observed,EV-S22-063;EV-S22-064,"R-2 y R-3 en tres turnos (actuación real 2024-11: 35% del volumen de R-1), stock de producto terminado de 3 semanas, contrato de façon por el 25% (firmado 2025-02, sin uso) y reductor de repuesto: para una parada de 1 a 2 semanas restablecen la mayor parte de las entregas → 2; para paradas largas, 3.",≥ 3,cont,"econ:cont,rec(secuencial);pers:cont;cont:cont,rec(secuencial);legal:cont",,true,econ,false,false,"i_econ unknown (rango 2–5 por el peor creíble de reactor nuevo); su cota P5 × 5 × V_econ 3 = 75 supera el C_raw de las dimensiones conocidas (30, continuidad)",Medición de espesores por ultrasonido del R-1 (vencida desde 2024) para acotar si una rotura sería reparable.,high,Espesor actual del recipiente desconocido desde 2019: define si la rotura es reparable.,,,100,§2.1;§3.2;§3.3;§3.4;§4.1.4;§4.2;§4.4;§5.1;§5.3;§5.4;§5.5;§9.2;§9.3;§9.4;D8,P 5 (rotura dentro de 36 meses más picaduras y espesor sin medir); el económico plausible es 2 o 3 pero el peor creíble es 5 y el rango supera tres niveles: unknown y no evaluable por la cota.,,pending,,,AN-8-industria-y-construccion-0019;AN-8-industria-y-construccion-0015
EV-8-industria-y-construccion-0024,S22-R07,S22,riesgo,,,agente-8b-industria-y-construccion,ai,8,F8-AG-01,metodologia v0.2,protocolo v0.2,2026-10-07,inicial,,,,,,,"Lluvia intensa en la cuenca con tramo entubado aguas arriba, predio en zona baja y bordo incompleto",El arroyo desborda y el agua entra al predio,"Agua en playa, sala eléctrica y naves; daño a tableros, motores e inventario; planta detenida hasta reparar",emi41/fichas/S22/S22-R07.md;emi41/fichas/S22/empresa.md;emi41/fichas/S22/transferencia.md,3,2,4,inferred,EV-S22-070;EV-S22-071;EV-S22-072;EV-S22-074,"Historia propia: desborde con ingreso de agua en 2015-03 (más de 3 años) → 3; precursor 2024-02-11 (el arroyo a 0,3 m del borde). Ajustes que se compensan (§3.4): +1 por el entubamiento de 1,2 km aguas arriba (2021), cambio de exposición posterior al antecedente, y −1 por el bordo de 0,8 m en 120 de 210 m, construido después de 2015 → 3.",4,4,5,inferred,EV-S22-073;EV-S22-002,"Bruto (consultor de la aseguradora, 2025-09): daño material USD 1,31 M + margen de toda la planta USD 72 mil por día hábil × 30 a 50 días (tableros 6 a 10 semanas) = USD 3,5 a 4,9 M / RO 2025 USD 6,2 M (sin partidas extraordinarias) = 56% a 79% → 4.",1,1,2,observed,EV-S22-070,El agua sube en 1 a 2 horas; no hubo personas atrapadas en 2015 → 1; 2 en el máximo.,4,,,inferred,EV-S22-073,Toda la planta sin energía hasta reponer los tableros principales: 6 a 10 semanas → 4.,1,,,observed,EV-S22-070,Sin consecuencia propia; si arrastra producto al arroyo es S22-R03 o S22-E01 → 1.,4,,,observed,EV-S22-075,"Bombas de achique (una no arrancó en 2026-01) alimentadas del tablero que se inunda, sin generador; plan hídrico nunca ensayado; compuertas compradas en 2023 y nunca colocadas. Débiles → 4.",4,,,reported,EV-S22-073,"Generador de 1 MW sólo contactado, sin contrato ni prueba, que requiere tablero provisorio; sin plan de continuidad → 4.",4,econ;cont,"econ:cont,rec(secuencial);pers:cont;cont:cont,rec(secuencial);legal:cont",econ;cont,false,,false,true,,,medium,Sin estudio hidrológico ni del efecto del entubamiento; P depende de ajustes que se compensan.,48,,80,§2.1;§2.2;§3.2;§3.3;§3.4;§4.2;§4.4;§5.3;§5.4;§5.5;§6,Desborde propio de más de 3 años (P 3); planta sin energía 6 a 10 semanas (económico y continuidad 4) con contención y recuperación débiles. Determinan económico y continuidad.,,pending,,,
EV-8-industria-y-construccion-0025,S22-R08,S22,riesgo,,,agente-8b-industria-y-construccion,ai,8,F8-AG-01,metodologia v0.2,protocolo v0.2,2026-10-07,inicial,,,,,,,Planta de efluentes que no reduce de forma estable los tensioactivos mientras se construye la nueva etapa,La autoridad ambiental constata en un muestreo oficial un nuevo incumplimiento de los límites de vertido,"Multa con reincidencia y posible clausura preventiva del vertido, con transporte del efluente o detención de las líneas B y C",emi41/fichas/S22/S22-R08.md;emi41/fichas/S22/empresa.md;emi41/fichas/S22/transferencia.md,4,4,5,inferred,EV-S22-080;EV-S22-081;EV-S22-084;EV-S22-086,"Historia propia: incumplimiento constatado el 2025-09-10 (dentro de 36 meses, uno solo desde 2015) → 4. Monitoreo propio: 2 de 8 muestras de 2026 sobre el límite; la autoridad muestrea ~2 veces por año sin aviso y la nueva etapa no termina antes de 2026-12-31. Sin ajuste neto: la línea B crece 6% y las membranas se atrasan, pero desde 2025-10 rige el ajuste de coagulante. El resultado del muestreo del 2026-08-20 no fue notificado (máximo 5).",3,2,4,inferred,EV-S22-085;EV-S22-087,"Multa por reincidencia USD 50 a 500 mil (a otras industrias, USD 80 y 140 mil) más, con el vertido clausurado y sin transporte (recuperación), detención de las líneas B y C (USD 990 mil por mes) por 1 a 2 meses: ~USD 1,1 a 2,1 M / RO 2025 USD 6,2 M (sin partidas extraordinarias) = 18% a 34% → 3; 2 si la clausura dura días; 4 si se extiende hasta la nueva etapa.",1,,,observed,EV-S22-080,Consecuencia regulatoria y económica; sin personas expuestas → 1.,4,3,5,inferred,EV-S22-080,"Clausura del vertido sin descargo (contención): el tanque pulmón alcanza 3 días y después se detienen las líneas B y C (66%) hasta que la autoridad verifique cumplimiento, hasta 2026-12-31 o más → 4 (más de 2 semanas); 3 si la verificación es rápida, 5 si la nueva etapa se atrasa más de 3 meses (A11).",4,3,4,observed,EV-S22-085,"Multa por reincidencia, clausura preventiva del vertido (clausura temporal) y posible revocación del plan de adecuación → 4; 3 sin clausura.",3,,,observed,EV-S22-081,"Descargo técnico con el avance del plan (actuación real en 2025: multa de USD 12 mil, sin clausura); reducción de la producción de la línea B no probada. Limitan parte → 3.",3,,,observed,EV-S22-087,"Transporte del efluente a un tratador habilitado (1.900 m³ en 2 semanas en 2022-07, más de 3 años: sin prueba vigente) con cupo de 100 de los 140 m³ diarios: alternativa parcial presente sin prueba → 3.",4,cont;legal,"econ:cont,rec(secuencial);pers:cont;cont:cont,rec(secuencial);legal:cont",cont;legal,false,,false,true,,,medium,Resultado del muestreo oficial del 2026-08-20; si la autoridad clausuraría el vertido.,48,,75,§2.1;§2.2;§3.2;§3.3;§3.4;§4.2;§4.4;§4.5;§5.3;§5.4;§5.5;§6,Incumplimiento constatado en 2025 (P 4) con clausura del vertido en el escenario bruto (continuidad y legal 4) y contención y recuperación parciales. Determinan continuidad y legal.,,pending,,,AN-8-industria-y-construccion-0020
EV-8-industria-y-construccion-0026,S22-R09,S22,riesgo,,,agente-8b-industria-y-construccion,ai,8,F8-AG-01,metodologia v0.2,protocolo v0.2,2026-10-07,inicial,,,,,,,Error de dosificación en un lote de la línea B y liberación sin el ensayo de concentración completo,Se despacha a un cliente un lote con concentración o composición fuera de especificación,"El cliente daña juntas, intercambiadores o tanques; reclamo, retiro del lote y reposición",emi41/fichas/S22/S22-R09.md;emi41/fichas/S22/empresa.md;emi41/fichas/S22/transferencia.md,4,,,observed,EV-S22-091;EV-S22-092;EV-S22-093,"Historia propia (reclamos desde 2015): lotes fuera de especificación despachados en 2017, 2019, 2022, 2023 y 2025 (el último dentro de 36 meses, menos de uno por año) → 4. Ajustes que se compensan: +1 por certificados sin titulación en picos y producción +6% con el mismo laboratorio; −1 por la dosificación por balanza en R-1 desde 2023.",2,1,3,inferred,EV-S22-090;EV-S22-094;EV-S22-095,"Sin aviso a clientes, el lote (40 a 120 envases, ~3 clientes) se usa: juntas de intercambiadores USD 20 a 60 mil por cliente, más pérdida de producción (2 de los 3 clientes principales no aceptan el límite de responsabilidad) y retiro USD 5 a 15 mil: ~USD 100 a 250 mil / RO 2025 USD 6,2 M (sin partidas extraordinarias) = 1,6% a 4% → 2; 3 con un intercambiador completo y lucro cesante de un cliente grande.",1,,,observed,EV-S22-091,Circuitos cerrados; sin personas afectadas en los 5 reclamos → 1.,1,,,observed,EV-S22-091,La línea B no se detiene; el lote se rehace en 1 a 2 días → 1.,2,1,2,observed,EV-S22-094,"Reclamo civil del cliente → 2 (la intervención sanitaria aplica a desinfectantes de la línea C, no a la línea B).",2,,,observed,EV-S22-096;EV-S22-090,"Trazabilidad por lote probada (simulacro 2026-03: 100% en 3 h) y aviso a clientes (2022: a las 6 h, ningún otro daño); servicio técnico al día siguiente. Limitan el daño al primer cliente → 2.",3,,,observed,EV-S22-090,"Reposición del lote y del producto retirado (48 h en 2022, más de 3 años): repone el producto, no el daño del cliente → 3.",2,econ;legal,"econ:cont,rec(secuencial);pers:cont;cont:cont,rec(secuencial);legal:cont",econ;legal,false,,false,true,,,medium,No se sabe cuántos lotes salen sin titulación; monto del reclamo según el cliente.,16,,24,§2.1;§3.3;§3.4;§4.2;§4.5;§5.3;§5.4;§5.5;§6,Despachos fuera de especificación recurrentes (P 4) con daño plausible de USD 100 a 250 mil y contención probada; determinan económico y legal.,,pending,,,
EV-8-industria-y-construccion-0027,S22-E01,S22,escenario,,S22-R07;S22-R03,agente-8b-industria-y-construccion,ai,8,F8-AG-01,metodologia v0.2,protocolo v0.2,2026-10-07,inicial,,,,,,,"Lluvia intensa en la cuenca del arroyo (60 mm o más en una hora, o 90 mm o más en pocas horas aguas arriba)",Con la misma lluvia el arroyo desborda e inunda el predio (S22-R07) y el agua arrastra producto de la playa y del cubeto al pluvial y al arroyo (S22-R03),"Planta sin energía 6 a 10 semanas, daño material, producto en el arroyo con sumario ambiental por reincidencia y posible clausura",emi41/fichas/S22/S22-E01.md;emi41/fichas/S22/empresa.md;emi41/fichas/S22/transferencia.md,3,2,3,inferred,EV-S22-072;EV-S22-070;EV-S22-071,"La materialización conjunta exige el desborde (S22-R07, P 3: desborde propio en 2015, entubamiento aguas arriba y bordo parcial) y, con agua en la playa, arrastre de producto (180 IBC en el piso, válvula del pluvial en la parte más baja; en 2024-02 la cámara del cubeto rebalsó con pH 9,8 sin desborde). Plausible: una sola lluvia produce los dos eventos sin coincidencias independientes. → 3, 2 en el mínimo.",4,4,5,inferred,EV-S22-073;EV-S22-033,"Suma sin doble conteo: daño material USD 1,31 M (los IBC están dentro del producto) + margen USD 72 mil por día hábil × 30 a 50 días + multa ambiental con reincidencia (hasta el doble de USD 500 mil) + remediación USD 60 a 150 mil: USD 4,4 a 6 M / RO 2025 USD 6,2 M (sin partidas extraordinarias) = 71% a 98% → 4; 5 si la clausura ambiental prolonga la detención.",1,1,2,inferred,EV-S22-070,Hasta 92 personas en la planta de día y 8 de noche; el agua sube en 1 a 2 horas; sin personas atrapadas en 2015 → 1; usos del arroyo aguas abajo sin relevar (2 en el máximo).,4,4,5,inferred,EV-S22-073,Toda la planta sin energía 6 a 10 semanas; la clausura del vertido o del establecimiento puede extenderla → 4; 5 si pasa de 3 meses.,3,3,4,inferred,EV-S22-030,Máximo de los miembros (§10.3.3): sumario con reincidencia y remediación obligatoria (S22-R03) → 3; clausura preventiva del establecimiento → 4.,4,4,5,observed,EV-S22-075;EV-S22-032,Frente al conjunto: plan hídrico nunca ensayado y sin retiro de IBC ni cierre del pluvial; la válvula del pluvial queda bajo el agua; bombas que dependen del tablero que se inunda y bombean el producto al arroyo; la misma brigada (3 de noche) debe hacer todo a la vez; barreras absorbentes inutilizables con el arroyo crecido. Débil → 4; 5 en el máximo.,4,,,observed,EV-S22-030;EV-S22-073,Generador sin contrato (y sin utilidad si se clausura el establecimiento); sin plan de continuidad; la consultora de remediación actuó en 2023 pero sólo repone el arroyo → 4.,4,econ;cont,"econ:cont,rec(secuencial);pers:cont;cont:cont,rec(secuencial);legal:cont",econ;cont,false,,false,true,,,high,Sin estudio hidrológico; materialidad del conjunto apenas sostenida (A7); volumen de producto que saldría.,48,,75,§10.1;§10.2;§10.3;§5.5;§6;§7.1,Escenario por causa común de la lista fija: la lluvia produce los eventos de S22-R07 y S22-R03; económico y continuidad 4 con contención y recuperación débiles. No entra al ranking ni modifica a sus miembros (§10.4).,,pending,,,AN-8-industria-y-construccion-0017
EV-8-industria-y-construccion-0028,S23-R01,S23,riesgo,,,agente-8b-industria-y-construccion,ai,8,F8-AG-01,metodologia v0.2,protocolo v0.2,2026-10-07,inicial,,,,,,,"Corriente de la celda de soldadura por proyección fuera de parámetros (electrodos gastados, límites de alarma ampliados)",Se producen soportes de anclaje del cinturón con la tuerca por debajo de la fuerza especificada y se montan en vehículos de la terminal A,Campaña de retiro de vehículos con cargo a la empresa; auditoría extraordinaria de la certificación; reclamos,emi41/fichas/S23/S23-R01.md;emi41/fichas/S23/empresa.md;emi41/fichas/S23/transferencia.md,3,2,4,inferred,EV-S23-013;EV-S23-012;EV-S23-014;EV-S23-015,"Historia propia (registros de calidad desde 2019, sin campañas desde 2009): sin ocurrencias, no indica nivel. Comparables: un proveedor regional de conjuntos soldados de escala parecida tuvo una campaña por soldadura en 2023 → 3; precursores propios: límites de alarma ampliados a ±18% de 2026-01 a 2026-05 y ensayos de 4,3 y 4,4 kN en 2026-07 (mínimo previo 5,2) → 3. Sector: 4 de 29 campañas por proveedores nacionales de estampados (sin exposición) → 2. Sin ajuste: no se sabe si el control es mejor o peor que el de comparables; el ensayo destructivo es preventivo (A11). Máximo 4 por técnico ausente en turno C y mantenimiento atrasado 6 semanas.",unknown,4,5,assumed,EV-S23-016;EV-S23-003,"Bruto sin acotar por trazabilidad (contención): campaña desde 2025-11, ~87.000 vehículos × USD 140 = USD 12,2 M; con 3 semanas, USD 1,1 M. La parte que paga la empresa la fija el comité de garantía sin criterio escrito ('20% a 100%', sin fuente): USD 2,4 a 12,2 M / RO 2025 USD 6,1 M (sin partidas extraordinarias) = 40% a 200% → 4 a 5, sin base para preferir un nivel (§9.2, F5-1): unknown con rango 4–5. Más piezas USD 60 a 180 mil y auditoría USD 40 mil.",1,,,inferred,EV-S23-016,"Las lesiones de usuarios requieren un choque, causa nueva e independiente (§4.1.5): no entran → 1 (A6). No hay registro de desprendimientos en campo.",1,,,observed,EV-S23-010,La celda sigue con inspección al 100% por un tercero; ninguna función se detiene → 1.,3,2,4,reported,EV-S23-003,"La autoridad trata con la terminal; para la empresa, reclamo de la terminal y auditoría extraordinaria de la certificación con plan de acción bajo seguimiento (puede suspender el certificado y la empresa no podría cotizar piezas nuevas) → 3; 4 si se suspende el certificado.",3,,,observed,EV-S23-016;EV-S23-010,Trazabilidad de lote por turno desde 2026-03 para acotar la campaña a turnos y chasis: nunca usada en una campaña (presente sin prueba); la contención en cliente (real 2024-03) no alcanza piezas montadas → 3.,no_aplica,,,observed,EV-S23-016,No hay función interrumpida y la empresa no tiene acuerdos ni reservas para recuperar el costo de una campaña; la reposición de piezas buenas es producción normal (§5.5.2).,≥ 3,legal,econ:cont;pers:cont;cont:cont;legal:cont,,true,econ,false,false,"i_econ unknown (rango 4–5 sin base para preferir: la parte del costo de la campaña depende de un comité sin criterio escrito); su cota P3 × 5 × contención 3 = 45 supera el C_raw de las dimensiones conocidas (27, legal)","Criterio del comité de garantía de la terminal A (o antecedentes con otros proveedores) para la parte del costo de una campaña, y período que tomaría.",high,"Parte del costo que cargaría la terminal, período de la campaña y fuerza que produce el desprendimiento.",,,60,§2.1;§2.2;§3.2;§3.3;§4.1.5;§4.2;§4.5;§5.3;§5.5;§8.1;§9.2;§9.3;§9.4;D8,P 3 por comparable y precursores; el económico va de 4 a 5 según un dato que nadie conoce y es unknown; la cota supera lo conocido: no evaluable. Personas excluida por requerir un choque (§4.1.5).,,pending,,,AN-8-industria-y-construccion-0022;AN-8-industria-y-construccion-0023
EV-8-industria-y-construccion-0029,S23-R02,S23,riesgo,,,agente-8b-industria-y-construccion,ai,8,F8-AG-01,metodologia v0.2,protocolo v0.2,2026-10-07,inicial,,,,,,,Desgaste de los forros locales del embrague-freno de la prensa transfer,Falla del conjunto embrague-freno y la prensa transfer queda detenida,"Se detiene el estampado de 24 piezas (43%); se agotan los stocks y se detienen las líneas de las terminales, con penalidades",emi41/fichas/S23/S23-R02.md;emi41/fichas/S23/empresa.md;emi41/fichas/S23/transferencia.md,5,4,5,inferred,EV-S23-020;EV-S23-023;EV-S23-024,"Historia propia (desde 2012): falla por desgaste de forros en 2024-10 (dentro de 36 meses, una vez) → 4. +1 (§3.4.2): condición que el período no refleja: forros locales sin certificación con vida de 22 meses contra 36 de los originales, desgaste del 62% (reemplazo recomendado al 70%, que se alcanzaría entre 2027-01 y 2027-03), tiempo de frenado de 148 a 171 ms y producción +8% → 5.",4,4,5,inferred,EV-S23-002;EV-S23-003;EV-S23-006,"Bruto sin stock ni reparación provisoria: prensa detenida 10 a 12 semanas (conjunto original) × USD 0,158 M de margen por semana = USD 1,6 a 1,9 M; las líneas de las terminales se detienen desde el primer día y las penalidades llegan a los topes (A USD 2,0 M, B USD 1,0 M); reparación USD 0,455 M: ~USD 5,1 a 5,4 M / RO 2025 USD 6,1 M (sin partidas extraordinarias) = 84% a 89% → 4; 5 si las terminales retiran matrices.",1,,,observed,EV-S23-020,Conjunto encapsulado y prensa bloqueada al superar 200 ms; sin personas expuestas → 1.,4,,,reported,EV-S23-006,"Estampado en la transfer (función crítica, 43%) detenido hasta reponer el conjunto: 10 a 12 semanas → 4.",1,,,observed,EV-S23-003,Sin consecuencia regulatoria; reclamos contractuales → 1.,3,,,observed,EV-S23-020;EV-S23-025,"Bloqueo automático por tiempo de frenado (actuó en 2024-10, sin daño adicional) y stock de 6 días hábiles (4,5 a 6,5 en 2026-09) que sostiene entregas una parte de la parada: limitan parte → 3.",2,2,3,observed,EV-S23-020;EV-S23-026,"Reparación provisoria con forros del taller local (8 días en 2024-10, actuación real con resultado: prensa en 11 días frente a 10 a 12 semanas) y 7 de 24 piezas en prensas mecánicas (~30% del volumen, usado en 2024-10): restablecen la mayor parte mucho antes que la reposición normal → 2. Sin stock de forros hoy; acuerdo con otro estampador nunca usado → 3 en el máximo.",4,econ;cont,"econ:cont,rec(secuencial);pers:cont;cont:cont,rec(secuencial);legal:cont",econ,false,,false,true,,,medium,Plazo real del taller local hoy (sin evidencia) y fecha de la falla.,60,,75,§2.1;§3.2;§3.3;§3.4;§4.2;§4.4;§5.1;§5.3;§5.4;§5.5;§6,"Falla propia dentro de 36 meses con forros más desgastados (P 5); parada bruta de 10 a 12 semanas con penalidades al tope; la recuperación probada protege continuidad, no tanto económico. Determina económico.",,pending,,,
EV-8-industria-y-construccion-0030,S23-R03,S23,riesgo,,,agente-8b-industria-y-construccion,ai,8,F8-AG-01,metodologia v0.2,protocolo v0.2,2026-10-07,inicial,,,,,,,"Conflicto gremial, rotura de la línea de corte o falta de acero del laminador en el centro de servicio (88% de la chapa)",El centro de servicio deja de entregar bobinas cortadas a la empresa,"Se agota el stock de chapa, se detiene el estampado (62%) y las líneas de las terminales quedan sin piezas, con penalidades",emi41/fichas/S23/S23-R03.md;emi41/fichas/S23/empresa.md;emi41/fichas/S23/transferencia.md,4,4,5,observed,EV-S23-030;EV-S23-031;EV-S23-032;EV-S23-034,"Historia propia (desde 2014): cortes de entrega en 2023-09 (6 días) y 2025-04 (3 días, dentro de 36 meses) y entrega parcial en 2026-06 → 4 (menos de uno por año en promedio). Sin ajuste: la negociación salarial de 2026-12 y la dependencia de un laminador ya estaban en el período de los antecedentes. Máximo 5 si la entrega parcial de 2026-06 se cuenta como evento.",4,4,5,inferred,EV-S23-002;EV-S23-003,"Bruto sin stock de chapa ni de piezas: el estampado (USD 0,227 M de margen por semana) se detiene desde el primer día y las líneas de las terminales también: con 3 a 6 días hábiles, penalidades de A (USD 30 mil por hora) y B (USD 20 mil por hora) que se acercan o llegan a los topes (USD 2,0 y 1,0 M): ~USD 2,4 a 3,2 M / RO 2025 USD 6,1 M (sin partidas extraordinarias) = 39% a 53% → 4; 5 con más de 10 días hábiles como en el sector.",1,,,observed,EV-S23-030,Nada físico; sin personas expuestas → 1.,3,2,4,observed,EV-S23-030;EV-S23-031,"Estampado (62%, función crítica) detenido mientras dure el corte: 3 y 6 días hábiles en los antecedentes propios → 3; más de 10 días hábiles en el sector (4).",1,,,observed,EV-S23-003,Sin consecuencia regulatoria; reclamos contractuales → 1.,2,1,3,observed,EV-S23-036;EV-S23-030,"Stock de bobinas de 6 a 10 días y de piezas de 6 días hábiles: en 2023-09 cubrieron 6 días sin parar a ningún cliente y en 2025-04 un corte de 3 días. Medidas probadas que limitan el daño de un corte como los propios a casi nada → 2; para cortes de más de 10 días, 3.",3,,,observed,EV-S23-032,"Segundo centro aprobado para 9 de 31 calidades (~30% del tonelaje), probado en 2026-06 (5 días); aprobar otras calidades lleva 8 a 12 semanas; importación 10 a 12 semanas. Probada para una parte → 3.",4,econ,"econ:cont,rec(secuencial);pers:cont;cont:cont,rec(secuencial);legal:cont",econ,false,,false,true,,,medium,Duración de un corte futuro según su causa; stock del propio centro.,32,,75,§2.1;§2.2;§3.2;§3.3;§4.2;§4.4;§5.1;§5.3;§5.4;§5.5;§6,"Cortes propios dentro de 36 meses (P 4); el bruto sin stock detiene a las terminales con penalidades altas (económico 4), pero el stock probado contiene un corte típico (contención 2). Determina económico.",,pending,,,
EV-8-industria-y-construccion-0031,S23-R04,S23,riesgo,,,agente-8b-industria-y-construccion,ai,8,F8-AG-01,metodologia v0.2,protocolo v0.2,2026-10-07,inicial,,,,,,,La empresa no sale del escalamiento de calidad de la terminal B en plazo y la terminal busca una segunda fuente más barata,La terminal B notifica la rescisión del contrato de suministro,"Pérdida del 30% de la facturación desde el fin del aviso, devolución de matrices y reducción de personal",emi41/fichas/S23/S23-R04.md;emi41/fichas/S23/empresa.md;emi41/fichas/S23/transferencia.md,4,3,5,inferred,EV-S23-041;EV-S23-042;EV-S23-043,"Sin antecedentes propios con terminales. Sector y comparables de la región: las dos terminales rescindieron o retiraron piezas a 6 proveedores nacionales en 2021–2025, 4 después de más de 6 meses en escalamiento → 3; precursores: etapa 2 desde 2026-05-30 y pedido de cotización a otro proveedor (8% más barato) → 3. +1 (§3.4.2): condición actual que esas fuentes no reflejan: la condición de salida (3 meses seguidos bajo 100 PPM antes del 2026-11-30) ya no se puede cumplir con 120 PPM en septiembre, así que la cláusula de rescisión queda habilitada en el horizonte → 4.",5,4,5,inferred,EV-S23-002;EV-S23-045,"Margen de contribución perdido USD 5,3 M por año desde el fin del aviso, hasta el fin del contrato por vida del modelo (2028), ~2 años ≈ USD 10 M, más indemnizaciones USD 1,3 M, menos costos fijos reducibles USD 0,6 M por año / RO 2025 USD 6,1 M (sin partidas extraordinarias) > 100% → 5. Tomando sólo un año: USD 6,0 M = 98% → 4 (A6).",1,,,observed,EV-S23-045,Nada físico; sin personas expuestas → 1.,1,,,observed,EV-S23-045,Ninguna función crítica se detiene: la planta pierde volumen → 1.,1,,,reported,EV-S23-045,Sin consecuencia regulatoria; despidos con indemnización legal sin conflicto previsto → 1.,4,,,reported,EV-S23-040,"Negociación de salida gradual: sin antecedente con la terminal B (sólo con un cliente industrial en 2019). El aviso de 90 días es contractual, no una medida de la empresa. Débil → 4.",4,,,observed,EV-S23-046,"Dos cotizaciones abiertas por USD 4 M por año sin adjudicar, sin piezas asignadas del modelo nuevo de la terminal A y sin plan escrito para reemplazar volumen: capacidad no formal que cubre poco → 4.",5,econ,"econ:cont,rec(secuencial);pers:cont;cont:cont,rec(secuencial);legal:cont",econ,true,econ,false,true,,,medium,PPM de septiembre sin confirmar por la terminal; decisión de la terminal y alcance (contrato entero o 6 piezas).,80,,100,§2.1;§3.3;§3.4;§4.1.5;§4.2;§5.3;§5.4;§5.5;§6;§8.1,Rescisión habilitada en el horizonte (P 4); pérdida de margen por más de un RO anual (económico 5) con contención y recuperación débiles. Determina económico.,,pending,,,AN-8-industria-y-construccion-0024;AN-8-industria-y-construccion-0025
EV-8-industria-y-construccion-0032,S23-R05,S23,riesgo,,,agente-8b-industria-y-construccion,ai,8,F8-AG-01,metodologia v0.2,protocolo v0.2,2026-10-07,inicial,,,,,,,"Falla eléctrica en tableros o motores, aceite hidráulico sobre superficies calientes o recalentamiento de un secador",Ignición en la nave de inyección,"Propagación por la nave (aceite, resinas, embalajes), destrucción de inyectoras y moldes propios y de terceros, personas expuestas, inyección detenida meses",emi41/fichas/S23/S23-R05.md;emi41/fichas/S23/empresa.md;emi41/fichas/S23/transferencia.md,5,4,5,inferred,EV-S23-050;EV-S23-051;EV-S23-053;EV-S23-054,"Historia propia (desde 2015): igniciones en 2021-07 (secador) y 2024-02 (tablero de la inyectora 7, dentro de 36 meses) → 4. +1 (§3.4.2): control preventivo fuera de servicio que el período no refleja: mangueras hidráulicas vencidas en 2 de 12 inyectoras desde 2026-05, con una pérdida de aceite sobre la calefacción en 2026-07 → 5.",5,,,reported,EV-S23-005;EV-S23-052,"Bruto sin detección ni rociadores en la nave: bienes propios USD 12,7 M + moldes de terminales USD 4,0 M + limpieza USD 0,6 M + margen de inyección USD 0,56 M por mes × 6 a 18 meses + penalidades a los topes (USD 3,0 M) / RO 2025 USD 6,1 M (sin partidas extraordinarias) ≫ 100% → 5.",4,3,5,inferred,EV-S23-004,"22 a 30 personas en la nave de inyección (y 30 a 52 en estampado, contigua); aceite, resinas y cartón con techo a 12 m; distancia máxima a una salida 45 m: una muerte plausible sin contención → 4; varias si pasa a estampado (5).",5,,,reported,EV-S23-006,"Inyección (38%, función crítica) detenida: inyectoras 4 a 8 meses, edificio 12 a 18 meses → 5.",4,,,reported,EV-S23-052,Clausura preventiva del sector por el municipio hasta verificación de bomberos; autoridad laboral si hay lesionados → 4.,3,3,4,observed,EV-S23-055;EV-S23-056;EV-S23-057;EV-S23-051,"Sin detección ni rociadores en la nave (se depende de que alguien lo vea; hay gente las 24 h de lunes a viernes); hidrantes probados (2026-09), brigada con simulacro y evacuación en 6 min 40 s (2026-05) y actuación real en 2024-02; bomberos a 9 min; muro cortafuego con portones abiertos sin cierre automático (la barrera no actúa). Limitan parte → 3.",4,,,reported,sin_evidencia,"5 de 38 moldes con duplicado en otro proveedor (de la terminal, no de la empresa); 3 inyectores regionales identificados sin acuerdos ni pruebas; sin equivalente para las de 900 t; sin plan de continuidad → 4.",5,econ;cont,"econ:cont,rec(secuencial);pers:cont;cont:cont,rec(secuencial);legal:cont",econ;cont,true,econ;cont,true,true,,,medium,Tiempo de propagación a estampado por los portones; capacidad de terceros.,75,,100,§2.1;§2.2;§2.3;§3.3;§3.4;§4.2;§4.3;§4.4;§4.5;§5.2;§5.3;§5.4;§5.5;§6;§8.1;§8.2;D17,Igniciones propias dentro de 36 meses con mangueras vencidas (P 5); pérdida bruta de la nave de inyección (económico y continuidad 5) con contención parcial y recuperación informal. Determinan económico y continuidad.,,pending,,,
EV-8-industria-y-construccion-0033,S23-R06,S23,riesgo,,,agente-8b-industria-y-construccion,ai,8,F8-AG-01,metodologia v0.2,protocolo v0.2,2026-10-07,inicial,,,,,,,"Cortina de luz desajustada o con fallas, o cambio de matriz en modo de pulsos sin bloqueo",El carro de una prensa mecánica baja con la mano o los dedos de un operario o matricero dentro de la zona de matriz,Aplastamiento o amputación de dedos o de la mano; prensa clausurada por la investigación,emi41/fichas/S23/S23-R06.md;emi41/fichas/S23/empresa.md;emi41/fichas/S23/transferencia.md,5,4,5,inferred,EV-S23-060;EV-S23-061;EV-S23-063;EV-S23-064,"Historia propia (desde 2012): 2023-05 (amputación de dos falanges) y 2025-02 (fractura de la punta de un dedo, dentro de 36 meses) → 4. La superintendencia (41 atrapamientos en la provincia, sin cantidad de prensas) no es jerarquía 1. +1 (§3.4.2): controles preventivos fuera de servicio que el período no refleja: cortina de la prensa 3 con fallas intermitentes hasta 2026-10, tiempo de parada de la prensa 4 en 210 ms contra 190 de diseño; bloqueo omitido en 2 de 9 cambios → 5.",1,1,2,reported,EV-S23-061,"Multa USD 10 a 60 mil, horas extra ~USD 9 mil; sin reclamo civil en 2023: < 2% de RO 2025 USD 6,1 M (sin partidas extraordinarias) → 1; 2 con reclamo civil.",4,3,4,observed,EV-S23-060,Una persona; alimentación manual con la mano a menos de 30 cm de la matriz: amputación de dedos o mano con incapacidad permanente (12% en 2023) → 4; fractura sin secuela (2025) → 3.,1,,,observed,EV-S23-061,Una prensa mecánica (de 4) detenida 1 a 5 días; las demás funciones siguen → 1.,4,3,4,observed,EV-S23-060,Inspección y clausura preventiva de la prensa (4 días en 2023) y causa penal posible si se prueba la anulación de un dispositivo → 4; 3 sin clausura ni causa.,4,,,observed,EV-S23-061,"Parada de emergencia probada (2026-09), enfermero en turnos A y B, emergencias en 14 min (2025-02); la liberación girando el volante nunca se ensayó y no hay protocolo para un miembro amputado. Débil frente al daño, que ocurre al bajar el carro → 4.",no_aplica,,,observed,EV-S23-061,La producción de la prensa detenida la absorben las otras; la lesión no se repara con medidas de la empresa (§5.5.2).,4,pers;legal,econ:cont;pers:cont;cont:cont;legal:cont,pers;legal,false,,true,true,,,medium,No hay registro de anulaciones de cortinas ni de trabajos sin bloqueo desde 2023.,80,,80,§2.1;§3.3;§3.4;§4.2;§4.3;§4.5;§5.3;§5.5;§6;§8.2,"Atrapamientos propios dentro de 36 meses con protecciones fuera de servicio (P 5); amputación plausible con clausura y causa posible (personas 4, legal 4) y contención débil. Determinan personas y legal.",,pending,,,AN-8-industria-y-construccion-0025
EV-8-industria-y-construccion-0034,S24-R01,S24,riesgo,,,agente-8b-industria-y-construccion,ai,8,F8-AG-01,metodologia v0.2,protocolo v0.2,2026-10-07,inicial,,,,,,,"Falla eléctrica, autoelevador a gas o trabajo en caliente en el depósito","Ignición en el depósito de resinas, lámina y envases embalados","El fuego consume el depósito (3.200 m²), pasa a la nave de producción por el techo común, humo tóxico y fábrica detenida",emi41/fichas/S24/S24-R01.md;emi41/fichas/S24/empresa.md;emi41/fichas/S24/transferencia.md,4,3,4,inferred,EV-S24-010;EV-S24-012;EV-S24-014;EV-S24-015,"Historia propia (desde 2015): ignición en el depósito en 2024-07 (dentro de 36 meses, una vez) → 4; comparable regional 2022 → 3. Ajustes que se compensan (§3.4): −1 por las luminarias LED desde 2024-09, que eliminan la causa del antecedente, y +1 por condiciones que el período no refleja: pérdida de gas de un autoelevador (2026-05) con recambio de garrafas dentro del depósito, empalme con cinta (2026-08) y 2 observaciones eléctricas abiertas (tablero sin tapa, tomacorriente dañado) → 4.",5,,,reported,EV-S24-004;EV-S24-013,"Bruto: el depósito solo son USD 4,75 M (226% de RO 2025 USD 2,1 M (sin partidas extraordinarias)); sin control en 15 minutos alcanza la nave por el techo común (USD 19,4 M más) y la planta se detiene 10 a 15 meses (USD 0,58 M de margen por mes) → ≫ 100% → 5.",4,3,5,inferred,EV-S24-003,"7, 6 o 3 personas en los depósitos y 44, 40 o 30 en producción; humo denso y tóxico de PP, PS y cartón con estibas de 6 m y salida más lejana a 60 m: una muerte plausible sin contención → 4; varias si el humo invade la nave (5).",5,4,5,reported,EV-S24-004,"Con la nave alcanzada, toda la producción 10 a 12 meses (coextrusión) y 12 a 15 (edificio) → 5; si queda en el depósito, 2 a 4 semanas (4).",4,,,reported,EV-S24-013,Clausura municipal hasta verificación de bomberos; investigación laboral y causa penal posible con víctimas → 4.,4,3,4,observed,EV-S24-016;EV-S24-017;EV-S24-018,"Detección: 4 de 22 detectores sin funcionar desde 2025-03 y alarma sólo local; sin rociadores; el muro no es barrera (no llega al techo, 2 aberturas sin portón); una sola bomba eléctrica que se detiene si se corta la energía (45 min de autonomía); brigada sin ejercicio con hidrantes desde 2023 (sí actuación real con matafuegos en 2024-07); evacuación probada (2025-11). Medidas débiles frente a un fuego que pasa la etapa inicial → 4; 3 si se ataca en los primeros minutos.",4,4,5,reported,sin_evidencia,Galpón identificado sin contrato; sin acuerdos con terceros (la coextrusora no tiene equivalente regional); sin plan de continuidad → 4.,5,econ;cont,"econ:cont,rec(secuencial);pers:cont;cont:cont,rec(secuencial);legal:cont",econ;cont,true,econ;cont,true,true,,,medium,Sin cálculo de carga de fuego ni estudio de compartimentación; sumas aseguradas muy por debajo del valor (no cambia I bruto).,80,,80,§2.1;§2.2;§2.3;§3.3;§3.4;§4.2;§4.3;§4.4;§4.5;§5.3;§5.4;§5.5;§6;§8.1;§8.2;D17,Ignición propia dentro de 36 meses (P 4); pérdida bruta del depósito y la nave (económico y continuidad 5) con contención y recuperación débiles. Determinan económico y continuidad.,,pending,,,
EV-8-industria-y-construccion-0035,S24-R02,S24,riesgo,,,agente-8b-industria-y-construccion,ai,8,F8-AG-01,metodologia v0.2,protocolo v0.2,2026-10-07,inicial,,,,,,,"Enclavamiento anulado o de un canal que falla, o retiro de piezas trabadas sin bloqueo","Los platos de una inyectora cierran con la mano, el brazo o el cuerpo de un operario en la zona de molde","Aplastamiento o amputación; en las inyectoras de más de 500 t, aplastamiento del tronco o la cabeza",emi41/fichas/S24/S24-R02.md;emi41/fichas/S24/empresa.md;emi41/fichas/S24/transferencia.md,4,4,5,observed,EV-S24-020;EV-S24-023;EV-S24-024,"Historia propia (desde 2012): aplastamiento de mano en 2024-11 (dentro de 36 meses, una vez; el golpe del expulsor de 2021 no es cierre de platos) → 4. La superintendencia (23 atrapamientos en la región, sin cantidad de máquinas) no es jerarquía 1. Sin ajuste neto: las anulaciones con cinta ya estaban en el antecedente; 2 de 9 enclavamientos ya pasaron a doble canal; queda como máximo 5 por el retiro manual frecuente en las inyectoras grandes con expulsores gastados.",1,1,2,observed,EV-S24-020,"Multa USD 5 a 60 mil y horas extra (USD 7 mil en 2024): ~USD 10 a 67 mil / RO 2025 USD 2,1 M (sin partidas extraordinarias) = 0,5% a 3,2% → 1; 2 con multa alta.",4,3,4,observed,EV-S24-020;EV-S24-022,"Una persona: aplastamiento o amputación de mano o brazo (incapacidad permanente) → 4; en las 3 de más de 500 t, aplastamiento del tronco o la cabeza (muerte, también 4; un caso fatal en el sector). Mínimo 3: fractura sin secuela como en 2024.",1,,,observed,EV-S24-020,Una inyectora de 28 detenida 3 a 10 días; el resto sigue → 1.,4,3,4,observed,EV-S24-020,Inspección y clausura preventiva de la máquina (6 días en 2024) y causa penal posible si se prueba la anulación del enclavamiento → 4.,4,,,observed,EV-S24-025;EV-S24-020,Parada de emergencia probada (2026-09); apertura de platos con válvula manual nunca ensayada y un solo mecánico en turno C; enfermera sólo en turno A; emergencias en 18 min (2024-11). Débil → 4.,no_aplica,,,observed,EV-S24-020,La producción se reparte en otras inyectoras; la lesión no se repara con medidas de la empresa (§5.5.2).,4,pers;legal,econ:cont;pers:cont;cont:cont;legal:cont,pers;legal,false,,true,true,,,medium,No se registra cuántas veces por turno se entra entre los platos de las inyectoras grandes.,64,,80,§2.1;§3.3;§3.4;§4.2;§4.3;§4.5;§5.3;§5.5;§6;§8.2,"Atrapamiento propio dentro de 36 meses (P 4); amputación o muerte plausible con clausura y causa posible (personas 4, legal 4) y contención débil. Determinan personas y legal.",,pending,,,
EV-8-industria-y-construccion-0036,S24-R03,S24,riesgo,,,agente-8b-industria-y-construccion,ai,8,F8-AG-01,metodologia v0.2,protocolo v0.2,2026-10-07,inicial,,,,,,,Desgaste de rodamientos y engranajes del reductor principal de la coextrusora,Rotura del reductor y detención de la línea de coextrusión,Sin lámina multicapa (35%) hasta reponer el reductor importado; pérdida de ventas y de clientes termoformadores,emi41/fichas/S24/S24-R03.md;emi41/fichas/S24/empresa.md;emi41/fichas/S24/transferencia.md,4,3,5,inferred,EV-S24-030;EV-S24-031;EV-S24-032;EV-S24-033,"Historia propia (desde 2015): rotura del rodamiento de salida en 2023-08 (unos 37 meses, fuera de los 36) → 3; comparables: 3 roturas de reductor de ese modelo en el país 2018–2025 → 3. +1 (§3.4.2): degradación que el período no refleja: hierro en aceite 145 → 180 ppm (alerta 100) y vibración del rodamiento de salida en 7,1 mm/s, igual a la alarma del fabricante → 4.",3,3,5,inferred,EV-S24-002;EV-S24-030,"Plausible: rotura del rodamiento con daño de engranajes por desgaste: 3 a 16 semanas sin lámina (USD 47 mil de margen por semana), reparación USD 20 a 300 mil y clientes perdidos (en 2023 uno, USD 0,6 M de facturación por año, ~USD 168 mil de margen): ~USD 0,3 a 1,0 M / RO 2025 USD 2,1 M (sin partidas extraordinarias) = 15% a 48% → 3; 4 con reductor nuevo; 5 si se van varios termoformadores.",1,,,observed,EV-S24-030,Reductor cubierto; la línea se detiene por sobrecorriente; sin personas expuestas → 1.,4,4,5,reported,EV-S24-030,"Extrusión de lámina multicapa (función crítica, 35%) detenida: 19 días en 2023 sólo con el rodamiento; 14 a 16 semanas con reductor nuevo → 4 (más de 2 semanas); 5 en el máximo.",1,,,observed,EV-S24-030,Sin consecuencia legal; los contratos no tienen penalidades → 1.,3,,,observed,EV-S24-030,"Detención por sobrecorriente (funcionó en 2023, protege tornillo y cilindro) y stock de 90 t (~9 días de ventas de lámina): limitan una parte → 3.",3,3,4,observed,EV-S24-030,"Línea monocapa propia que cubre ~25% (22% en 2023-08, más de 3 años: formal propia sin prueba vigente); juego de rodamientos en planta; taller local que nunca reconstruyó un reductor de este tamaño; sin façon → 3.",4,cont,"econ:cont,rec(secuencial);pers:cont;cont:cont,rec(secuencial);legal:cont",cont,false,,false,true,,,medium,Estado de los engranajes (el reductor nunca se abrió); plazo del reductor nuevo sin evidencia escrita.,48,,75,§2.1;§3.3;§3.4;§4.2;§4.4;§5.3;§5.4;§5.5;§6,P 4 por antecedentes de más de 36 meses más indicadores en alarma; lámina detenida más de 2 semanas (continuidad 4) con contención y recuperación parciales. Determina continuidad.,,pending,,,
EV-8-industria-y-construccion-0037,S24-R04,S24,riesgo,,,agente-8b-industria-y-construccion,ai,8,F8-AG-01,metodologia v0.2,protocolo v0.2,2026-10-07,inicial,,,,,,,Confusión de bolsones de molido de piezas técnicas (no apto) cargado en la tolva de una inyectora de envases,Se inyecta un lote de potes para alimentos con material no apto,El cliente llena y distribuye; retiro del mercado con reclamo a la empresa; posible suspensión del registro de fabricante,emi41/fichas/S24/S24-R04.md;emi41/fichas/S24/empresa.md;emi41/fichas/S24/transferencia.md,3,2,3,observed,EV-S24-043;EV-S24-044;EV-S24-042,"Sin antecedentes propios. Precursores observados: bolsones sin etiqueta junto a la tolva de una inyectora de envases (2025-10) y un bolsón no apto lleno en la zona de envases (2026-08) → 3. Sector: 3 retiros nacionales por envases fuera de norma 2021–2025, ninguno en la región → 2. Sin ajuste: la segregación y los bolsones de color ya estaban cuando ocurrió el precursor de 2026-08.",3,3,5,inferred,EV-S24-046;EV-S24-047,"Bruto: un lote de un turno (~180.000 potes) llega al mercado; retiro del producto del cliente 1 USD 0,35 a 0,8 M (contrato sin tope), multa USD 5 a 200 mil, posible pérdida del cliente (USD 3,0 M de facturación) / RO 2025 USD 2,1 M (sin partidas extraordinarias) = 17% a 48% → 3; 4 o 5 con suspensión del registro o pérdida del cliente.",unknown,,,assumed,sin_evidencia,Consumidores del postre en 15 a 25 días: no hay ensayo de migración del molido ni información toxicológica del talco y los aditivos en contacto con alimentos. La evidencia no acota el nivel: unknown sin rango (§9.2).,unknown,,,assumed,sin_evidencia,"Si la autoridad suspende el registro, no se pueden vender envases para alimentos (40%, función crítica) hasta la rehabilitación, de duración desconocida (sin antecedentes); sin suspensión, 1. No se acota a tres niveles: unknown.",4,3,5,reported,EV-S24-042,Notificación y retiro público; actuación de la autoridad sanitaria con multa y suspensión del registro de fabricante (suspensión de una habilitación) → 4; baja del registro → 5.,4,,,observed,EV-S24-040;EV-S24-048,"Control de color cada hora que apenas distingue el molido al 15%; retención de 24 a 48 h sin ensayo por lote; trazabilidad probada (2026-03, 4 h) que sólo actúa una vez detectado; el cliente distribuye en 1 a 3 días. Detección tardía o por terceros → 4.",4,,,reported,EV-S24-048,Reposición de potes en 1 a 2 días; ninguna medida para el registro ni para reemplazar a un cliente perdido → 4.,≥ 4,legal,"econ:cont,rec(secuencial);pers:cont;cont:cont,rec(secuencial);legal:cont",,false,,false,false,"i_pers unknown sin rango (sin ensayo de migración ni toxicología) e i_cont unknown; la cota de personas con 5 (P3 × 5 × contención 4 = 60) supera el C_raw de las dimensiones conocidas (48, legal)",Ensayo de migración del molido de piezas técnicas e información toxicológica de sus aditivos; criterio y plazos de la autoridad sanitaria para suspender y rehabilitar el registro.,high,Migración y toxicidad del molido no apto; duración de una suspensión del registro.,,,60,§2.1;§3.3;§4.2;§4.3;§4.4;§4.5;§5.3;§5.4;§5.5;§9.2;§9.3;§9.4;§9.5;D8,"P 3 por precursores; económico y legal estimables (3 y 4), pero I-personas no se puede acotar sin datos de migración: unknown sin rango y la cota supera lo conocido: no evaluable.",,pending,,,AN-8-industria-y-construccion-0026
EV-8-industria-y-construccion-0038,S24-R05,S24,riesgo,,,agente-8b-industria-y-construccion,ai,8,F8-AG-01,metodologia v0.2,protocolo v0.2,2026-10-07,inicial,,,,,,,"Fallas en la línea de media tensión de la distribuidora (tormentas, picos de demanda, maniobras)",Corte del suministro eléctrico a la planta de más de 5 minutos,"Se detienen todas las máquinas; material degradado en la coextrusora, purgas, descarte y horas perdidas",emi41/fichas/S24/S24-R05.md;emi41/fichas/S24/empresa.md;emi41/fichas/S24/transferencia.md,5,,,observed,EV-S24-050;EV-S24-051,"Historia propia (desde 2019): 6, 7, 9 y 6 (a septiembre) cortes por año desde 2023 → 5.",1,1,2,observed,EV-S24-052,"Bruto sin detención ordenada: cabezal a desarmar y limpiar (1 a 2 días de coextrusora, ~USD 13 mil de margen por día) más descarte y purgas (USD 6 a 14 mil): ~USD 20 a 40 mil / RO 2025 USD 2,1 M (sin partidas extraordinarias) = 1% a 1,9% → 1; 2 con un corte largo como el de 2025-01 sin detención ordenada.",1,,,observed,EV-S24-050,Ninguna lesión en 37 cortes; iluminación de emergencia → 1.,2,1,2,inferred,EV-S24-052,"Toda la producción se detiene durante el corte (mediana 30 a 40 min); sin detención ordenada, la coextrusora (función crítica) queda 1 a 2 días → 2; con cortes cortos y rearranque normal, 1.",1,,,observed,EV-S24-050,Ninguna → 1.,2,,,observed,EV-S24-053,"UPS del controlador y de los servidores (ensayo 2026-03) y procedimiento de detención (cerrar material, abrir el cabezal) aplicado en los cortes de 2026: evitan el daño del cabezal y dejan una pérdida acotada (USD 6 a 14 mil por corte) → 2.",2,,,observed,EV-S24-052,"Procedimiento de rearranque aplicado en cada corte (inyección en 1 h, coextrusión en 3 a 4 h) y horas extra los sábados para recuperar órdenes → 2. Generador cotizado y no aprobado.",2,cont,"econ:cont,rec(secuencial);pers:cont;cont:cont,rec(secuencial);legal:cont",cont,false,,false,true,,,low,,20,,20,§3.3;§4.2;§4.4;§5.1;§5.3;§5.4;§5.5;§6,Evento recurrente (P 5) de consecuencia bruta menor (continuidad 2) con contención y recuperación probadas; determina continuidad.,,pending,,,
EV-8-industria-y-construccion-0039,S24-R06,S24,riesgo,,,agente-8b-industria-y-construccion,ai,8,F8-AG-01,metodologia v0.2,protocolo v0.2,2026-10-07,inicial,,,,,,,"Purgas, salpicadura por humedad o contacto con boquilla o cabezal, con protección incompleta",Material fundido a 220–260 °C entra en contacto con la piel de un operario,"Quemadura de primer o segundo grado en manos, antebrazos o cara; días de baja",emi41/fichas/S24/S24-R06.md;emi41/fichas/S24/empresa.md;emi41/fichas/S24/transferencia.md,5,,,observed,EV-S24-061;EV-S24-060,"Jerarquía 1: superintendencia, 2,4 quemaduras con baja cada 100 trabajadores de producción por año (2019–2024); con ~130 trabajadores de producción, 3,1 por año → > 70% → 5. Historia propia: 3, 3, 3 y 2 (a septiembre) quemaduras por año → 5.",1,,,observed,EV-S24-060,"Prestaciones por la ART; multa posible USD 2 a 15 mil (< 1% de RO 2025 USD 2,1 M (sin partidas extraordinarias)) → 1.",2,2,3,observed,EV-S24-060,Un operario: quemaduras de primer o segundo grado con atención y pocos días de baja → 2; 12 días de baja en 2024-05 (incapacidad temporal) o salpicadura en los ojos → 3.,1,,,observed,EV-S24-060,La máquina sigue con otro operario → 1.,1,1,2,observed,EV-S24-060,Denuncia a la ART; inspección posible (2) → 1.,2,,,observed,EV-S24-063;EV-S24-060,"Duchas y lavaojos probados (2026-09), botiquines con apósitos, enfermera en turno A y brigadistas en B y C; actuación real 2026-03 conforme al protocolo (enfriamiento 20 min y traslado). Probadas, limitan la lesión → 2.",no_aplica,,,observed,EV-S24-060,Nada que restablecer: la máquina sigue con otro operario (§5.5.2).,2,pers,econ:cont;pers:cont;cont:cont;legal:cont,pers,false,,false,true,,,low,,20,,30,§3.2;§3.3;§4.3;§5.2;§5.3;§5.5;§6,Evento recurrente (P 5 por jerarquía 1 e historia propia) con quemadura leve plausible y contención probada; determina personas.,,pending,,,
EV-8-industria-y-construccion-0040,S25-R01,S25,riesgo,,,agente-8b-industria-y-construccion,ai,8,F8-AG-01,metodologia v0.2,protocolo v0.2,2026-10-07,inicial,,,,,,,"Error de rotulado, falla de proceso o inestabilidad del producto (disolución, valoración o impurezas)",Un lote de comprimidos ya distribuido queda fuera de especificación,"Retiro del lote, notificación a la autoridad, destrucción y reposición; pacientes que reciben menos efecto terapéutico",emi41/fichas/S25/S25-R01.md;emi41/fichas/S25/empresa.md;emi41/fichas/S25/transferencia.md,3,3,4,observed,EV-S25-011;EV-S25-010;EV-S25-012,"Jerarquía 1: registro público de retiros 2021–2025, plantas con más de 30 productos 0,34 retiros por planta por año (P de al menos uno ≈ 29%) → 3. Historia propia (10 años, jerarquía 2): retiro 2024-09 dentro de 36 meses → 4. Divergen dos fuentes de jerarquía 1 y 2: rango 3–4, se toma la de mayor jerarquía (§3.2). Sin ajuste: el cambio de excipiente de 2025-11 y el lector de rótulos no se pueden comparar con lo habitual en el sector (la ficha dice que no se sabe cómo se comparan).",2,2,4,observed,EV-S25-010,"Bruto: un lote (USD 0,22 M a precio de venta) más logística, investigación, destrucción y multa posible (USD 15 a 150 mil): ~USD 0,3 a 0,46 M / RO 2025 USD 12,1 M (sin partidas extraordinarias) = 2,5% a 3,8% → 2. Peor creíble: un retiro por estabilidad que alcanza todos los lotes del período (hasta 30 por producto) con el excipiente nuevo: USD 3 a 7 M (25% a 58%) → 4.",2,1,3,inferred,EV-S25-010,"Pacientes que toman un lote con menos disolución o valoración: efecto terapéutico menor y reversible (retiro clase II), sin productos de margen estrecho → 2; 1 si no hay efecto (2024-09 sin notificaciones); 3 con falla de tratamiento antibiótico.",1,,,observed,EV-S25-010,No se detiene la producción → 1.,3,,,observed,EV-S25-010,"Notificación obligatoria a la autoridad en 24 horas y a distribuidoras, farmacias y hospitales; posible inspección por causa → 3.",2,,,observed,EV-S25-014;EV-S25-010,Procedimiento de retiro probado: simulacro 2026-02 (94% localizado en 48 h) y actuación real 2024-09 (91% recuperado en 10 días); farmacovigilancia con dedicación completa. Limitan el daño al lote y a lo ya consumido → 2.,2,,,observed,EV-S25-010,"Reposición desde 7 semanas de stock, probada en 2024-09 sin faltante en el mercado; lo retirado no se recupera → 2.",3,legal,"econ:cont,rec(secuencial);pers:cont;cont:cont,rec(secuencial);legal:cont",legal,false,,false,true,,,medium,Estabilidad a 12 meses o más de los lotes con el excipiente nuevo; alcance de un retiro por estabilidad.,18,,32,§2.1;§3.2;§3.3;§3.4;§4.2;§4.3;§4.4;§4.5;§5.2;§5.3;§5.4;§5.5;§6,Tasa sectorial de jerarquía 1 (P 3); un lote con notificación obligatoria (legal 3) y retiro probado. Determina legal.,,pending,,,
EV-8-industria-y-construccion-0041,S25-R02,S25,riesgo,,,agente-8b-industria-y-construccion,ai,8,F8-AG-01,metodologia v0.2,protocolo v0.2,2026-10-07,inicial,,,,,,,"Limpieza de la línea compartida que no elimina los residuos de cefalosporina, o arranque antes del resultado del hisopado",Se llena un lote de otro inyectable con residuos de cefalosporina por encima del límite,"Pacientes alérgicos a betalactámicos con reacciones, incluida anafilaxia; retiro, detención de la línea y actuación de la autoridad",emi41/fichas/S25/S25-R02.md;emi41/fichas/S25/empresa.md;emi41/fichas/S25/transferencia.md,3,3,4,observed,EV-S25-021;EV-S25-022;EV-S25-020;EV-S25-024,"Sin antecedentes propios desde 2017 (no corresponden 4 ni 5). Precursor observado: hisopado fuera de límite después de una campaña de cefalosporina (2025-09), sin lote iniciado → 3. Sector: 2 retiros en otras provincias 2020–2025 → 2. Ajustes que se compensan (§3.4): +1 por el detergente nuevo sin revalidación de la limpieza (desde 2026-01, posterior al precursor) y −1 por el orden de campañas y la prohibición de liberación condicional después de cefalosporina (desde 2025-10, posteriores al precursor; la auditoría 2026-04 no encontró liberaciones condicionales después de cefalosporina) → 3.",3,3,5,reported,EV-S25-002;sin_evidencia,"Bruto: lote y retiro desde hospitales USD 0,15 a 0,4 M; llenado aséptico detenido 4 a 8 semanas × USD 0,40 M de margen por semana = USD 1,6 a 3,2 M: total ~USD 1,8 a 3,6 M / RO 2025 USD 12,1 M (sin partidas extraordinarias) = 15% a 30% → 3. Con línea dedicada exigida (USD 2,8 M de margen por año de cefalosporinas durante 12 a 18 meses) y demandas sin estimar → 4 o 5.",4,3,5,reported,EV-S25-020;sin_evidencia,"Un lote de 25.000 a 40.000 unidades llega por vía parenteral a varios miles de pacientes internados, de los que 5% a 10% declara alergia a betalactámicos: una anafilaxia mortal es plausible sin coincidencias → 4. 3 como en el caso del sector (6 reacciones, ninguna mortal); 5 si hay varias anafilaxias graves.",4,4,5,reported,sin_evidencia,"Llenado aséptico (función crítica, 50%) detenido 4 a 8 semanas para investigación y revalidación → 4; 5 si la suspensión del área estéril pasa de 3 meses.",4,,,observed,EV-S25-020,"Retiro clase I, inspección por causa, posible suspensión de la elaboración en el área estéril y causa penal posible si hay daño a pacientes → 4.",3,3,4,observed,EV-S25-023;EV-S25-014,Los ensayos de liberación no detectan cefalosporina (un lote contaminado se libera); detección por terceros vía farmacovigilancia (mediana 9 días); el retiro probado (simulacro 2026-02) corta la exposición pero no recupera lo ya administrado; stock de 6 a 8 semanas de inyectables sostiene la venta durante la detención. Limitan parte del daño y dejan pasar una parte importante → 3; 4 para el daño a pacientes.,3,,,observed,EV-S25-024,"Protocolo de revalidación escrito (2023), ejecución 3 a 4 semanas, nunca aplicado a este caso; sin fabricante a façon de inyectables. Alternativa formal sin prueba → 3.",4,pers;cont;legal,"econ:cont,rec(secuencial);pers:cont;cont:cont,rec(secuencial);legal:cont",pers;cont;legal,false,,true,true,,,high,Nivel de residuo que produce reacciones y cuántos pacientes reaccionarían; criterio de la autoridad sobre una línea dedicada; indemnizaciones.,36,,80,§2.1;§2.2;§3.3;§3.4;§4.1;§4.2;§4.3;§4.4;§4.5;§5.3;§5.4;§5.5;§6;§8.2,"Precursor propio con ajustes compensados (P 3); anafilaxia mortal plausible, detención del llenado aséptico de 4 a 8 semanas y posible suspensión (personas, continuidad y legal 4), con detección por terceros. Determinan personas, continuidad y legal.",,pending,,,
EV-8-industria-y-construccion-0042,S25-R03,S25,riesgo,,,agente-8b-industria-y-construccion,ai,8,F8-AG-01,metodologia v0.2,protocolo v0.2,2026-10-07,inicial,,,,,,,"Falla del equipo de frío de un camión, demora en una entrega o caja isotérmica que supera su autonomía",Un envío de inyectables de 2 a 8 °C pasa más de 30 minutos por encima de 8 °C en tránsito,"Destrucción del envío si la estabilidad no respalda la excursión; si no se detecta, producto con menos potencia a pacientes",emi41/fichas/S25/S25-R03.md;emi41/fichas/S25/empresa.md;emi41/fichas/S25/transferencia.md,5,,,observed,EV-S25-030;EV-S25-031,"Historia propia: 4, 6 y 3 excursiones en 2024, 2025 y 2026 (a septiembre): al menos una por año → 5. Sector: 0,5% de los envíos refrigerados × ~2.000 envíos = ~10 por año → > 70% → 5.",1,1,2,observed,EV-S25-030,"Un envío medio USD 6,7 mil (2025-12: USD 85 mil bruto) más reposición USD 1 a 5 mil / RO 2025 USD 12,1 M (sin partidas extraordinarias) < 1% → 1; el envío más grande (USD 260 mil) con retiro del lote → 2.",1,1,2,observed,EV-S25-030,Producto con menos potencia sin notificaciones de farmacovigilancia desde 2022 → 1; efecto terapéutico menor en pacientes de la hormona o el biológico → 2.,1,,,observed,EV-S25-030,Ninguna función se detiene; el envío se repone desde stock → 1.,1,1,3,observed,EV-S25-030,"Sin detección no hay consecuencia jurídica → 1; si el producto con excursión llegó a pacientes y se descubre, retiro y notificación → 3.",3,,,observed,EV-S25-032;EV-S25-030,"Registradores en el 100% de los envíos sin alarma, pero el 18% de los hospitales no envía el archivo (auditoría 2026-06); alarma en tiempo real en 6 de 14 camiones; evaluación por estabilidad en 1 día con actuaciones reales. Medida que falla parcialmente → 3.",2,,,observed,EV-S25-033,Reposición desde 9 semanas de stock refrigerado y reclamo al operador hasta USD 50 mil por envío (cobrado en 2025-12: USD 50 mil de 85 mil). Repone la mayor parte → 2.,1,econ;pers;cont;legal,"econ:cont,rec(secuencial);pers:cont;cont:cont,rec(secuencial);legal:cont",econ;pers;legal,false,,false,true,,,low,Excursiones no detectadas en el 18% de los envíos.,15,,45,§3.2;§3.3;§4.2;§4.3;§4.4;§4.5;§5.2;§5.3;§5.4;§5.5;§6,"Excursión frecuente (P 5) con consecuencias brutas menores en todas las dimensiones y contención que falla en parte. Determinan económico, personas y legal.",,pending,,,
EV-8-industria-y-construccion-0043,S25-R04,S25,riesgo,,,agente-8b-industria-y-construccion,ai,8,F8-AG-01,metodologia v0.2,protocolo v0.2,2026-10-07,inicial,,,,,,,Observaciones mayores de la inspección de 2024 con acciones vencidas sin cerrar,En una inspección la autoridad constata las observaciones repetidas o vencidas y suspende la elaboración en el área de comprimidos,La empresa deja de fabricar el 50% de su facturación hasta que la autoridad verifique la corrección,emi41/fichas/S25/S25-R04.md;emi41/fichas/S25/empresa.md;emi41/fichas/S25/transferencia.md,3,3,4,observed,EV-S25-041;EV-S25-042;EV-S25-043;EV-S25-044,"Sin suspensiones propias (no corresponden 4 ni 5). Comparables: 2 laboratorios de la región suspendidos en 2023 y 2025 → 3. Sector (cámara): 9 de 46 inspecciones de seguimiento con acciones mayores vencidas terminaron en suspensión (~20%), con una inspección casi segura en 12 meses (rutina desde 2026-11 y programa de seguimiento anunciado) → 3 (15–40%). Sin ajuste: la cámara ya mide plantas con acciones vencidas, y la mitad de las plantas las tiene.",4,4,5,observed,EV-S25-002;EV-S25-041,"Bruto: comprimidos detenidos 4 a 7 meses (comparables) × USD 1,73 M de margen por mes = USD 6,9 a 12,1 M, más corrección USD 0,9 M y multa USD 15 mil a 1,5 M: ~USD 7,8 a 14,5 M / RO 2025 USD 12,1 M (sin partidas extraordinarias) = 64% a 120% → 4 (valor más plausible ~5 meses, ~80%); 5 con 7 meses y multa alta.",1,1,3,inferred,EV-S25-041,Nada físico; 3 de 38 productos sin equivalente nacional quedan sin abastecer (la ficha no dice cuáles ni qué efecto tiene la falta) → 1; hasta 3 si la falta de un producto deja pacientes sin tratamiento.,5,,,observed,EV-S25-041,"Fabricación de comprimidos (función crítica, 50%) detenida 4 y 7 meses en los comparables: más de 3 meses → 5.",4,,,observed,EV-S25-040,"Suspensión temporal de la elaboración en un área (habilitación por áreas), multa y publicación → 4.",3,,,observed,EV-S25-045,Stock de comprimidos de ~6 semanas sostiene la venta una parte de una suspensión de 4 a 7 meses; plan de corrección en 15 días sin antecedente propio. Limitan parte y dejan pasar una parte importante → 3.,3,,,observed,EV-S25-045,"Fabricante a façon contratado para 2 de 38 productos (USD 5,0 M por año), usado en 2025-03 con entregas a tiempo; transferir más productos requiere 3 a 6 meses de aprobación, nada iniciado. Alternativa probada que cubre sólo una parte → 3.",5,cont,"econ:cont,rec(secuencial);pers:cont;cont:cont,rec(secuencial);legal:cont",cont,true,cont,false,true,,,medium,Fecha de la próxima inspección frente al cierre de las acciones (2027-02); duración de una suspensión; criterio de selección del relevamiento de la cámara.,45,,60,§2.1;§3.2;§3.3;§3.4;§4.2;§4.3;§4.4;§4.5;§5.3;§5.4;§5.5;§6;§8.1,"Comparables regionales y tasa de la cámara (P 3); suspensión de 4 a 7 meses del 50% de la facturación (económico 4, continuidad 5, legal 4) con stock y façon parciales. Determina continuidad.",,pending,,,
EV-8-industria-y-construccion-0044,S25-R05,S25,riesgo,,,agente-8b-industria-y-construccion,ai,8,F8-AG-01,metodologia v0.2,protocolo v0.2,2026-10-07,inicial,,,,,,,"Biopelícula en el lazo de agua purificada (tramos con poco caudal, falla de la sanitización con ozono)",El recuento microbiológico del agua purificada supera el límite de acción en el lazo,Se detiene toda la producción que usa agua purificada hasta sanitizar; lotes fabricados con esa agua bloqueados,emi41/fichas/S25/S25-R05.md;emi41/fichas/S25/empresa.md;emi41/fichas/S25/transferencia.md,3,3,4,observed,EV-S25-050;EV-S25-051;EV-S25-052;EV-S25-053,"Historia propia (10 años): excursión de 2023-02, hace 43 meses → 3; precursores 2026-04 (62 UFC/ml) y 2026-07 (ozono fuera de servicio 3 días) → 3; comparables del proveedor (7 excursiones 2021–2025, sin total de sistemas) → 3. Sin ajuste: los tramos de poco uso no consta que hayan cambiado desde 2023 y el generador de ozono reemplazado en 2025-08 tuvo una falla en 2026-07.",3,3,4,observed,EV-S25-050;EV-S25-002,"Bruto (sin bloqueo de lotes): planta detenida ~9 días × USD 0,80 M de margen por semana = ~USD 1,0 M, lotes de 5 días (~8 lotes) rechazados o retirados del mercado USD 0,3 a 1,0 M y sanitización USD 30 a 60 mil: ~USD 1,3 a 2,1 M / RO 2025 USD 12,1 M (sin partidas extraordinarias) = 11% a 17% → 3; 4 si la detención llega a 3 semanas.",1,1,2,inferred,EV-S25-050,Comprimidos con recuento microbiano elevado; el agua para inyectables pasa por el destilador → 1; 2 si llega a pacientes producto contaminado.,3,3,4,observed,EV-S25-050,Comprimidos y llenado aséptico detenidos hasta sanitizar y tener 3 días conformes: 9 días en 2023-02 → 3; 4 si la biopelícula exige más de 2 semanas. Ver anomalía sobre el bruto.,3,1,3,inferred,EV-S25-050,"Bruto sin bloqueo: lotes afectados llegan al mercado, retiro y notificación obligatoria → 3; con los lotes retenidos sólo desvío documentado (1).",3,,,observed,EV-S25-050,"Bloqueo de liberación hasta el resultado del agua: actuó en 2023-02 (hace más de 3 años, sin ensayo en 12 meses: presente sin prueba); stock de 7 semanas sostiene la venta; la medición en línea no detecta contaminación microbiológica → 3.",3,,,observed,EV-S25-050,"Sanitización química escrita, aplicada en 2023-02 (fuera de los 3 años); sin segundo sistema ni proveedor externo de agua. Presente sin prueba → 3.",3,econ;cont;legal,"econ:cont,rec(secuencial);pers:cont;cont:cont,rec(secuencial);legal:cont",econ;cont;legal,false,,false,true,,,medium,Sin estudio de caudales de los tramos de poco uso; duración de una excursión futura.,27,,48,§2.4;§3.3;§3.4;§4.2;§4.3;§4.4;§4.5;§5.2;§5.3;§5.4;§5.5;§6,"Antecedente propio de más de 3 años y precursores (P 3); detención de toda la planta de 1 a 2 semanas (económico, continuidad y legal 3) con contención y recuperación sin prueba. Determinan económico, continuidad y legal.",,pending,,,AN-8-industria-y-construccion-0028
EV-8-industria-y-construccion-0045,S25-R06,S25,riesgo,,,agente-8b-industria-y-construccion,ai,8,F8-AG-01,metodologia v0.2,protocolo v0.2,2026-10-07,inicial,,,,,,,Cuenta compartida del proveedor de soporte (VPN sin doble factor) o credencial obtenida por phishing,Un atacante con acceso a la red de planta ejecuta un programa que cifra los servidores de serialización,No se puede serializar ni informar a la autoridad: no se despacha; costos de respuesta y posible sanción,emi41/fichas/S25/S25-R06.md;emi41/fichas/S25/empresa.md;emi41/fichas/S25/transferencia.md,4,3,4,inferred,EV-S25-060;EV-S25-061;EV-S25-062;EV-S25-063;EV-S25-065,"Nunca hubo cifrado (no corresponden 4 ni 5 por historia propia). Comparables: 6 laboratorios asociados a la cámara con ransomware e interrupción 2022–2025, 1 en la región → 3; precursores propios (credencial robada por phishing 2025-05, malware 2024-01) → 3. +1 (§3.4.2) por condiciones peores que lo habitual en los comparables: 28 de 41 exigen doble factor a proveedores y la empresa no, con servidores de línea sin actualizaciones de seguridad → 4. Ver anomalía sobre la lectura de la encuesta.",3,2,4,reported,EV-S25-002;sin_evidencia,"Bruto: despacho detenido 3 a 4 semanas (reinstalación y validación desde cero) × USD 0,80 M de margen por semana; las distribuidoras recompran (~3 semanas de stock) y los hospitales (25%) se pierden pasados 10 días: margen perdido ~USD 0,6 a 2,4 M, penalidades USD 0,1 a 0,3 M y respuesta USD 0,35 M: ~USD 1,1 a 3,1 M / RO 2025 USD 12,1 M (sin partidas extraordinarias) = 9% a 26% → 3; 4 si se pierde todo el margen del período.",1,,,observed,EV-S25-065,Sin datos de pacientes en el sistema; los hospitales compran a otro proveedor → 1.,4,,,reported,sin_evidencia,Despacho serializado (toda la venta) detenido 3 a 4 semanas; la fabricación se detiene a los 2 días → 4.,1,1,2,observed,EV-S25-065,Sin despacho no hay infracción; la multa por despachar sin informar depende de una decisión posterior (y es económica) → 1; 2 con un requerimiento de la autoridad.,4,,,observed,EV-S25-065,Monitoreo sólo en horario de oficina; la VPN del proveedor llega directo a la red de planta; firewall sin verificación de configuración en los 12 meses previos (presente sin prueba); sin antivirus en los servidores de línea. Débil → 4.,3,,,observed,EV-S25-064,Restauración de la base probada en 2025-10 (31 h) pero sin la configuración de los servidores de línea; modo de contingencia de la autoridad escrito y nunca ensayado; proveedor con 48 h de respuesta. Alternativa formal sin prueba → 3.,4,cont,"econ:cont,rec(secuencial);pers:cont;cont:cont,rec(secuencial);legal:cont",econ;cont,false,,false,true,,,medium,Uso previo de la cuenta compartida (registros de VPN de 7 días); comportamiento real de clientes ante una demora.,48,,64,§2.1;§2.2;§3.2;§3.3;§3.4;§4.2;§4.3;§4.4;§4.5;§5.2;§5.3;§5.4;§5.5;§6,"Comparables y precursores con acceso de proveedor sin doble factor (P 4); despacho detenido 3 a 4 semanas (económico 3, continuidad 4) con contención débil y contingencia sin ensayar. Determinan económico y continuidad.",,pending,,,AN-8-industria-y-construccion-0027
EV-8-industria-y-construccion-0046,S37-R01,S37,riesgo,,,agente-8b-industria-y-construccion,ai,8,F8-AG-01,metodologia v0.2,protocolo v0.2,2026-10-07,inicial,,,,,,,"Polvo de madera acumulado, barnices y solventes, tomacorrientes recalentados",Ignición en el galpón,"Propagación por polvo, tableros y solventes; destrucción de máquinas, stock y trabajos en curso; 24 personas expuestas; meses sin taller",emi41/fichas/S37/S37-R01.md;emi41/fichas/S37/empresa.md;emi41/fichas/S37/transferencia.md,4,3,4,reported,EV-S37-004;EV-S37-010;EV-S37-011,"Historia propia (relato del dueño, sin registro): fuego en los filtros de la cabina ~2019 (más de 3 años) → 3; comparable de la misma ciudad en 2022 → 3; la chispa de 2023 sin fuego es precursor. +1 (§3.4.2) por condiciones que esas fuentes no reflejan: 2 tomacorrientes recalentados sin cambiar, polvo sobre las cerchas y tablero de 2009 sin medición (inspección 2026-08) → 4.",5,,,reported,EV-S37-003,"Bruto: contenido USD 0,98 M más daño al galpón por culpa del inquilino y 4 a 6 meses sin fabricar / magnitud de referencia USD 0,16 M (§4.2, regla 2: RO 2025 −USD 0,11 M y 2024 −USD 0,04 M negativos; único ejercicio positivo de los tres, 2023) ≫ 100% → 5.",4,3,5,inferred,EV-S37-002,"24 personas en el galpón de 07 a 16, sin detección ni plan de evacuación, 400 l de lacas y diluyentes, polvo y cabina a 35 m de la salida: una muerte plausible → 4; 3 si la ignición es fuera de horario (galpón vacío); 5 si el fuego de solventes atrapa a varios.",5,,,reported,EV-S37-003,"Toda la fabricación sin galpón ni máquinas: otro galpón 1 a 3 meses, CNC 4 a 6 meses → más de 3 meses → 5.",4,,,observed,EV-S37-004,Certificado de bomberos vencido desde 2025-03: clausura municipal y multa; investigación laboral y causa penal posible con lesionados → 4.,4,4,5,observed,EV-S37-004,"7 de 10 matafuegos con carga, usados una sola vez (~2019) por el dueño y el encargado; sin detección, hidrantes, rociadores ni plan de evacuación; bomberos a 15 minutos; fuera de horario nadie detecta. Débil → 4; 5 de noche.",4,4,5,reported,sin_evidencia,"Sin plan de continuidad ni otro galpón; dos carpinterías que 'podrían tomar algún trabajo', sin acuerdo; planos en la notebook del proyectista. Capacidad informal que cubre poco → 4.",5,econ;cont,"econ:cont,rec(secuencial);pers:cont;cont:cont,rec(secuencial);legal:cont",econ;cont,true,econ;cont,true,true,,,medium,Sin registro de antecedentes; cantidad real de solventes; valor del galpón.,80,,100,§2.1;§2.2;§3.3;§3.4;§4.2;§4.3;§4.4;§4.5;§5.3;§5.4;§5.5;§6;§8.1;§8.2,"Antecedente antiguo y comparable con degradación observada (P 4); destrucción del taller con 24 personas expuestas (económico y continuidad 5, personas y legal 4) y contención y recuperación débiles. Determinan económico y continuidad.",,pending,,,AN-8-industria-y-construccion-0029;AN-8-industria-y-construccion-0030
EV-8-industria-y-construccion-0047,S37-R02,S37,riesgo,,,agente-8b-industria-y-construccion,ai,8,F8-AG-01,metodologia v0.2,protocolo v0.2,2026-10-07,inicial,,,,,,,"Máquina sin protector, cortes de piezas angostas sin empujador, rechazo de la pieza",La mano de un operario entra en contacto con la hoja de una escuadradora o la fresa de una tupí en giro,Corte profundo o amputación de uno o más dedos,emi41/fichas/S37/S37-R02.md;emi41/fichas/S37/empresa.md;emi41/fichas/S37/transferencia.md,3,3,5,observed,EV-S37-021;EV-S37-020;EV-S37-004,"Jerarquía 1: 3,1 lesiones con baja por máquinas para madera cada 100 expuestos por año × 6 a 14 expuestos = 0,19 a 0,43 por año (P de al menos una 17% a 35%) → 3. Historia propia: corte en la escuadradora 2 en 2024-06 (denuncia a la ART) → 4; con los dos rozones de 2025 (dueño, sin evidencia) → 5. Divergen jerarquía 1 y 2: rango 3–5, se toma la de mayor jerarquía. Sin ajuste: el asesor vio escuadradoras sin protector en varias carpinterías, no hay hecho de que sea peor que lo habitual.",2,1,3,inferred,EV-S37-020,"Prestaciones y salarios: ART. Multa USD 1 a 25 mil con la máquina sin protector / magnitud de referencia USD 0,16 M (§4.2, regla 2: RO 2025 −USD 0,11 M y 2024 −USD 0,04 M negativos; único ejercicio positivo de los tres, 2023) = 0,6% a 16% → 2 como valor más plausible; 3 con la multa alta. El reclamo civil posible no tiene monto en la ficha.",4,3,4,observed,EV-S37-020,Una persona por evento: amputación de uno o más dedos (incapacidad permanente) → 4; 3 como el corte con sutura de 2024-06.,1,,,observed,EV-S37-020,Hay dos escuadradoras y dos tupíes y otros operarios: nada se detiene → 1.,3,3,4,inferred,EV-S37-020,Inspección de la autoridad laboral con requerimiento de adecuación y posible reclamo civil → 3; 4 con clausura preventiva de la máquina sin protector.,4,4,5,reported,sin_evidencia,"Botiquín sin elementos para hemorragias, nadie con curso de primeros auxilios vigente, ambulancia 20 a 25 minutos, sin protocolo de conservación del dedo; las escuadradoras tardan 25 a 40 s en frenar. Débil → 4; 5 si nada cambia el desenlace.",no_aplica,,,observed,EV-S37-020,Las máquinas siguen y otros operarios hacen el trabajo; la lesión no se repara con medidas de la empresa (§5.5.2).,4,pers,econ:cont;pers:cont;cont:cont;legal:cont,pers,false,,true,true,,,medium,Frecuencia real de contactos (sin registro propio); secuela de la lesión de ~2021.,48,,100,§2.1;§3.2;§3.3;§3.4;§4.2;§4.3;§4.4;§4.5;§5.3;§5.5;§6;§8.2,Tasa sectorial de jerarquía 1 (P 3) con historia propia más alta; amputación plausible (personas 4) con contención débil. Determina personas.,,pending,,,AN-8-industria-y-construccion-0031
EV-8-industria-y-construccion-0048,S37-R03,S37,riesgo,,,agente-8b-industria-y-construccion,ai,8,F8-AG-01,metodologia v0.2,protocolo v0.2,2026-10-07,inicial,,,,,,,"Manejo manual de tableros de 45 a 60 kg, herramientas de mano, astillas, trabajo en obra","Un trabajador se corta, se golpea, se le clava una astilla o se lesiona la espalda",Lesión leve con curación o atención médica y a veces días de baja,emi41/fichas/S37/S37-R03.md;emi41/fichas/S37/empresa.md;emi41/fichas/S37/transferencia.md,5,,,observed,EV-S37-030;EV-S37-021,"Historia propia: 2, 3, 2 y 1 denuncias a la ART en 2023, 2024, 2025 y 2026 (a septiembre): al menos una por año → 5. Jerarquía 1: 9,8 lesiones con baja cada 100 por año × 69% (esfuerzo, cortes y golpes) × 25 personas ≈ 1,7 por año → > 70% → 5.",1,,,observed,EV-S37-030,Prestaciones y salarios a cargo de la ART; horas extra no medidas → 1.,2,2,3,observed,EV-S37-030,"Una persona: cortes, contusiones, esguinces o lumbalgias con 2 a 10 días de baja, sin incapacidad → 2; 3 con una lesión ocular o de columna grave.",1,,,observed,EV-S37-030,Ninguna función se detiene → 1.,1,,,observed,EV-S37-030,Denuncia a la ART; ninguna inspección en 2023–2026 → 1.,3,,,observed,EV-S37-030,"Botiquín repuesto a ojo, sin lavaojos ni capacitación en primeros auxilios; prestadores de la ART a 10 minutos con traslados reales. Limitan parte → 3.",no_aplica,,,observed,EV-S37-030,No hay instalación ni producción que reponer; las lesiones las trata la ART (§5.5.2).,2,pers,econ:cont;pers:cont;cont:cont;legal:cont,pers,false,,false,true,,,low,Lesiones sin denuncia no registradas.,30,,45,§3.2;§3.3;§4.2;§4.3;§4.4;§4.5;§5.3;§5.5;§6,Lesiones frecuentes (P 5) leves (personas 2) con contención parcial. Determina personas.,,pending,,,
EV-8-industria-y-construccion-0049,S37-R04,S37,riesgo,,,agente-8b-industria-y-construccion,ai,8,F8-AG-01,metodologia v0.2,protocolo v0.2,2026-10-07,inicial,,,,,,,Desgaste de los rodamientos del husillo sin mantenimiento preventivo,Rotura del husillo y detención del centro de mecanizado CNC,Sin perforado ni ranurado y con el 70% del corte perdido hasta que llega el husillo importado; demoras y tercerización más cara,emi41/fichas/S37/S37-R04.md;emi41/fichas/S37/empresa.md;emi41/fichas/S37/transferencia.md,4,3,4,inferred,EV-S37-040;EV-S37-042,"Historia propia: rotura del husillo en 2022-09 (48 meses, fuera de los 36) → 3. +1 (§3.4.2) por degradación que el período no refleja: ruido en el husillo a alta velocidad desde 2026-07, sin revisión ni medición, con 4 de 6 a 9 años de vida útil según el representante → 4.",4,3,5,assumed,EV-S37-040;EV-S37-051,"Bruto: husillo USD 23 mil; 6 a 8 semanas al 35%–40% de la producción sobre ~USD 120 mil por mes que dependen de la CNC (USD 180 a 240 mil de facturación demorada o perdida) y multas por demora (USD 6 mil por 3 días en 2026-08). Mínimo con margen operativo negativo (sólo costos extra): ~USD 29 mil = 18% → 3. Máximo con la facturación entera: > USD 160 mil → 5. Más plausible con margen de contribución supuesto ~45%: USD 81 a 108 mil + 23 + 6 = USD 110 a 137 mil / magnitud de referencia USD 0,16 M (§4.2, regla 2: RO 2025 −USD 0,11 M y 2024 −USD 0,04 M negativos; único ejercicio positivo de los tres, 2023) = 69% a 86% → 4.",1,,,observed,EV-S37-040,El husillo está dentro de la cabina; sin personas expuestas → 1.,4,,,observed,EV-S37-040,"Corte y mecanizado (función crítica): perforado y ranurado detenidos y el taller al 35%–40%, pérdida de más de la mitad de la capacidad, 6 a 8 semanas (7 en 2022) → 4.",1,,,observed,EV-S37-040,Ninguna → 1.,5,,,observed,EV-S37-040,La máquina se detiene por alarma; nada limita el daño una vez roto el husillo → 5.,4,3,4,reported,sin_evidencia,"Centro de corte comercial a 35 km (~40% de lo necesario, 5 días de demora) usado en 2022-09, hace más de 3 años y sin acuerdo escrito; escuadradoras y perforado a mano con más horas; sin husillo de repuesto. Capacidad no formal → 4; 3 si se toma el servicio comercial como formal.",4,econ;cont,"econ:cont,rec(secuencial);pers:cont;cont:cont,rec(secuencial);legal:cont",econ,false,,false,true,,,high,Margen de contribución desconocido; estado real del husillo sin medición.,80,,100,§2.4;§3.3;§3.4;§4.2;§4.4;§5.3;§5.4;§5.5;§6,"Rotura propia de hace 4 años con ruido actual (P 4); 6 a 8 semanas con el taller a menos de la mitad (continuidad 4) y una pérdida que, frente a la magnitud de referencia chica, llega a 4; sin contención y con recuperación informal. Determina económico.",,pending,,,AN-8-industria-y-construccion-0029;AN-8-industria-y-construccion-0030;AN-8-industria-y-construccion-0032
EV-8-industria-y-construccion-0050,S37-R05,S37,riesgo,,,agente-8b-industria-y-construccion,ai,8,F8-AG-01,metodologia v0.2,protocolo v0.2,2026-10-07,inicial,,,,,,,"Política de tres cotizaciones, demoras de entrega y competidores con precio menor",La cadena de locales decide dejar de asignar proyectos a la empresa,Pérdida de alrededor de un tercio de la facturación y reducción de personal,emi41/fichas/S37/S37-R05.md;emi41/fichas/S37/empresa.md;emi41/fichas/S37/transferencia.md,3,3,4,observed,EV-S37-050;EV-S37-051,"Historia propia: pérdida de un cliente corporativo en 2019 (más de 3 años) → 3; precursores observados: tres cotizaciones desde 2026-04 (4 de 7 proyectos asignados frente a 9 de 9 en 2025), multa y pedido de un plan de plazos en 2026-08 → 3. Sin ajuste: las pérdidas que limitan bajar precios son parte de la misma causa ya contada en los precursores; 4 si se toma la falta de respuesta al pedido como control ausente.",5,3,5,assumed,sin_evidencia;EV-S37-050,"Bruto: USD 0,82 M de facturación por año (34% de 2025, sin confirmar) e indemnizaciones de 6 a 8 personas USD 36 a 56 mil. Mínimo con margen operativo negativo (sólo indemnizaciones): 23% a 35% → 3; con margen de contribución supuesto ~45%: USD 0,37 M + 0,05 M / magnitud de referencia USD 0,16 M (§4.2, regla 2: RO 2025 −USD 0,11 M y 2024 −USD 0,04 M negativos; único ejercicio positivo de los tres, 2023) ≈ 260% → 5.",1,,,observed,sin_evidencia,Nada físico → 1.,1,,,observed,sin_evidencia,Ninguna función se detiene; queda capacidad sin vender → 1.,1,,,observed,sin_evidencia,Despidos con indemnización legal → 1.,5,,,reported,sin_evidencia,Ninguna medida hace que el cliente siga comprando una vez que decide; el cobro de lo pendiente (USD 140 mil) no evita la pérdida → 5.,4,,,observed,EV-S37-052,Dos cotizaciones a otra cadena (~USD 200 mil por año) sin respuesta; sin plan escrito ni vendedor → 4.,5,econ,"econ:cont,rec(secuencial);pers:cont;cont:cont,rec(secuencial);legal:cont",econ,true,econ,false,true,,,high,Participación real del cliente; margen de contribución de sus proyectos.,75,,100,§2.1;§3.3;§3.4;§4.1;§4.2;§5.3;§5.4;§5.5;§6;§8.1,Precursores observados (P 3); un tercio de la facturación frente a una magnitud de referencia chica (económico 5) sin contención y con recuperación informal. Determina económico.,,pending,,,AN-8-industria-y-construccion-0029;AN-8-industria-y-construccion-0030;AN-8-industria-y-construccion-0032
EV-8-industria-y-construccion-0051,S37-R06,S37,riesgo,,,agente-8b-industria-y-construccion,ai,8,F8-AG-01,metodologia v0.2,protocolo v0.2,2026-10-07,inicial,,,,,,,"Galpón en zona con robos, herramientas en cajas sin cerradura en obras, sin inventario","Sustracción de herramientas o máquinas portátiles del galpón, la camioneta o una obra","Pérdida de herramientas, compra de reposición y demoras de uno o pocos días",emi41/fichas/S37/S37-R06.md;emi41/fichas/S37/empresa.md;emi41/fichas/S37/transferencia.md,4,4,5,observed,EV-S37-060;EV-S37-061,"Historia propia: robo con portón forzado en 2024-03 (dentro de 36 meses) → 4; faltantes en obras 'cuatro o cinco veces por año' según el dueño, sin distinguir robos de pérdidas → 5. −1 para el galpón por alarma monitoreada y portón reforzado (2024-04, posteriores al antecedente), que no actúan en obras. Valor 4.",2,1,3,reported,EV-S37-060,"Un robo como el de 2024-03, USD 4,8 mil, más un día de instalación USD 0,4 a 0,8 mil / magnitud de referencia USD 0,16 M (§4.2, regla 2: RO 2025 −USD 0,11 M y 2024 −USD 0,04 M negativos; único ejercicio positivo de los tres, 2023) ≈ 3,5% → 2; faltante de obra USD 0,3 a 1,5 mil → 1; todas las portátiles USD 42 mil → 3.",1,,,observed,EV-S37-060,Robos de noche sin personal → 1.,1,,,observed,EV-S37-060,Se trabajó al día siguiente con herramientas prestadas; degradación menor de 1 a 3 días → 1.,1,,,observed,EV-S37-060,Ninguna → 1.,4,,,observed,EV-S37-061,Alarma monitoreada en el galpón sin activación con ingreso ni prueba de respuesta (presente sin prueba); en obra ninguna medida. Débil → 4.,2,,,observed,EV-S37-060,"Reposición en casas del ramo en 1 a 3 días y herramientas prestadas, actuación real 2024-03: restablece la función en días → 2.",2,econ,"econ:cont,rec(secuencial);pers:cont;cont:cont,rec(secuencial);legal:cont",econ,false,,false,true,,,medium,Sin inventario ni registro de faltantes en obra.,24,,45,§2.1;§3.3;§3.4;§4.2;§4.4;§5.3;§5.4;§5.5;§6,Robo propio dentro de 36 meses (P 4) con pérdida chica (económico 2) y contención débil. Determina económico.,,pending,,,AN-8-industria-y-construccion-0029
EV-8-industria-y-construccion-0052,S37-R07,S37,riesgo,,,agente-8b-industria-y-construccion,ai,8,F8-AG-01,metodologia v0.2,protocolo v0.2,2026-10-07,inicial,,,,,,,"Acceso a distancia con contraseña de 6 dígitos sin cambiar, cuenta única de administrador, sistema operativo sin soporte, correos con adjuntos",Un programa malicioso se ejecuta en la computadora de gestión y cifra sus archivos,"Pérdida de presupuestos, órdenes, listados de corte y cuentas corrientes; demoras de producción y cobranza",emi41/fichas/S37/S37-R07.md;emi41/fichas/S37/empresa.md;emi41/fichas/S37/transferencia.md,2,2,3,observed,EV-S37-070;EV-S37-071,"Jerarquía 1: encuesta 2025 de la cámara regional, 7% de las pymes industriales de menos de 50 empleados declaró cifrado de datos en 12 meses → 2 (5–15%). La toma del correo de 2024-09 es precursor (ancla 3), de menor jerarquía. Sin ajuste: no hay hecho escrito de que los accesos de la empresa sean peores que lo habitual en esas pymes (la encuesta sólo compara copias de seguridad, que son V).",2,1,3,assumed,EV-S37-071,"Bruto: técnico y computadora USD 1,8 a 2,1 mil; reconstrucción con sueldos que siguen; demora de producción de días a 2 semanas mientras se rehacen listados (~USD 50 mil de facturación por semana; con margen de contribución supuesto ~45%, USD 10 a 45 mil) / magnitud de referencia USD 0,16 M (§4.2, regla 2: RO 2025 −USD 0,11 M y 2024 −USD 0,04 M negativos; único ejercicio positivo de los tres, 2023) = 7% a 29% → 2 como valor más plausible (pocos días); 3 con 2 semanas de demora y multas de la cadena.",1,,,observed,EV-S37-071,Sin consecuencias para personas → 1.,3,2,4,reported,sin_evidencia,Presupuestos y órdenes (función crítica) detenidos 1 a 3 días hasta reinstalar y luego degradados 2 a 4 semanas mientras se reconstruyen los datos (un nivel por debajo de 4) → 3; 2 si la reconstrucción es más rápida; 4 si la interrupción plena dura más de 2 semanas.,1,1,2,observed,EV-S37-071,Datos de clientes particulares sin obligación de notificar; la facturación sigue desde el sitio del fisco → 1; 2 con un reclamo individual.,5,,,observed,EV-S37-071,"Antivirus gratuito que sólo detecta programas conocidos (antes del evento); sin separación de redes, router sin revisar con contraseña de fábrica. Nada contiene el cifrado → 5.",4,3,4,reported,sin_evidencia,"Copias en un disco externo que nadie encuentra, sin fecha ni prueba; planos en la nube del proyectista sin verificar; facturas recuperables desde el sitio del fisco y cobros desde extractos. Reconstrucción improvisada que cubre una parte → 4; 3 si se toman el fisco y la nube como alternativa formal.",3,cont,"econ:cont,rec(secuencial);pers:cont;cont:cont,rec(secuencial);legal:cont",cont,false,,false,true,,,medium,Existencia de copias de la base; duración real de la reconstrucción; margen de contribución.,24,,48,§2.1;§2.2;§3.2;§3.3;§3.4;§4.2;§4.4;§4.5;§5.3;§5.4;§5.5;§6,Tasa sectorial de jerarquía 1 (P 2); pérdida de datos de gestión con semanas de reconstrucción (continuidad 3) sin contención y con recuperación improvisada. Determina continuidad.,,pending,,,AN-8-industria-y-construccion-0029;AN-8-industria-y-construccion-0030
