risk_id,familia,evaluador,factor,pretendido,rango_pretendido,evaluado,tipo,regla_v01_v02,observacion
S01-R01,agro-y-alimentos,agente,p,3,3-4,4,±1,CH-084 (candidata),"Fuente de mayor jerarquía: historia propia de 14 años (2012-2026) con una ignición en 2019-08 (hace más de 3 años) → ancla 3. Sector (cámara regional 2016-2025, incl. bodega de tamaño parecido en 2023) también indica 3. Ajuste +1 (§3.4.2): borne de TS-2 a 78 °C sin corregir desde 2025-11 (degradación observada que no estaba en el período del antecedente). Sin ajuste −1: no hay control preventivo nuevo verificado. Resultado 4; rango 3-4 por la lectura alternativa (el punto caliente como precursor y no como condición causal)."
S01-R01,agro-y-alimentos,emiliano,p,3,3-4,4,±1,ninguna,"Antecedente propio de ignición en 2019, registro de 14 años: ancla 3. Se añade 1 por el borne de TS-2 a 78 °C sin corregir, documentado en 2025. No se resta por el permiso de trabajo en caliente: no controla la causa eléctrica evaluada."
S01-R01,agro-y-alimentos,agente,i_pers,3,3-4,4,±1,ninguna,"En turno 07-16 hay 9 operarios en la nave y 3 en el laboratorio anexo; en visita, hasta 20 visitantes y un guía (15 min en la nave). Salida más lejana a 55 m, cubierta con núcleo de poliuretano (humo). Sin ningún control posterior (sin alarma ni evacuación), una ignición en horario de trabajo hace plausible una muerte por humo; la ignición nocturna (cargadores) no expone a nadie (exposición, I). Más de una muerte con visitantes presentes va al máximo."
S01-R01,agro-y-alimentos,emiliano,i_pers,3,3-4,5,más de 1,ninguna,"Sin supresión ni evacuación, humo y fuego en una nave sin sectorización con 9 operarios, 3 personas anexas y hasta 21 visitantes/guía hacen plausibles muertes múltiples. No se toma la ausencia nocturna como exposición de todo el año."
S01-R01,agro-y-alimentos,agente,i_legal,2,2-3,4,más de 1,ninguna,"En el escenario plausible con una víctima: investigación laboral, clausura posible del sector y causa penal con posible responsabilidad de directivos → 4. Sin víctimas quedaría el acta ambiental por vertido al canal (2), de ahí el mínimo."
S01-R01,agro-y-alimentos,emiliano,i_legal,2,2-3,4,más de 1,ninguna,Clausura del sector y responsabilidad penal posible de directivos si hay víctimas: nivel 4. Multas sólo en económico.
S01-R01,agro-y-alimentos,agente,v_rec,4,4-5,3,±1,CH-081/CH-085 (candidata),"Sin plan de continuidad. Stock en botella de líneas de crianza (~5 meses de ventas, en otro edificio a 80 m): alternativa propia parcial (§5.4 F5-4B) presente sin prueba → 3. Compra de vino criado de terceros es estimación del gerente sin acuerdo (improvisada, 4) y las tonelerías son reposición normal; por eso el máximo 4."
S01-R03,agro-y-alimentos,agente,i_econ,3,2-3,2,±1,ninguna,"Escenario bruto: rotura de un tanque de 150.000 litros sin trasvase. Vino a costo USD 165 mil (USD 1,10/l) + reparación o tanque nuevo USD 25-95 mil + limpieza USD 20-60 mil ≈ USD 0,23-0,32 M / RO 2025 USD 3,0 M (último ejercicio cerrado, positivo, sin partidas extraordinarias) ≈ 8-11% → 2 (con 18 meses de stock no hay venta perdida). Máximo 3 si el vino se valúa a reposición como granel (USD 420 mil) o hay multa ambiental."
S01-R03,agro-y-alimentos,agente,v_cont,3,,2,±1,ninguna,Trasvase de emergencia con bombas móviles: actuación real 2022-10 (salvó 74.000 de 80.000 l) y 2024-07 (actuó con cierre de válvulas; últimos 3 años) → probado; limita a una parte acotada → 2. Válvulas inútiles en rotura de fondo; canaletas y pileta sin verificar en 12 meses y con 30-60% de nivel; en vendimia pocos tanques vacíos → máximo 3.
S01-R04,agro-y-alimentos,agente,v_cont,2,2-3,3,±1,CH-081/CH-085 (candidata),"Stock de producto terminado de ~3 semanas de líneas jóvenes (5 meses de crianza) hace que el despacho no se detenga en una parada corta: por F5-2 es contención (que la función no llegue a detenerse), presente sin prueba documentada → 3. Diagnóstico de mantenimiento en <1 h y repuestos mecánicos. Nada evita que el embotellado se detenga → máximo 4."
S01-R04,agro-y-alimentos,agente,v_rec,3,,2,±1,ninguna,"Horas extra y sábados: actuación real 2025-12, recuperó los 2 días en 2 sábados (repone la mayor parte de lo perdido, probada) → 2. Embotelladora móvil de terceros: actuación real 2024-11, sin contrato, 60% del volumen desde el día 3 y ocupada en octubre-diciembre (parcial) → 3 como máximo. Sin PLC de repuesto."
S01-R05,agro-y-alimentos,agente,p,4,3-4,3,±1,CH-084 (candidata),"Historia propia de 8 años: un embarque despachado con residuo fuera de límite (2025-02, hace 20 meses) → ancla 4. Ajuste −1 (§3.4.1): desde 2025-04 análisis multirresiduo antes de cada embarque a los tres países con bloqueo al 80% del límite (61 analizados, 3 bloqueados), control preventivo verificado que no existía en el antecedente. Sin +1: los 12 productores sin cuaderno y los lotes cercanos al límite no son condiciones nuevas respecto de 2025. Resultado 3; máximo 4 sin el ajuste."
S01-R05,agro-y-alimentos,agente,v_cont,3,2-3,2,±1,ninguna,"Recompra o redirección del contenedor a un mercado con límite más alto: actuación real 2025-02 (últimos 3 años), pérdida limitada al 15% de descuento → probada, daño acotado → 2. Bloqueo de embarques siguientes del lote sin actuación real → máximo 3."
S01-R05,agro-y-alimentos,agente,v_rec,3,,4,±1,CH-081/CH-085 (candidata),"Redirección del volumen de un importador suspendido: estimación del gerente (50% en 3 meses), sin antecedente ni acuerdo escrito → capacidad improvisada que cubre poco → 4."
S01-R06,agro-y-alimentos,agente,i_econ,3,2-3,2,±1,ninguna,"Bruto sin malla (barrera pasiva, V). Tormenta plausible sobre 60-120 ha con 20-45% de daño: reemplazo de uva de líneas jóvenes a USD 0,27/kg por encima del costo y de crianza a USD 0,75/kg; ejemplo de 130 ha sin malla al 45% = USD 175 mil; con bloques de crianza alcanzados ≈ USD 0,2-0,3 M + tratamientos USD 120/ha + 12% menos de rinde el año siguiente. Plausible ≈ USD 0,15-0,3 M / RO 2025 USD 3,0 M (último ejercicio cerrado, positivo, sin partidas extraordinarias) ≈ 5-10% → 2; máximo 3 con una tormenta sobre todo el predio central en febrero."
S01-R07,agro-y-alimentos,agente,p,4,3-4,5,±1,CH-084 (candidata),"Historia propia de 14 años: 2021-04 (trabajador de contratista mareado dentro del tanque) y 2024-03 (operario con mareos al asomarse por la boca, O2 16%; hace 30 meses) → ancla 4. Ajuste +1 (§3.4.2): detector con calibración vencida desde 2026-06 y 22 de 150 ingresos sin medición registrada en la vendimia 2026 (control preventivo descubierto ausente, no registrado en el período). Resultado 5. Sector: 4 muertes provinciales 2016-2025."
S01-R07,agro-y-alimentos,agente,v_cont,4,3-4,3,±1,ninguna,"Vigía con radio (9 de 150 ingresos sin vigía), trípode con malacate, 2 arneses y un equipo autónomo; simulacro de rescate 2025-02-20 (más de 12 meses) sólo con la cuadrilla propia → medidas presentes sin prueba → 3. La contratista nunca ensayó y de noche no hay enfermero; ambulancia a 25 min → máximo 4."
S01-R07,agro-y-alimentos,agente,v_rec,no_aplica,,5,estado,ninguna (no_aplica no cambió),La lesión o muerte no se repone; nada acorta la clausura de la autoridad (no hay equipos que reponer). El desvío de uva por fasón ya es el costo de la clausura en I → 5. No es no_aplica porque hay una interrupción.
S06-R01,agro-y-alimentos,agente,i_legal,2,,3,±1,ninguna,Reclamos civiles de varios clientes por fruta de valor muy superior al RO: demandas de responsabilidad relevantes → 3. Sin consecuencia regulatoria.
S06-R01,agro-y-alimentos,agente,v_cont,4,3-4,3,±1,ninguna,"Alarma de temperatura por cámara con SMS: actuación real 2024-02 (aviso a 20 min). Compresor móvil conseguido por teléfono sin contrato: en 2024-02 llegó a las 40 h y salvó 2 de 4 cámaras (actuación real en 3 años, resultado parcial). Puertas cerradas. Limitan parte del daño y dejan una parte importante → 3. El proveedor tiene 2 equipos, alquilados en febrero-marzo → máximo 4."
S06-R02,agro-y-alimentos,agente,v_rec,3,,4,±1,CH-081/CH-085 (candidata),"Grupo de 500 kVA alquilable en 12-24 h sin contrato, sin antecedente y sin verificar que arranque el compresor; traslado de fruta sin acuerdo escrito → improvisado → 4."
S06-R03,agro-y-alimentos,agente,p,4,4-5,5,±1,CH-084 (candidata),"Historia propia de 17 años: fugas 2022-12 y 2025-05 (hace 16 meses) → ancla 4. Ajuste +1 (§3.4.2): corrosión externa en 2 tramos de cañería sobre la antecámara (2026-08, sin reemplazar), válvulas de seguridad con prueba vencida desde 2026-06 y mástil de autoelevador (4,8 m) más alto que la altura libre (4,2 m) sin protección: condiciones no registradas en el período de los antecedentes. Resultado 5."
S06-R03,agro-y-alimentos,agente,i_cont,2,2-3,3,±1,ninguna,"Frío detenido total o parcialmente 6 h a 1-3 días para reparar un tramo; la inspección con posible clausura de la instalación hasta verificar la reparación y el plan de emergencia (inexistente, requisito del registro) lleva la interrupción plausible a más de 3 días → 3."
S06-R03,agro-y-alimentos,agente,v_rec,2,2-3,4,más de 1,CH-081/CH-085 (candidata),Técnico refrigerista en 4-24 h y juntas en stock (reposición normal); traslado de fruta sin acuerdo escrito; nada repone la fruta manchada → 4.
S06-R04,agro-y-alimentos,agente,v_cont,5,4-5,4,±1,ninguna,"Sólo 18 extintores (recargados 2026-03) y rondas del sereno cada 2 h (cortó la energía en el chispazo de 2025-09); sin detección, rociadores, hidrantes propios (municipal a 600 m), brigada, plan de evacuación ni simulacros; sin muros cortafuego; bomberos a 22 min. Detección tardía y respuesta sin entrenamiento → 4; con el fuego en el panel, nada contiene (5)."
S06-R05,agro-y-alimentos,agente,p,3,3-4,4,±1,CH-084 (candidata),"El principal cliente nunca dejó de renovar (historia propia 2014-2026 sin el evento; la pérdida del segundo cliente en 2022 es otro evento). Fuente siguiente, comparables: 3 de unos 15 frigoríficos de la zona perdieron a su cliente principal en 2021-2025 → ancla 3. Ajuste +1 (§3.4.2) contra lo habitual en los comparables: pedido escrito de rebaja de 12% (2026-08) sin respuesta, competidor que amplió capacidad en 2026 y volumen del cliente −8%. Resultado 4."
S06-R05,agro-y-alimentos,agente,i_econ,unknown,4-5,5,estado,CH-080 (candidata),"Facturación perdida USD 706 mil por una temporada. Margen de contribución desconocido (§4.2.3 F5-1): mínimo con margen operativo 2025 = 118/1.810 = 6,5% → USD 46 mil / RO 2025 USD 118 mil (último ejercicio cerrado, positivo, sin partidas extraordinarias) = 39% → 4; máximo con la facturación entera → 598% → 5. Más plausible 5: los costos de un frigorífico son casi todos fijos (personal, amortización; sólo baja parte de la energía), con un margen de contribución supuesto ≥ 20% la pérdida supera el RO."
S06-R06,agro-y-alimentos,agente,i_econ,2,2-4,3,±1,ninguna,"Escenario plausible: fractura. Si la víctima es de un cliente (4-10 en cámaras de febrero a junio), reclamo civil USD 20-80 mil + multa USD 1-40 mil + bins hasta USD 2 mil ≈ USD 30-50 mil / RO 2025 USD 118 mil (último ejercicio cerrado, positivo, sin partidas extraordinarias) ≈ 25-42% → 3-4; si es propio, sólo la multa ≈ 1-34% → 1-3. Más plausible 3."
S15-R01,agro-y-alimentos,agente,i_econ,5,4-5,4,±1,ninguna,"Bruto sin malla ni tratamiento (V). Granizo plausible sobre parte de una finca como el de 2025-12 (40 ha al 25% ≈ 100 t): facturación USD 106 mil menos cosecha y flete no pagados (USD 0,13/kg) ≈ USD 93 mil + efecto de 10-15% en la cosecha siguiente / RO 2025 USD 310 mil (último ejercicio cerrado, positivo, sin partidas extraordinarias) ≥ 30% → 4. Ejemplo del agrónomo: toda la finca A sin malla al 40% en febrero, USD 446 mil = 144% → 5; un granizo de diciembre con compensación de la planta ≈ 15-25% → 3."
S15-R01,agro-y-alimentos,agente,v_rec,5,,4,±1,CH-081/CH-085 (candidata),"La uva perdida no se reemplaza (no compra uva para revender, sin producción alternativa). Poda de recuperación en invierno para la cosecha siguiente, hecha en 2014, no escrita → capacidad que cubre poco → 4."
S15-R02,agro-y-alimentos,agente,v_cont,4,3-4,3,±1,ninguna,"Molinos en 45 ha de finca B (41% de la finca más expuesta): actuación real 2025-10-08 (últimos 3 años) con 9 de 10 en marcha y +1,5 °C, pero en una helada leve; alarma probada. Finca A y 65 ha de finca B sin defensa: limitan parte y dejan una parte importante → 3; máximo 4 por no haber actuado en una helada como la de 2022."
S15-R03,agro-y-alimentos,agente,v_rec,4,4-5,5,±1,CH-081/CH-085 (candidata),"La uva que no se produce no se reemplaza: nada repone → 5. La compra de horas actúa antes de la pérdida (contención, F5-2)."
S15-R04,agro-y-alimentos,agente,p,3,3-4,4,±1,CH-084 (candidata),"Historia propia de 14 años: vuelco 2020-12 (hace más de 3 años) → ancla 3; el incidente de 2024-02 sin vuelco es precursor. Ajuste +1 (§3.4.2): 2 de los 4 tractores sin estructura con frenos desparejos (inspección 2026-08) y 2 tractoristas sin capacitación ingresados en 2026, condiciones que no estaban en el período. Resultado 4."
S15-R04,agro-y-alimentos,emiliano,p,3,3-4,4,±1,CH-084 (candidata),"Vuelco 2020: ancla 3; quedar con dos ruedas en acequia 2024 es precursor, no vuelco. +1 por frenos desparejos identificados 2026 y dos ingresantes sin capacitación. Arcos no se usan para bajar P: actúan sobre daño tras vuelco."
S15-R04,agro-y-alimentos,emiliano,i_cont,1,,2,±1,ninguna,"Reposición 2–4 semanas de un tractor, afectación menor al 50% de la capacidad: duración 3–4 menos 1=2–3, plausible 2 por reposición usada en extremo corto. Otros tractores disponibles son V."
S15-R06,agro-y-alimentos,agente,i_econ,3,3-4,4,±1,ninguna,"Bruto sin detección temprana (V): la plaga en una finca daña 5-15% de su producción (finca B USD 1,15 M, finca A USD 1,90 M). Plausible 10% en una finca: USD 115-190 mil de facturación × (1 − USD 0,13/kg de cosecha y flete) + tratamientos obligatorios USD 13-31 mil ≈ USD 0,12-0,2 M / RO 2025 USD 310 mil (último ejercicio cerrado, positivo, sin partidas extraordinarias) ≈ 39-65% → 4. Las dos fincas al 15% → 5."
S16-R01,agro-y-alimentos,agente,i_econ,3,2-4,2,±1,ninguna,"Bruto sin análisis (V): el vino se vende. Fraccionado: retiro de 400.000 unidades USD 250-400 mil (estimación del gerente) + multa hasta USD 150 mil + pileta USD 132 mil ≈ USD 0,5-0,7 M; granel: devolución, penalidad 15% y destilación ≈ USD 0,12 M. Plausible ≈ USD 0,4 M / magnitud de referencia: resultado antes de liquidar la uva 2025 = margen de contribución antes de liquidar USD 12,82 M − costos fijos USD 3,14 M = USD 9,68 M (§4.2 magnitud 3: el RO es negativo en los tres ejercicios por diseño; ver anomalía A6) ≈ 4% → 2."
S16-R02,agro-y-alimentos,agente,p,3,3-4,4,±1,CH-084 (candidata),"Historia propia de 16 años: incendio de un motor en 2017-11 (más de 3 años) → ancla 3; comparables de la región 2022 y 2024 también dan 3. Ajuste +1 (§3.4.2): 3 interruptores con capacidad de corte menor que la carga actual (ampliación de 2021, relevamiento 2025-09, obra recién para 2026-11) y pasillos obstruidos en 2 de 6 sectores (2026-08): condiciones que no estaban en el período del antecedente. Resultado 4."
S16-R02,agro-y-alimentos,agente,i_pers,3,3-4,4,±1,ninguna,"10 personas por turno en fraccionado y 8-17 en la elaboración contigua en vendimia; salida más lejana a 70 m; carga de cartón, plástico y film con humo denso. Sin controles posteriores, una muerte plausible → 4 (safety_critical)."
S16-R02,agro-y-alimentos,agente,i_legal,2,2-3,4,más de 1,ninguna,Clausura del sector hasta la reconstrucción y nueva habilitación (clausura temporal) e intervención laboral si hay víctimas → 4.
S16-R03,agro-y-alimentos,agente,p,4,4-5,5,±1,CH-084 (candidata),"Historia propia de 16 años: fallas en vendimia 2021-02 y 2024-03-11 (hace 31 meses) → ancla 4. Ajuste +1 (§3.4.2): rodamiento del compresor 1 en nivel de alerta (vibraciones 2026-07), repuesto sin fecha: degradación observada que no estaba en el período. Resultado 5."
S16-R03,agro-y-alimentos,agente,v_rec,2,2-3,3,±1,CH-081/CH-085 (candidata),"Servicio técnico con contrato de respuesta en 24 h (llegó a las 18 h en 2024); recepción en otra cooperativa (actuación real 2024, 1.800 t en 5 días) sin acuerdo escrito; sin equipo de frío móvil. Alternativa probada que cubre una parte → 3."
S16-R05,agro-y-alimentos,agente,i_econ,3,2-4,2,±1,ninguna,"Socio o chofer (sin seguro de la cooperativa): reclamo civil USD 100-400 mil + multa USD 2-60 mil + clausura de 3 días en el pico (~2.550 t desviadas, USD 75/t ≈ USD 0,19 M) ≈ USD 0,3-0,65 M / magnitud de referencia: resultado antes de liquidar la uva 2025 = margen de contribución antes de liquidar USD 12,82 M − costos fijos USD 3,14 M = USD 9,68 M (§4.2 magnitud 3: el RO es negativo en los tres ejercicios por diseño; ver anomalía A6) ≈ 3-7% → 2."
S16-R05,agro-y-alimentos,agente,v_rec,no_aplica,,5,estado,ninguna (no_aplica no cambió),La lesión no se repone y nada acorta una clausura de la recepción → 5 (las otras tolvas sólo siguen si no hay clausura).
S16-R06,agro-y-alimentos,agente,p,3,3-4,4,±1,CH-084 (candidata),Historia propia 2015-2026: un comprador de 25% del granel no renovó en 2019 (más de 3 años) → ancla 3. Ajuste +1 (§3.4.2): en 2026-06 renovó con 20% menos volumen y anunció 300 ha propias que producen desde 2028; devolución por calidad en 2026-08: cambio de exposición que no estaba en el período. Resultado 4.
S17-R01,agro-y-alimentos,agente,p,4,4-5,5,±1,CH-084 (candidata),"Historia propia de 20 años: rotura de un tubo de humo de la caldera 2 en 2024-07 (hace 27 meses) → ancla 4; la fisura de 2019 detectada en prueba hidráulica es precursor. Ajuste +1 (§3.4.2): dureza del agua fuera de límite en 9 de 39 semanas de 2026 con una columna del ablandador fuera de servicio desde 2026-05, incrustaciones de 1,5 mm en la caldera 1 (2026-04) y caldera 3 operando con prueba hidráulica vencida desde 2026-08: condiciones que no estaban en el período. Resultado 5."
S17-R01,agro-y-alimentos,agente,i_econ,2,2-3,3,±1,ninguna,"En el escenario plausible con una víctima: indemnizaciones y costos legales USD 200-600 mil por persona (asesor legal) + reparación USD 60-250 mil + clausura de la sala de calderas (detiene la planta: USD 178 mil/día × 25% = USD 44,5 mil/día de margen) por algunos días ≈ USD 0,6-0,9 M / RO 2025 USD 5,9 M (último ejercicio cerrado, positivo, sin partidas extraordinarias) ≈ 10-15% → 3. Sin víctimas, sólo reparación y 16% de capacidad en campaña ≈ 2; dos muertos y clausura larga ≈ 30% → 4."
S17-R01,agro-y-alimentos,agente,v_cont,2,2-3,3,±1,CH-081/CH-085 (candidata),"Cortes automáticos por bajo nivel y sobrepresión probados en 2026-04 (calderas 1 y 2; caldera 3 en 2025-08, más de 12 meses); corte de gas probado (actuación real 2024-07 en 2 min); simulacro de evacuación 2025-11 (40 s); duchas, enfermería y ambulancia a 12 min. Las otras dos calderas mantienen el vapor (redundancia: contención por F5-2). Para quien está frente a la caldera el vapor ya salió: limitan parte, una parte importante se produce → 3."
S17-R01,agro-y-alimentos,agente,v_rec,2,,4,más de 1,ninguna,"Caldera móvil de 10 t/h de otra provincia en 7-10 días, sin contrato ni antecedente; reparación por taller regional (9 días en 2024, reposición normal). Lo que queda para recuperación es improvisado → 4."
S17-R02,agro-y-alimentos,agente,i_econ,1,1-2,2,±1,ninguna,"Bruto sin caldera 3 a fuel oil ni recuperación posterior: evaporación detenida durante el corte (promedio 3-4 días por evento): margen de USD 178 mil/día × 25% ≈ USD 44,5 mil/día → USD 0,13-0,18 M + penalidades (USD 18 mil en 2025) / RO 2025 USD 5,9 M (último ejercicio cerrado, positivo, sin partidas extraordinarias) ≈ 2-3% → 2. Un corte como el de 6 días continuos más días encadenados → 3."
S17-R02,agro-y-alimentos,agente,v_rec,2,,1,±1,ninguna,"Recuperación de la producción con 20% de capacidad ociosa de invierno: actuación real 2025, los 14 días se recuperaron antes de 2025-09-30 (repone casi todo lo perdido) → 1. Reprogramación de embarques (2 demorados)."
S17-R03,agro-y-alimentos,agente,i_pers,2,1-2,1,±1,ninguna,"Diluido como lo usan los clientes, pH 8,5-9 en la bebida: sabor alterado e irritación bucal posible, sin casos registrados en el sector → 1; máximo 2."
S17-R03,agro-y-alimentos,agente,v_cont,3,3-4,2,±1,ninguna,"Análisis de laboratorio de cada lote antes del envasado final (actuación real 2022-11 y 2025-09, retuvo los dos lotes) y retención de embarques hasta el certificado (ninguno salió sin él) → probadas, limitan el daño al lote → 2. La alarma de pH en línea no actuó nunca (desactivada en 2025) y el procedimiento de retiro nunca se ensayó."
S17-R04,agro-y-alimentos,agente,i_econ,3,2-3,2,±1,ninguna,"Plausible: exceso detectado con multa duplicada por reincidencia, USD 90-180 mil (responsable ambiental) / RO 2025 USD 5,9 M (último ejercicio cerrado, positivo, sin partidas extraordinarias) ≈ 1,5-3% → 2. Si la autoridad suspende el permiso por ser la tercera infracción en 3 años (5-30 días en la región): USD 44,5 mil/día de margen → USD 0,2-1,3 M → 3."
S17-R04,agro-y-alimentos,agente,i_cont,3,1-4,1,más de 1,ninguna,Plausible: el vertido no detiene funciones → 1. Con suspensión del permiso el proceso se detiene 5-30 días (3-4); el rango queda acotado a 3.
S17-R04,agro-y-alimentos,agente,i_legal,4,3-4,3,±1,ninguna,"Acta, multa agravada y plan de adecuación obligatorio bajo inspección (ya vigente con prórroga) → 3. La tercera infracción en 3 años habilita la suspensión del permiso (4) y la denuncia penal si hay daño al cauce."
S17-R05,agro-y-alimentos,agente,v_cont,3,2-3,2,±1,ninguna,"4 duchas de emergencia con prueba mensual (última 2026-09) y enfriamiento inmediato (actuación real 2025-03 y 2026-04), enfermería y ambulancia en 11-12 min: probadas, limitan la profundidad de la quemadura a una persona → 2."
S17-R06,agro-y-alimentos,agente,p,3,3-4,4,±1,CH-084 (candidata),"Historia propia de 18 años sin rotura: sólo descarta 4 y 5 (las pérdidas de tubos de 2023 y 2025 son precursores). Comparables de la región: 2 reemplazos de calandria por rotura en 2019-2025 en equipos de 15-17 años → ancla 3; los precursores también dan 3. Ajuste +1 (§3.4.2) contra lo habitual en los comparables: 12,5% de tubos con pérdida de espesor >40% sin reentubar a los 18 años (los comparables reentuban entre 14 y 18), SO2 residual sobre lo recomendado en 18% de los controles y ensayo de 2026 no hecho. Resultado 4."
S17-R06,agro-y-alimentos,agente,v_cont,2,,3,±1,CH-081/CH-085 (candidata),Alarma de conductividad del condensado con corte de alimentación y vaciado (probada en las pérdidas de 2023 y 2025) y evaporador secundario disponible que mantiene 30% de la evaporación (redundancia: contención por F5-2). Limitan parte; una parte importante se produce → 3.
S17-R06,agro-y-alimentos,agente,v_rec,3,,4,±1,CH-081/CH-085 (candidata),"Taponado de tubos no sirve ante rotura de placa o de muchos tubos; 60 tubos de repuesto (5%); fasón en otra planta por acuerdo verbal, sólo julio-diciembre y hasta 30%; sin plan escrito → capacidad no formal que cubre poco → 4."
S18-R01,agro-y-alimentos,agente,p,4,4-5,5,±1,CH-084 (candidata),"Registro propio de laboratorio desde 2019: STEC en elaborados o sus recortes en 2021-04, 2023-09 y 2025-06 (hace 16 meses) → ancla 4. Ajuste +1 (§3.4.2): hisopados de playa sobre el límite en aumento (6 de 240 en 2025, 9 de 180 en 2026), presuntivos de PCR 0,9% en 2026, ácido láctico bajo especificación en 3 de 20 días y 4 esterilizadores fuera de temperatura: degradación observada en 2026 que no estaba en el período. Resultado 5; mínimo 4 sin el ajuste."
S18-R01,agro-y-alimentos,agente,i_econ,2,2-3,3,±1,ninguna,"Bruto sin retención ni retiro: lote de 12 t consumido con casos de SUH. Retiro USD 120-180 mil + reposición USD 70-100 mil + clausura de la línea 10-21 días (USD 121 mil/semana ≈ USD 0,17-0,36 M) + multa hasta USD 0,5 M + demandas (USD 2,4 M en el comparable de 2022) + cliente perdido 8 meses (~USD 0,16 M de margen) ≈ USD 3,2 M / RO 2025 USD 25,6 M (último ejercicio cerrado, positivo, sin partidas extraordinarias) ≈ 12% → 3. Sin enfermos ≈ 2-3% → 2; con más casos que el comparable → 4."
S18-R01,agro-y-alimentos,agente,v_rec,5,4-5,4,±1,CH-081/CH-085 (candidata),"Reinicio de la línea tras validación (3 semanas en 2021, reposición normal); sin otra planta ni fasón para elaborados; recupero de clientes sin plan escrito (8 meses en 2021) → 4."
S18-R02,agro-y-alimentos,agente,i_legal,2,1-2,1,±1,ninguna,Denuncia obligatoria; inspección sólo en casos con incapacidad permanente (acta posible por las 2 sierras sin sensor) → 1; máximo 2.
S18-R02,agro-y-alimentos,agente,v_cont,3,3-4,2,±1,ninguna,"Sensor de contacto que frena la hoja en 4 de 6 sierras de cinta (actúa al tocar la mano: contención), parada de emergencia verificada mensualmente (10 de 10 en 2026-08), enfermería en turnos A y B con actuación real 2024-06 (atención en 4 min, hospital a los 31 min). Probadas, limitan el daño a una persona → 2. Turno C sin enfermero y 2 sierras sin sensor → máximo 3."
S18-R03,agro-y-alimentos,agente,p,3,3-4,4,±1,CH-084 (candidata),"Historia propia de 16 años: escape de 2022-11 (15 kg, evacuación; hace 47 meses) → ancla 3; comparable regional 2023 también 3. Ajuste +1 (§3.4.2): 2 de 6 compresores con más de 90.000 h sobre las 80.000 de revisión recomendada (no estaban así en 2022). Resultado 4. Lectura alternativa: la pérdida por la empaquetadura de 2026-06 (<1 kg) es una pérdida de contención y daría ancla 4 por sí sola; con +1 serían 5."
S18-R03,agro-y-alimentos,emiliano,p,3,3-4,4,±1,CH-084 (candidata),Fuga de junio 2026 menor a 1 kg materializa pérdida de contención aunque esté bajo Precursores:4. No se usa sólo 2022 ni el número de evacuaciones. Se mantiene techo 5 por condición nueva de compresores vencidos sin cronología precisa respecto de junio.
S18-R03,agro-y-alimentos,agente,i_pers,5,4-5,4,±1,ninguna,"Estudio de dispersión: rotura de cañería de líquido con 1.000-2.000 kg en 30 min si nada aísla; >1.000 ppm en la sala en menos de 1 minuto (2-3 operarios) y 300-500 ppm en el desposte (hasta 290 personas). En el comparable de 2023, 1 operario muerto y 22 atendidos. Una muerte plausible → 4 (safety_critical); los 2-3 operarios de la sala → máximo 5."
S18-R03,agro-y-alimentos,agente,v_rec,4,3-5,3,±1,CH-081/CH-085 (candidata),"Contrato con el representante de compresores (técnico en 48 h, actuación real 2025-01 a las 40 h), repuestos de juntas, sellos y válvulas; el reinicio depende de la autoridad; nada repone el producto decomisado → alternativa parcial formal → 3."
S18-R03,agro-y-alimentos,emiliano,v_rec,4,3-5,3,±1,ninguna,"Repuestos de juntas/sellos y asistencia del fabricante en 40 h probada, sin compresor de reserva; alternativa parcial 3."
S18-R04,agro-y-alimentos,agente,p,3,3-4,2,±1,CH-084 (candidata),"Fuente de jerarquía 1: lista pública del mercado A, 6 suspensiones en unas 35 plantas habilitadas en 2021-2025 (≈175 plantas-año) → 3,4% anual → nivel 1 (<5%). Historia propia (desde 2015) sin suspensión del mercado A, con precursor: rechazo de 2026-05 (primero de la ventana que activa la suspensión con el segundo) → ancla 3; fuentes de jerarquía 1 y 2 divergen → rango 1-3 (§3.2). Ajuste +1 (§3.4.2) sobre el dato de jerarquía 1, que no refleja la situación de la planta: un rechazo ya en la ventana hasta 2027-05 y 2 no conformidades mayores abiertas con plazo 2026-12-31. Resultado 2. La suspensión de 2019 fue del mercado B (otro evento)."
S18-R05,agro-y-alimentos,agente,p,4,,5,±1,CH-084 (candidata),"Registro propio: pérdidas de capacidad relevantes en 2024-02 (corte de red de 5 h) y 2025-01 (dos compresores fuera en ola de calor): 2 en los últimos 36 meses → ancla 4 (los cortes de menos de 1 h, 6-10 por año, no se tomaron como evento relevante; con ellos el ancla sería 5). Ajuste +1 (§3.4.2): compresores 1 y 4 con vibración en zona de alerta (2026-07, más de 90.000 h), degradación que no estaba en el período. Resultado 5."
S18-R05,agro-y-alimentos,agente,i_econ,3,1-3,2,±1,ninguna,"Escenario plausible: pérdida parcial de frío de horas a pocos días (corte de red de 5-7 h o un compresor fuera en verano), sin grupos ni compresor de reserva: reclasificación de parte del stock y faena reducida o detenida un día ≈ USD 0,5-1 M / RO 2025 USD 25,6 M (último ejercicio cerrado, positivo, sin partidas extraordinarias) ≈ 2-4% → 2. 24 h sin frío ≈ USD 2,75 M (11%, 3); 72 h ≈ USD 10 M (39%, 4) como máximo."
S18-R05,agro-y-alimentos,agente,v_rec,4,3-5,3,±1,CH-081/CH-085 (candidata),"Contrato de asistencia de compresores (técnico en 48 h) y repuestos de rodamientos y sellos para 2 compresores (más rápido que las 10-14 semanas de importación); para la energía, se depende de la red → alternativa parcial formal → 3."
S18-R06,agro-y-alimentos,agente,v_cont,4,,3,±1,ninguna,"Procedimiento de redirección de 2019 (actuación real hace más de 3 años), no escrito para un cierre simultáneo de tres mercados; producto en tránsito aceptado por A y C → presente sin prueba → 3."
S18-R07,agro-y-alimentos,agente,i_econ,2,1-3,1,±1,ninguna,"Plausible: nueva infracción calificada como reincidencia, multa ≥ USD 90 mil (hasta USD 250 mil) / RO 2025 USD 25,6 M (último ejercicio cerrado, positivo, sin partidas extraordinarias) < 1% → 1. Si la autoridad clausura el vuelco (6 días en el caso del sector): USD 251 mil/día ≈ USD 1,5 M ≈ 6% → 2 como máximo."
S18-R07,agro-y-alimentos,agente,v_rec,3,3-4,4,±1,ninguna,Una bomba de recirculación de repuesto; sopladores sin repuesto (6-8 semanas); sin procedimiento para pedir la reinspección ante una clausura → 4.
S19-R01,agro-y-alimentos,agente,p,3,3-4,4,±1,CH-084 (candidata),"Historia propia de 14 años: retiro de 2022-05 por L. monocytogenes en queso cremoso (hace 52 meses) → ancla 3; comparables de la región con retiros en 2023 y 2025 (últimos 5 años) también 3; precursores (hisopados positivos, 2026-04 en el desagüe de la línea 2). Ajuste +1 (§3.4.2) contra el período de la historia propia: producción de queso fresco +18% en 2026 sin cambiar la cámara de oreo (cambio de exposición) y positivos ambientales en aumento (6/1.100 en 2024, 11/1.200 en 2025, 9/850 a septiembre de 2026), más desvíos de zonificación en la auditoría 2026-06. Resultado 4; sin el ajuste, 3."
S19-R01,agro-y-alimentos,agente,i_econ,2,2-3,3,±1,ninguna,"Bruto sin retiro ni producción alternativa: retiro USD 150-250 mil + reposición USD 60-90 mil + línea 2 detenida 2-4 semanas (USD 96 mil/semana ≈ USD 0,19-0,38 M) + multa hasta USD 0,4 M (0,035 M en 2022) + demandas con casos (USD 1,2 M en el comparable de 2025) ≈ USD 2,0-2,3 M / RO 2025 USD 15,3 M (último ejercicio cerrado, positivo, sin partidas extraordinarias) ≈ 13-15% → 3. Sin casos de enfermedad ≈ USD 0,6-0,9 M (4-6%) → 2."
S19-R01,agro-y-alimentos,agente,i_cont,1,1-2,3,más de 1,ninguna,Elaboración (función crítica): se detiene la línea 2 de quesería (10% de las ventas; el resto de la planta sigue) → degradación menor a la mitad de la función durante 2-4 semanas; como interrupción sería 4 (2 semanas a 3 meses) → un nivel menos → 3. Con 2 semanas justas → 2.
S19-R02,agro-y-alimentos,agente,p,4,3-4,5,±1,CH-084 (candidata),"Registro propio de mantenimiento de 12 años: falla del controlador de la válvula de desvío de P1 en 2025-02 (fuera de servicio 1 día; hace 20 meses) → ocurrió en los últimos 36 meses → ancla 4; la perforación de P2 de 2023-07 queda a 39 meses. Tasa del proveedor (0,15 por equipo-año, ≈28% para dos equipos → 3; base no publicada, se usa como comparables). Ajuste +1 (§3.4.2): paquete de placas de P1 con 10 años y pérdida de espesor del 20% medida en 2026-03, prueba de presión de P2 atrasada desde 2026-05 y 4 resultados de cloruros sobre especificación en 2026; placas más viejas que el parque regional (6 años): degradación que no estaba en el período. Resultado 5; sin el ajuste, 4."
S19-R02,agro-y-alimentos,agente,i_econ,3,2-3,2,±1,ninguna,"Bruto sin repuesto en stock ni façon: reposición normal del paquete de placas 3-5 semanas. Pérdida diaria USD 53 mil en primavera (octubre-noviembre) y USD 16 mil en otoño; con una pérdida media anual de unos USD 30 mil/día: USD 0,6-1,05 M + placas USD 0,18 M + retiro de los lotes con pasaje (sin fosfatasa) ≈ USD 0,9-1,4 M / RO 2025 USD 15,3 M (último ejercicio cerrado, positivo, sin partidas extraordinarias) ≈ 6-9% → 2. En primavera con 5 semanas ≈ USD 2,1 M (14%) → 3."
S19-R02,agro-y-alimentos,agente,i_cont,4,3-4,3,±1,ninguna,"Recepción y pasteurización (función crítica): sale P1 o P2, 30.000 de 80.000 L/h (37,5%; en primavera 300.000 L/día de 1,35 M) → degradación menor a la mitad durante 3-5 semanas (reposición normal); como interrupción sería 4 → un nivel menos → 3. Si se toma ""pasteurización de leche fluida"" como función, pierde la mitad → 4."
S19-R02,agro-y-alimentos,agente,i_legal,1,,3,más de 1,ninguna,"Bruto sin desvío ni fosfatasa: el pasaje de leche cruda a producto despachado obliga a retiro con notificación a la autoridad y al público → 3. Sin pasaje (falla del control con la válvula actuando), sólo penalidades contractuales (económicas) → 2 como mínimo por requerimiento de la autoridad."
S19-R02,agro-y-alimentos,agente,v_cont,4,4-5,3,±1,ninguna,"Válvula de desvío con verificación diaria y actuación real 2025-02 (probada) y fosfatasa por lote (detectó el pasaje en 2023; retuvo 2 lotes): evitan que el pasaje llegue al mercado. No limitan la pérdida de capacidad, que es la mayor parte del daño bruto → limitan parte, una parte importante se produce → 3."
S19-R03,agro-y-alimentos,agente,i_econ,3,3-4,2,±1,ninguna,"Escenario plausible: corte de 6 a 19 h como los registrados (mediana ≈ 10 h), sin grupos: producto en proceso USD 0,1 M + leche de silos sobre 10 °C a las 8 h (USD 0,25 M) + horas extra ≈ USD 0,35-0,5 M / RO 2025 USD 15,3 M (último ejercicio cerrado, positivo, sin partidas extraordinarias) ≈ 2,3-3,3% → 2. Corte de 24 h: depósito y silos perdidos, USD 4,3 M (28%) → 3; 48 h: USD 4,6 M (30,1%) → 4 como máximo."
S19-R03,agro-y-alimentos,agente,i_cont,2,,1,±1,ninguna,Elaboración y envasado detenidos durante el corte más 6-8 h de reinicio con CIP: corte plausible de ~10 h → menos de 1 día → 1; un corte de 19-24 h más el reinicio supera el día → 2.
S19-R05,agro-y-alimentos,agente,p,3,3-4,4,±1,CH-084 (candidata),"Registro propio desde 2010: ignición en un cargador de baterías en 2021-11 (hace 59 meses) → ancla 3; comparables de la región (incendios totales en 2019 y 2023) también 3. El cortocircuito de 2024-09 fue humo sin llama: se tomó como precursor, no como ignición. La estadística de aseguradores (1,2 incendios con pérdida mayor a USD 1 M por 1.000 depósitos-año) mide un incendio grande, no la ignición; se escribe y no fija el nivel. Ajuste +1 (§3.4.2): punto caliente pendiente en el tablero de la sala de carga (termografía 2026-05), 8 de 22 cargadores sin desconexión por temperatura y 2 soldaduras sin permiso en 2026: degradación y control preventivo fallando que no estaban en el período. Resultado 4; sin el ajuste, 3."
S19-R05,agro-y-alimentos,agente,i_pers,3,2-4,4,±1,ninguna,"Hasta 55 personas en el depósito en turno A más 10-20 choferes en la playa; los paneles de poliestireno producen humo denso y negro en minutos. Sin detección ni evacuación organizada (bruto), una muerte por humo es plausible → 4 (safety_critical); en el comparable de 2019 no hubo víctimas (3 como mínimo); varias víctimas atrapadas → máximo 5."
S19-R05,agro-y-alimentos,agente,v_cont,4,3-4,3,±1,CH-081/CH-085 (candidata),"Detección por aspiración sólo en empaques y sala de carga (prueba 2026-04, probada); en las cámaras sólo alarma de temperatura; sin rociadores; hidrantes con bomba ensayada en 2026-06 (90 min de agua); brigada con simulacro de 2025-10 (evacuación en 4 min, probada); bomberos a 14 min; pared de paneles sin resistencia al fuego verificada (barrera pasiva sin prueba). La evacuación limita el daño a personas, pero contra un incendio de poliestireno sin rociadores una parte importante del daño a bienes se produce → 3. Máximo 4."
S19-R05,agro-y-alimentos,agente,v_rec,4,,3,±1,CH-081/CH-085 (candidata),"Despacho directo a camiones refrigerados, procedimiento escrito en 2024 y nunca ensayado (alternativa parcial formal presente sin prueba, 40% del volumen); cámaras de terceros sin contrato (relevamiento de 2024, 600 t libres en temporada baja: improvisado); sin proyecto de reconstrucción → 3."
S19-R06,agro-y-alimentos,emiliano,i_econ,1,,unknown,estado,CH-080 (candidata),"USD 500–1.500 sólo cubren primeros días y reemplazo bajo respuesta real; multas 2–60 mil y demanda civil no cuantificada. Faltan prestaciones brutas y consecuencias oculares permanentes. RO USD 15,3 M conocido, pero no monto ni rango total defendible: unknown."
S19-R06,agro-y-alimentos,agente,i_pers,2,2-3,3,±1,ninguna,"Un operario por evento (dos en la descarga de cisterna). Las lesiones registradas (atención médica, baja de 3 y 12 días) ocurrieron con duchas y enfermería actuando. Bruto sin lavado: la salpicadura de soda sobre piel u ojos produce quemadura con incapacidad temporal → 3. Salpicadura ocular con soda al 50% sin lavado en 10 s: pérdida parcial de la visión (daño irreversible) → máximo 4; salpicadura de solución diluida → 2."
S19-R06,agro-y-alimentos,emiliano,i_pers,2,2-3,4,más de 1,ninguna,"Soda 50% en ojo sin lavado<10 segundos puede dejar pérdida parcial permanente de visión según asesor; una persona, ocasionalmente dos:4 por daño irreversible grave."
S19-R06,agro-y-alimentos,emiliano,i_legal,1,1-2,2,±1,ninguna,Denuncia de accidente e inspección por secuelas:2; no se imputa una clausura o responsabilidad penal no descrita.
S19-E01,agro-y-alimentos,agente,v_cont,4,3-4,3,±1,ninguna,"Grupos de la planta (probados: ensayo con carga 2026-03 y actuación real 2026-02) conservan depósito y silos, la mayor parte del daño bruto, y bajan el total a USD 1,15-1,33 M; con más de 40 h se agota el gasoil y el proveedor está en la zona del corte (entregó a las 30 h en 2020). Los 6 generadores alcanzan para 6 de 198 tambos y los entrega el mismo equipo que reprograma rutas (aplicado en una sola cuenca). Una parte importante se produce → 3."
S20-R01,agro-y-alimentos,agente,p,3,2-3,4,±1,CH-084 (candidata),"Historia propia de 28 años sin explosiones (no corresponden 4 ni 5 por historia propia). Comparable regional de 2018 (8 años: fuera de los 5); sector con 6 explosiones en el país en 2015-2025 (ancla 2). Precursores propios: principio de incendio en la noria 2 (2019-05), rodamiento de la noria 1 en alarma a 70 °C (2025-04) y cinta de la noria 2 rozando la caja (2026-03) → ancla 3. Ajuste +1 (§3.4.2) por condiciones que no estaban cuando se observaron los precursores: filtro de mangas fuera de servicio desde 2026-08, polvo acumulado de más de 3 mm en la galería en 4 de 10 inspecciones (2026-06) y 2 motores sin certificación en fosas, con la cosecha de maíz. Resultado 4; sin el ajuste, 3."
S20-R02,agro-y-alimentos,agente,p,3,3-4,4,±1,CH-084 (candidata),"Historia propia (incidentes desde 1998): combustión sin llama en el silo 9 en 2017-08 (9 años) → ancla 3; comparable regional de 2024 (combustión y explosión en un silo de girasol) también 3; el calentamiento de 2022 a 48 °C y las 3 lecturas sobre 40 °C de 2026 son precursores. Ajuste +1 (§3.4.2): cables de termometría de los silos 10 y 12 cortados desde 2025-11 (control preventivo fuera de servicio) y 22% del maíz de 2026 con más del 17% de humedad (9% en 2025) esperando secado hasta 10 días en el silo 11. Resultado 4; sin el ajuste, 3."
S20-R02,agro-y-alimentos,agente,i_econ,3,3-4,4,±1,ninguna,"Bruto sin vaciado ni venta con castigo: silo 11 con 5.000 t de maíz húmedo (USD 0,88 M) o silo de soja (USD 1,16 M) perdido en su mayor parte + daño del silo USD 0,1-0,6 M; la empresa repone el grano de depositantes ≈ USD 1,0-1,5 M / RO 2025 USD 3,0 M (último ejercicio cerrado, positivo, sin partidas extraordinarias) ≈ 33-50% → 4. Con el 25% del grano perdido (piso de 2017) ≈ USD 0,3-0,4 M (10-14%) → 3."
S20-R02,agro-y-alimentos,agente,i_pers,3,2-4,1,más de 1,ninguna,"Las personas se exponen al abrir o vaciar el silo (operarios y bomberos). En 2017 se vació sin heridos → 1. En el comparable de 2024, 2 bomberos heridos por la explosión al abrir la boca inferior → 3 como máximo."
S20-R02,agro-y-alimentos,agente,i_cont,1,,3,más de 1,ninguna,Almacenaje (función crítica): un silo de 12 (8-10% de la capacidad) fuera de servicio 1 a 5 meses; recepción y despacho siguen → degradación menor a la mitad; como interrupción sería 4 (hasta 3 meses) o 5 → un nivel menos → 3; con más de 3 meses → 4.
S20-R02,agro-y-alimentos,agente,i_legal,2,1-2,1,±1,ninguna,"Reclamos de depositantes resueltos por reposición (económico) e intervención de bomberos → 1; con heridos, acta de la autoridad laboral → 2."
S20-R03,agro-y-alimentos,agente,i_cont,1,,2,±1,ninguna,Almacenaje: un silo clausurado 3-10 días durante el peritaje; la planta sigue con 11 → degradación menor a la mitad; como interrupción de más de 3 días sería 3 → 2; con 3 días o menos → 1.
S20-R04,agro-y-alimentos,agente,v_rec,3,,2,±1,ninguna,"Venta del grano deteriorado con castigo, usada cada campaña: recupera el 50-70% del valor → alternativa probada que repone la mayor parte de lo perdido → 2; con el 50%, 3."
S20-R06,agro-y-alimentos,agente,p,4,3-4,3,±1,CH-084 (candidata),"Historia propia (auditorías desde 2015): manipulación de taras detectada en 2024-11 (dentro de 36 meses) → ancla 4. Ajuste −1 (§3.4.1): software de balanza inmodificable y cámaras con lectura de patente (2025-03) y conciliación de taras por patente (2025-06), que no existían durante el antecedente y generan alertas verificables (14 en 2026). Resultado 3. Las 2 alertas sin explicación de 2026 se tomaron como precursores; si fueran registros indebidos, el +1 o un nuevo antecedente llevarían a 4."
S20-R06,agro-y-alimentos,emiliano,i_econ,2,1-2,3,±1,ninguna,"Como episodio continuo hasta cierre, USD 125 mil trimestrales×4=USD 500 mil/RO USD 3 M=16,7%, nivel 3. Asignación de fraude frente a merma no determinada; se conserva 2–3. USD 50 mil con cámaras es residual y no reemplaza al bruto."
S20-R06,agro-y-alimentos,agente,v_cont,3,,2,±1,ninguna,"Auditoría de stock trimestral con láser (actuación real 2024-11: detectó a los 3 meses; umbral 0,3% del stock) → probada, limita el fraude a un trimestre; conciliación diaria de taras con alerta en el día, pero las 2 alertas sin explicación no se investigaron (falla parcial) → 2; si la conciliación no actúa, 3."
S21-R01,agro-y-alimentos,agente,p,5,4-5,4,±1,CH-084 (candidata),"Registro propio de 12 campañas: granizo con daño en 2019-12, 2022-01, 2024-11 y 2025-02; dos en los últimos 36 meses, sin llegar a uno por año → ancla 4. Fuentes de frecuencia: 3 campañas con daño en 12 (25%) y 12% de la superficie del valle dañada por temporada (≈32% de que alguna de tres fincas separadas sea alcanzada) → nivel 3; divergen → rango 3-4 (§3.2). Sin ajustes: la empresa no actúa sobre la causa y la temporada de tormentas es la habitual."
S21-R01,agro-y-alimentos,emiliano,p,5,4-5,3,más de 1,ninguna,"Registro propio de 12 campañas:3 con daño en alguna finca/12=25%, se acepta como frecuencia anual comparable, ancla 3. La historia reciente 2024–2025 daría 4 por recencia; se registra rango 3–4 conforme§3.2. El 12% de superficie sectorial no es P de empresa."
S21-R01,agro-y-alimentos,agente,i_econ,unknown,3-5,3,estado,CH-080 (candidata),"Escenario plausible: daño típico del registro (8-45%; se toma 25% de una finca, unas 1.940 t), sin red ni compra de fruta: facturación perdida ≈ USD 2,24 M (USD 1.273/t menos descarte a USD 120/t). Margen de contribución no conocido (estimación de la gerencia 25-35% sin respaldo): F5-1, mínimo con el margen operativo 2025 (RO/facturación = 9,7%), máximo con la facturación perdida entera, valor con la estimación de la gerencia (actividad con mano de obra por tarea, fruta comprada, cartón, flete y comisiones variables). Margen operativo: USD 0,22 M (5,6% del RO) → 2; gerencia 25-35%: USD 0,56-0,78 M (14-20%) → 3; facturación entera USD 2,24 M (57%) → 4. Referencia de la ficha (45% de la finca 2, USD 4,6 M de facturación): con la gerencia 30-41% del RO 2025 USD 3,9 M (último ejercicio cerrado, positivo, sin partidas extraordinarias)."
S21-R01,agro-y-alimentos,emiliano,i_econ,unknown,3-5,4,estado,CH-080 (candidata),"USD 4,6 M de facturación perdida; MC supuesto 30% (gerencia 25–35%) =USD 1,38 M/RO USD 3,9 M=35,4%, nivel 4. Piso margen operativo 9,73%: USD 0,447 M/3,9=11,5%, nivel 3. Techo facturación entera 4,6/3,9=118%, nivel 5, conforme§4.2."
S21-R01,agro-y-alimentos,emiliano,i_cont,1,,2,±1,ninguna,12% menos volumen y dos semanas menos de empaque: duración 3 menos 1 por degradación menor al 50%=2. Interpretar pérdida de campaña anual como duración distinta queda señalado.
S21-R01,agro-y-alimentos,emiliano,v_rec,4,3-4,3,±1,CH-081/CH-085 (candidata),Compra adicional de 2019 repuso 2.000 de 3.900 t pero prueba supera 3 años. Proveedores regulares actuales son alternativa formal parcial sin prueba reciente:3.
S21-R02,agro-y-alimentos,agente,i_econ,unknown,2-4,3,estado,CH-080 (candidata),"Escenarios de la ficha, sin molinos ni quemadores: 40% de la finca 3 (2.700 t, USD 3,4 M de facturación) o tres fincas al 12% (2.800 t, USD 3,6 M). Margen de contribución no conocido (estimación de la gerencia 25-35% sin respaldo): F5-1, mínimo con el margen operativo 2025 (RO/facturación = 9,7%), máximo con la facturación perdida entera, valor con la estimación de la gerencia (actividad con mano de obra por tarea, fruta comprada, cartón, flete y comisiones variables). Margen operativo: USD 0,35 M (9%) → 2; gerencia 25-35%: USD 0,85-1,26 M (22-32%), 30% ≈ USD 1,05 M (27%) → 3; facturación entera USD 3,4-3,6 M (87-92%) → 4."
S21-R03,agro-y-alimentos,agente,p,3,3-4,4,±1,CH-084 (candidata),"Evento iniciador según §2.1.3 y F5-2: la falla del equipo (el compresor de reserva es contención). Registro propio de 14 años: falla de un compresor en 2024-04 (dentro de 36 meses, contenida por la reserva) → ancla 4; falla del control de atmósfera en 2021-03 (más de 3 años). Alarma de alta presión de 2026-04 como precursor. Sin ajustes: mantenimiento al día y las incrustaciones del condensador son de cada temporada. Con el evento tal como está escrito (pérdida de frío en cámaras), sólo 2021 → 3."
S21-R03,agro-y-alimentos,agente,i_cont,1,,3,más de 1,ninguna,"Conservación en frío: sin reserva, en el pico falta un tercio de la capacidad de frío hasta reponer el compresor (10-14 semanas); el frigorífico sigue con las cámaras no afectadas → degradación menor a la mitad; como interrupción sería 4 → 3. Fuera del pico, 2 compresores alcanzan → menor."
S21-R03,agro-y-alimentos,agente,v_rec,3,,2,±1,ninguna,"Contrato con el representante (técnico en 24 h; actuación real 2024-04 a las 20 h) que restablece en días frente a 10-14 semanas; venta anticipada (2021, hace más de 3 años); cámaras de terceros sin contrato → 2."
S21-R04,agro-y-alimentos,agente,i_econ,1,,4,más de 1,ninguna,"Bruto sin trazabilidad, sin retención ni redirección: la fruta del mismo origen sigue yendo al mercado P y una tercera intercepción en la temporada es plausible (en 2025 hubo dos en un mes) → suspensión. Suspensión en marzo: quedan unos USD 11,6 M de envíos al mercado P sin colocar en él. Margen de contribución no conocido (estimación de la gerencia 25-35% sin respaldo): F5-1, mínimo con el margen operativo 2025 (RO/facturación = 9,7%), máximo con la facturación perdida entera, valor con la estimación de la gerencia (actividad con mano de obra por tarea, fruta comprada, cartón, flete y comisiones variables). Margen operativo: USD 1,1 M (29%) → 3; gerencia 30% ≈ USD 3,5 M (89%) → 4 (es también la pérdida de precio de la ficha con redirección); facturación entera → 5. Un solo contenedor rechazado: USD 35-39 mil (1%)."
S21-R04,agro-y-alimentos,agente,i_cont,1,,5,más de 1,ninguna,"Embarque y exportación (función crítica): el mercado P es el 64% de lo exportado (USD 23,3 de 36,1 M); con la suspensión se detiene más de la mitad de la función por el resto de la temporada (hasta 6 meses) → interrupción de más de 3 meses → 5. Suspensión más tarde en la temporada (2-3 meses restantes) → 4."
S21-R04,agro-y-alimentos,agente,i_legal,1,,4,más de 1,ninguna,Suspensión del empaque en el programa de exportación del mercado P hasta la temporada siguiente y auditoría de la autoridad nacional para reinscribirse → suspensión temporal de una habilitación → 4.
S21-R04,agro-y-alimentos,agente,v_cont,3,,2,±1,ninguna,"Trazabilidad por lote y productor que identifica el origen en 24 h y deriva esa fruta al mercado Q (actuación real 2025-03: las dos intercepciones no llegaron a la tercera) → probada, limita el daño al origen afectado → 2. La retención de contenedores en tránsito falló en 2025 (6 no se pudieron retener) → 3 como máximo."
S21-R05,agro-y-alimentos,agente,p,unknown,,3,estado,CH-084 (candidata),"Sin registro propio (la empresa no registra incidentes del transporte; no hay datos del contratista anterior ni del actual), sin estadística sectorial. Comparables: la prensa regional informa accidentes de vehículos de trabajadores rurales en el valle en temporadas recientes (últimos 5 años, sin recuento) → ancla 3. La cubierta lisa de 2026-09 es una condición (estado del vehículo), no fija nivel. Sin ajuste: la ficha dice que no se sabe cómo se comparan el contratista, su flota y sus choferes con los del valle. Rango 2-4 por la falta de recuento."
S21-R05,agro-y-alimentos,agente,i_econ,3,2-4,2,±1,ninguna,"Vuelco de un ómnibus con hasta 45 trabajadores, con una muerte y varios heridos: indemnizaciones fuera del régimen USD 80-400 mil por fallecido más heridos, multas de USD 2-50 mil y cosecha de una finca reducida 2-5 días ≈ USD 0,2-0,4 M / RO 2025 USD 3,9 M (último ejercicio cerrado, positivo, sin partidas extraordinarias) ≈ 5-10% → 2. Varias muertes → hasta 4."
S21-R05,agro-y-alimentos,agente,i_pers,5,4-5,4,±1,ninguna,"Hasta 45 trabajadores por ómnibus, de madrugada, 8-15 km de tierra y un cruce de ruta nacional sin semáforo; la prensa regional informa en estos vuelcos varios heridos con internación y, en algunos casos, muertos. Una muerte plausible → 4 (safety_critical); varias → 5."
S21-R06,agro-y-alimentos,agente,p,4,4-5,5,±1,CH-084 (candidata),"Registro propio desde 2014: paros en 2021-02 y 2024-03 (dentro de 36 meses) → ancla 4; la cámara registra 6 paros de más de 3 días en 2016-2025 en ese puerto (≈0,6 por año), coherente con 4. Ajuste +1 (§3.4.2): estado de alerta gremial declarado en 2026-08 con la negociación salarial abierta antes de la temporada, una condición presente que el promedio del período no refleja. Resultado 5; sin el ajuste, 4."
S21-R06,agro-y-alimentos,agente,v_cont,3,,2,±1,CH-081/CH-085 (candidata),"Desvío al otro puerto por camión (actuación real 2024-03: 80 contenedores; limitado a 12 por día por falta de camiones refrigerados) y guarda en el frigorífico (8 días de margen en marzo): el embarque sigue por otra vía (contención según F5-2) → probadas, limitan el daño a una parte → 2; sin acuerdo con transportistas para más de 12 contenedores por día → 3."
S21-R07,agro-y-alimentos,agente,i_pers,3,3-4,4,±1,ninguna,"En temporada, hasta 148 personas en el empaque; los paneles de poliuretano producen humo tóxico en minutos y en las líneas no hay detección automática. Sin evacuación organizada (bruto), una muerte por humo es plausible → 4 (safety_critical); en el comparable de 2023 hubo 6 atendidos sin internación (3); varias víctimas → 5."
S21-R07,agro-y-alimentos,agente,v_cont,4,,3,±1,CH-081/CH-085 (candidata),"Detección sólo en sala de carga y depósito de cartón (prueba 2026-02); sin rociadores; hidrantes con bomba eléctrica sin respaldo (se detiene si el fuego corta la energía); brigada con simulacro de evacuación 2026-01 (5 min, probada); bomberos a 25 min; muro cortafuego al frigorífico sin verificación en los últimos 12 meses y portón sin prueba de cierre (barrera pasiva sin prueba). La evacuación limita el daño a personas, el edificio se pierde en buena parte → 3; máximo 4."
S21-R07,agro-y-alimentos,agente,v_rec,4,3-4,3,±1,CH-081/CH-085 (candidata),Guarda de fruta sin embalar en el frigorífico propio (hasta 12.000 t por 2-3 meses: alternativa parcial formal presente sin prueba); façon en empaques del valle sin acuerdo y con poca capacidad en temporada (improvisada); sin proyecto de reconstrucción → 3.
S21-R08,agro-y-alimentos,agente,p,1,1-5,5,más de 1,ninguna,"Evento iniciador según §2.1.3: el incumplimiento del umbral en el monitoreo de 2026-27 (dentro de los 12 meses); la entrada en vigor de 2028-04 es una fecha fija posterior. Registro de monitoreo: en 2025-26 hubo capturas sobre el umbral anunciado en 1 de 3 cuarteles de la finca 3 y en 3 de 35 productores terceros → ocurrió en el período con registro (una temporada) → ancla 5. Además, 14 de 35 terceros declaran que no cumplirán. Sin −1: el plan de adecuación (confusión sexual al 100% de la finca 3) está al 70% y no verificado. Con el ancla 4 (sin leer el período con registro) → 4."
S21-R08,agro-y-alimentos,agente,i_econ,4,3-5,5,±1,ninguna,"Bruto sin separación de la fruta por origen ni redirección: la fruta conforme y la no conforme no se distinguen y el empaque pierde el mercado P (USD 23,3 M de ventas por año) al menos una temporada. Margen de contribución no conocido (estimación de la gerencia 25-35% sin respaldo): F5-1, mínimo con el margen operativo 2025 (RO/facturación = 9,7%), máximo con la facturación perdida entera, valor con la estimación de la gerencia (actividad con mano de obra por tarea, fruta comprada, cartón, flete y comisiones variables). Margen operativo: USD 2,26 M (58%) → 4; gerencia 25-35%: USD 5,8-8,2 M (150-210%) → 5; facturación entera → 5. Con separación, sólo la fruta de 14 terceros (3.200 t) → menor."
S21-R08,agro-y-alimentos,agente,i_cont,4,3-5,5,±1,ninguna,"Embarque y exportación: el mercado P es el 64% de lo exportado; sin separación se detiene más de la mitad de la función desde 2028-04 por al menos una temporada (dos temporadas de monitoreo para volver) → más de 3 meses → 5; con separación, degradación del 10% → 4."
S21-R08,agro-y-alimentos,agente,i_legal,4,3-4,3,±1,ninguna,El empaque no aprobado queda fuera de la lista del mercado P y debe adecuarse bajo auditoría de sus inspectores → 3; si se lee como suspensión de la habilitación para P → 4.
S21-R08,agro-y-alimentos,agente,v_cont,3,,2,±1,ninguna,"Separación de la fruta por origen con la trazabilidad por productor (actuación real 2025-03, a pequeña escala) para embalar aparte la fruta de fincas registradas → probada, limita la exclusión a la fruta no conforme → 2; no usada para el 10% de la fruta durante una temporada → 3."
S21-R08,agro-y-alimentos,agente,v_rec,5,4-5,3,más de 1,CH-081/CH-085 (candidata),"Redirección al mercado Q (procedimiento desde 2024-25, nunca usado para más de unos pocos contenedores; absorción supuesta por comercial) → formal presente sin prueba → 3; el reingreso al mercado P exige dos temporadas de monitoreo."
S03-R01,comercio-y-logistica,agente,i_econ,1,1-3,2,±1,ninguna,"Escenario plausible bruto: siniestro con daño al tractor (reparación USD 18 mil a baja USD 120 mil) y a parte de la carga (promedio USD 45 mil por viaje), sin trasbordo: USD 30–60 mil / RO 2025 USD 1,22 M (último ejercicio cerrado, positivo, sin partidas extraordinarias; EV-S03-001) = 2,5–5% → 2. El promedio neto de USD 14 mil (1,1%) es con contención y recuperación, no bruto. Peor creíble dentro del rango: vuelco con tractor y semirremolque destruidos (USD 165 mil) y carga máxima (USD 180 mil) = 28% → 3. Un siniestro con muerte de tercero y reclamo civil (USD 150–380 mil adicionales) llegaría a 4 (≥ 30%), fuera del rango de tres niveles (ver anomalía 0001)."
S03-R01,comercio-y-logistica,agente,i_pers,2,2-3,4,más de 1,ninguna,"Test de exposición: en ruta hay chofer (uno o dos en larga distancia) y terceros en otros vehículos o a pie; no hay barrera que los saque de ahí. Una muerte es plausible sin coincidencias adicionales (§4.3): ocurrió en 2023-03 (motociclista) y hubo 4 internaciones en 71 siniestros. Más de una muerte (dos choferes en un vuelco cordillerano, ocupantes de un auto) queda como techo. Ver anomalía 0002 sobre la lectura de ""plausible""."
S03-R01,comercio-y-logistica,agente,i_cont,1,,3,más de 1,ninguna,"Una unidad es el 1,25% de la capacidad de transporte (función crítica); ninguna otra función se detiene. Reposición bruta plausible por usado equivalente, 2 a 4 semanas (nivel 4 como interrupción); degradación menor a la mitad → un nivel menos (§4.4, lectura literal) → 3. Rango 2 (reparación en 2 semanas) a 4 (unidad nueva, 4 a 6 meses). Ver anomalía 0014."
S03-R01,comercio-y-logistica,agente,i_legal,2,1-2,3,±1,ninguna,"Con víctimas: responsabilidad civil de S03 como titular (demandas de responsabilidad relevantes, como la de USD 380 mil de 2023) → 3; además inspección de jornada (acta, 2). La causa penal es contra el chofer, no contra directivos, por eso no 4."
S03-R01,comercio-y-logistica,agente,v_rec,2,,1,±1,CH-081/CH-085 (candidata),"4 tractores de reserva reemplazan la unidad siniestrada en el día, usados 6 veces en 2025 (actuación real): restablecen la capacidad de transporte en horas → 1. El acuerdo verbal con transportistas es informal y no cambia el nivel."
S03-R02,comercio-y-logistica,agente,p,4,4-5,5,±1,CH-084 (candidata),"Antecedentes propios en los últimos 36 meses: robo consumado 2024-05 e intento contenido por el bloqueo de motor 2025-09 (cuenta como antecedente, §3.1): 2 en 3 años, menos de uno por año → ancla 4. Sector (131 robos sobre ~9.000 unidades ≈ 1,5% por unidad y año; con 80 unidades ≈ 69% anual) también da 4. Ajuste +1: cambio de exposición no reflejado en el período: el contrato de 2026 suma 30 viajes por mes de electrodomésticos por el corredor con más robos y el valor de esas cargas subió 22%. No hay −1: la custodia (2024-07) ya regía en el período y S03 la exige desde un umbral más alto que el 70% del sector. Nivel 5; rango 4–5 por la duda sobre el intento como antecedente (anomalía 0003)."
S03-R02,comercio-y-logistica,agente,i_pers,2,1-3,3,±1,ninguna,"El chofer está siempre en la cabina (exposición, no barrera). Sector 2025: 9 choferes lesionados en 131 robos, 2 heridos de arma de fuego: una lesión grave con internación es plausible sin coincidencias (§4.3) → 3. Muerte del chofer queda como techo (4). En 2024-05 el chofer estuvo retenido 3 h sin lesiones."
S03-R02,comercio-y-logistica,agente,i_cont,1,,2,±1,ninguna,"Una unidad fuera de servicio (1,25% de la capacidad de transporte) de 2 días (si aparece, como en 2024-05) a 2–4 semanas (reposición por usado); ninguna otra función se detiene. Degradación menor a la mitad: un nivel por debajo de la duración (§4.4, lectura literal) → 2, rango 1–3. Ver anomalía 0014."
S03-R02,comercio-y-logistica,agente,i_legal,1,,2,±1,ninguna,S03 es víctima en la denuncia penal; queda expuesta a un reclamo civil individual del cliente por el valor de la carga → 2.
S03-R02,comercio-y-logistica,agente,v_rec,4,4-5,1,más de 1,ninguna,"Tractores de reserva (4) reemplazan la unidad al día siguiente (usados en 2025): restablecen la capacidad en horas → 1. El recupero de la mercadería depende de la policía (60% en 2021, nada en 2024): no repone de forma confiable; ver anomalía 0004 sobre qué mide recuperación."
S03-R04,comercio-y-logistica,agente,i_econ,unknown,,2,estado,CH-080 (candidata),"Escenario plausible bruto: falla de un componente (disco, memoria, índice) con reposición normal de 1 a 2 días sin despacho: margen de contribución del depósito USD 8 mil por día hábil × 2 + penalidad del cliente principal USD 1,5 mil por día + USD 9 mil de horas extra y recuento ≈ USD 28 mil / RO 2025 USD 1,22 M (último ejercicio cerrado, positivo, sin partidas extraordinarias; EV-S03-001) = 2,3% → 2. Rango 1–3 (una caída de horas; una semana sin servidor). Pérdida completa del servidor sin poder reinstalar: hasta 7 meses de implementación, ≥ 100% → 5, fuera del rango de tres niveles (anomalía 0001)."
S03-R04,comercio-y-logistica,agente,i_cont,unknown,,2,estado,CH-080 (candidata),"Interrupción bruta del despacho del depósito (función crítica) hasta la reposición normal de lo que falla: disco o memoria en 1 a 2 días, reconstrucción de la base 31 h → 2. Techo 4 si se pierde el servidor: compra en 5 a 10 días sin evidencia y reinstalación incierta (no hay medio ni licencia). La implementación de un sistema nuevo (7 meses, nivel 5) queda fuera del rango."
S03-R05,comercio-y-logistica,agente,p,3,3-4,4,±1,CH-084 (candidata),"Antecedente propio: principio de incendio en un cargador en 2021-11 (ignición contenida, cuenta, §3.1), hace más de 3 años → ancla 3; comparables de la región: 3 incendios entre 2019 y 2025 → también 3. El cortocircuito de 2024-06 con humo y sin llama se toma como precursor (anomalía 0008). Ajuste +1: dos puntos calientes en el tablero general sin corregir desde 2025-08 y ocupación > 90% con pallets en pasillos, condiciones no presentes en el período del antecedente. Sin −1. → 4."
S03-R05,comercio-y-logistica,agente,i_pers,3,3-4,4,±1,ninguna,"En la nave hay 21 personas en T1, 17 en T2 y 4 en T3, más 3 a 8 choferes en muelles; racks de 9 m con cartón, film y neumáticos. Sin detección automática, una muerte por humo o atrapamiento es plausible sin coincidencias (§4.3) → 4. Varias muertes, techo 5."
S03-R05,comercio-y-logistica,agente,i_legal,3,3-4,4,±1,ninguna,"Investigación judicial y de bomberos, revisión del certificado y de la habilitación; con lesionados o víctimas, actuación de la autoridad laboral y responsabilidad penal posible de directivos (sin detección ni rociadores en una nave de 12.000 m²) → 4."
S03-R05,comercio-y-logistica,agente,v_rec,5,,4,±1,CH-081/CH-085 (candidata),"No hay depósito alternativo contratado ni plan de continuidad escrito; el relevamiento de 2025-03 encontró dos naves de 6.000 m² en alquiler, ninguna confirmada: capacidad no formal que cubre poco → 4."
S03-R06,comercio-y-logistica,agente,i_pers,2,2-3,3,±1,ninguna,"Un trabajador por accidente; 2023–2026: 53 accidentes con baja (promedio ~19 días: incapacidad temporal) y 2 internaciones (caída desde la caja, atropello por autoelevador) → 3. Techo 4: un atropello de autoelevador o una caída puede dejar daño irreversible."
S03-R06,comercio-y-logistica,agente,v_rec,no_aplica,,2,estado,ninguna (no_aplica no cambió),"Reemplazo del puesto con temporarios en 24 a 48 h, actuación real 2025-03: restablece la función en días → 2. No hay programa de reubicación."
S03-R07,comercio-y-logistica,agente,v_rec,no_aplica,,5,estado,ninguna (no_aplica no cambió),Lo dañado no se repone: el pago o la nota de crédito es la pérdida misma → 5. No hay interrupción que acortar.
S13-R01,comercio-y-logistica,agente,p,3,3-4,4,±1,CH-084 (candidata),"Antecedente propio: autocalentamiento de xantatos en 2022-02 (reacción exotérmica con humo, contenida: cuenta, §3.1), hace más de 3 años → ancla 3; comparables: 2 incendios en depósitos de distribuidores químicos 2020–2025, uno en Cuyo en 2024 → también 3. Ajuste +1: condiciones no presentes en el período del antecedente: ocupación al 108% del diseño con pallets en pasillos (2026-02), dos goteras sin reparar sobre los xantatos y peróxido a menos de 1 m de xantatos en 2026-06. Sin −1: el plano de segregación de 2025 se inspeccionó en 7 de 12 meses y se encontró incumplido, no está verificado. → 4."
S13-R01,comercio-y-logistica,agente,i_pers,3,3-4,4,±1,ninguna,"Exposición: 12 personas en T1 más 6 del laboratorio, 8 en T2; naves linderas con 60 y 35 trabajadores a 20 y 45 m; barrio de 1.200 habitantes a 400 m. Humo con dióxido de azufre, disulfuro de carbono y óxidos de nitrógeno: una muerte (personal o lindero) es plausible sin coincidencias (§4.3) → 4. Varias muertes en linderos o barrio dependen de viento y concentración (sin estimación) → techo 5."
S13-R01,comercio-y-logistica,agente,v_cont,4,3-4,3,±1,CH-081/CH-085 (candidata),"Detección de humo en toda la nave con monitoreo 24 h, probada en 2026-03 (38 de 42; los 4 reemplazados sin nueva prueba); bomberos del parque a 11 min (simulacro 2024-10); hidrantes con presión verificada 2025-11; evacuación probada 2026-03. Sin rociadores, sin muros entre sectores (barrera de distancia que deja pasar el fuego), brigada sólo en T1 y T2, unidad de materiales peligrosos a 40 km sin prueba, sin pileta de retención ni aviso a vecinos. Limitan parte del daño y dejan que una parte importante se produzca → 3."
S13-R01,comercio-y-logistica,agente,v_rec,4,,3,±1,CH-081/CH-085 (candidata),"Carta de intención escrita (2025-09) con un operador habilitado a 180 km por 1.200 m² (menos de un tercio de la nave), sin precio ni plazo, nunca usada: alternativa parcial formal presente sin prueba → 3 (§5.4, F5-4B). Envío aéreo de levaduras usado una vez; sin plan de continuidad."
S13-R02,comercio-y-logistica,agente,v_rec,5,4-5,3,más de 1,ninguna,"Reemplazo del insumo con otro lote o proveedor en 5 días (actuación real 2025-01) y reclamo al proveedor, que sólo repuso el producto (USD 18 mil). El vino dañado no se recupera: alternativa probada que cubre sólo una parte → 3."
S13-R03,comercio-y-logistica,agente,i_cont,1,,2,±1,ninguna,"El abastecimiento queda degradado sólo para los productos del embarque (menos de la mitad de la función) durante 11 a 23 días: como interrupción sería 3 (o 4 por encima de 2 semanas); degradación → un nivel menos → 2, techo 3."
S13-R04,comercio-y-logistica,agente,p,3,3-4,4,±1,CH-084 (candidata),Historia propia sin ocurrencias desde 2009: sólo descarta 4 y 5 por historia propia. Comparables: 3 distribuidores del país perdieron un fabricante extranjero por quiebra o cierre entre 2019 y 2025 → ancla 3 (también ancla 3 por precursores: atraso de entregas de 10 a 16 semanas y pedido de pago anticipado). Ajuste +1: condición causal no reflejada en los comparables: reestructuración de deudas en curso y baja de calificación (2026-07). → 4.
S13-R05,comercio-y-logistica,agente,p,4,3-4,5,±1,CH-084 (candidata),"Antecedente propio en los últimos 36 meses: contenedor de soda cáustica perforado en 2024-08 (pérdida de contención, contenida en la caja: cuenta) → ancla 4 (registro desde 2012). Comparables: 4 derrames en caminos mineros de la región 2020–2025 → 3. Ajuste +1: tramo de 8 km con desmoronamientos y paso a una mano desde 2026-08 y cinchas flojas en el transportista (acta 2026-05), no presentes en el período. → 5; rango 4–5."
S13-R05,comercio-y-logistica,emiliano,p,4,3-4,5,±1,ninguna,Pérdida de contención en 2024 aunque quedó dentro de caja: ancla 4. +1 por nuevo tramo de 8 km con desmoronamientos de agosto 2026 frente al período del antecedente.
S13-R05,comercio-y-logistica,emiliano,i_econ,2,2-4,unknown,estado,CH-080 (candidata),"Producto 15–45 mil, remediación 20–400 mil, multas 11–530 mil: USD 46–975 mil/RO USD 2,05 M=2,2–47,6%. Reclamos de regantes no estimados pueden elevar a 5; no hay base para monto total preferible ni rango≤3 niveles: unknown 2–5."
S13-R05,comercio-y-logistica,emiliano,i_pers,3,2-3,4,±1,ninguna,"Chofer expuesto a químicos corrosivos y terceros que intervienen: quemaduras irreversibles en una persona plausibles sin protección posterior;4, con 3 alternativo. No se presupone catástrofe de víctimas múltiples."
S13-R05,comercio-y-logistica,emiliano,i_legal,3,,4,±1,ninguna,"Suspensión de habilitación para peligrosos contemplada:4, con 3 si sólo sumario y remediación."
S13-R06,comercio-y-logistica,agente,p,3,3-4,4,±1,CH-084 (candidata),"Antecedente propio: robo con ingreso nocturno en 2023-10, dentro de los últimos 36 meses (borde incluido, F5-4A) → ancla 4. El informe del parque industrial (9 robos sobre 70 empresas en 2022–2025, ≈ 3% por año) mezcla actividades distintas: no lo tomo como dato de jerarquía 1 comparable (anomalía 0010); daría 1. Sin ajustes: la alarma ampliada en 2023-11 actúa después del ingreso (va a V); el intento de 2026-04 es precursor, no condición nueva. Rango 3–4."
S13-R06,comercio-y-logistica,agente,i_econ,2,2-3,3,±1,ninguna,"Escenario plausible bruto: carga de una camioneta desde la cámara de frío (hasta 2 t de levaduras y enzimas a USD 150–400 por kg): USD 300–500 mil + flete aéreo de reposición USD 8–12 mil por t = 15–25% del RO 2025 USD 2,05 M (último ejercicio cerrado, positivo, sin partidas extraordinarias; EV-S13-001) → 3. El robo de 2023 (USD 46 mil, 2,2%) se llevó 18 cajas sin alarma: rango 2–4 (en febrero, USD 500 mil más margen perdido de temporada)."
S13-R06,comercio-y-logistica,agente,i_cont,1,,3,más de 1,ninguna,"El depósito opera al día siguiente; los productos robados quedan sin stock hasta la reposición normal por vía marítima, 10 a 16 semanas (la vía aérea es recuperación). Degradación menor a la mitad: 4 → 3."
S13-R06,comercio-y-logistica,agente,i_legal,2,1-2,1,±1,ninguna,Denuncia penal como víctima → 1. Techo 3 si se llevan sustancias controladas (notificación y sumario por la custodia).
S27-R01,comercio-y-logistica,agente,i_pers,2,2-3,3,±1,ninguna,"Exposición: 4 a 6 empleados y 3 a 15 clientes presentes. Una lesión grave con internación es plausible sin coincidencias (§4.3): cajero golpeado con la culata en 2024-07, internado 3 días y 45 días de licencia; licencias psiquiátricas de 30 días en 2025 → 3. Una muerte por disparo queda como techo (4)."
S27-R01,comercio-y-logistica,agente,v_rec,1,,2,±1,ninguna,Reapertura al día siguiente con personal de reemplazo de otras sucursales (actuación real repetida); recupero de efectivo o mercadería: ninguno → 2.
S27-R02,comercio-y-logistica,agente,i_cont,1,,3,más de 1,ninguna,"Una sucursal de 60 (menos de la mitad de la dispensa) sin abrir mientras el director técnico está inhabilitado (30 días) o clausurada hasta 30 días: como interrupción sería 4; degradación → 3 (§4.4, lectura literal, anomalía 0014). Los 4 días de 2025-06 son con el reemplazo, que es recuperación."
S27-R05,comercio-y-logistica,agente,i_legal,2,2-3,3,±1,ninguna,"Sumario sanitario al director técnico y a S27, demanda civil de responsabilidad (USD 60 mil en trámite) y posible denuncia penal contra el farmacéutico (no contra directivos) → 3."
S27-R05,comercio-y-logistica,agente,v_cont,4,3-4,3,±1,ninguna,"Control de cierre diario contra recetas en papel: detectó 6 de 23 errores de 2025 antes del consumo; procedimiento de aviso al paciente, que en 2025-08 llegó 3 días tarde. Limita parte → 3."
S27-R06,comercio-y-logistica,agente,i_pers,3,2-4,4,±1,ninguna,"Exposición diurna: 25 personas en T1, 16 en T2, 4 administrativos y 25 de oficinas centrales en el mismo edificio; aerosoles y alcoholes. Una muerte plausible sin coincidencias (§4.3) → 4; varias, techo 5."
S28-R01,comercio-y-logistica,agente,p,4,3-4,3,±1,CH-084 (candidata),"Antecedente propio: principio de incendio en un cargador en 2023-08, a 37 meses del 2026-09-30, es decir hace más de 3 años → ancla 3 (el arco de 2019-02 también es anterior); comparables: 3 incendios en centros de distribución de cadenas del país 2016–2025 (uno en 2021) → 3. Ajustes: −1 por extracción forzada y sensor de hidrógeno en la sala de baterías desde 2023-10, posteriores al antecedente y sobre su causa; +1 por un punto caliente pendiente en un tablero de cámara de frío (termografía 2026-03). Se compensan → 3; rango 3–4."
S28-R01,comercio-y-logistica,agente,i_pers,3,3-4,4,±1,ninguna,"Exposición: 70 personas en T1, 60 en T2, 40 en T3, más administrativos y 6 a 15 choferes en muelles; paneles de poliuretano con humo tóxico. Una muerte plausible sin coincidencias (§4.3) → 4; varias, techo 5."
S28-R01,comercio-y-logistica,agente,i_legal,2,2-3,3,±1,ninguna,"Investigación de bomberos y judicial, revisión del certificado, actuación de la autoridad laboral si hay lesionados → 3; techo 4 por responsabilidad penal posible de directivos si hay víctimas."
S28-R02,comercio-y-logistica,agente,i_pers,3,3-4,4,±1,ninguna,"Exposición: 30 a 40 empleados por turno y de 250 a 900 clientes en la hora pico; de noche, 8 de reposición. Una muerte es plausible sin coincidencias (§4.3) → 4; muertes múltiples con el local lleno quedan como techo 5."
S28-R02,comercio-y-logistica,agente,i_legal,2,,3,±1,ninguna,"Investigación de bomberos y judicial, revisión de la habilitación municipal para reabrir; actuaciones penales y civiles si hay lesionados → 3; techo 4."
S28-R03,comercio-y-logistica,agente,i_pers,2,2-3,3,±1,ninguna,"Un cliente por caída; 27% de los clientes con tarjeta tiene más de 65 años. Una lesión grave con internación es plausible sin coincidencias (§4.3): fractura de cadera con 11 días de internación y cirugía en 2024-06; 2,5% de las caídas terminan en fractura → 3. Techo 4 (daño irreversible en un adulto mayor)."
S28-R03,comercio-y-logistica,agente,v_cont,3,,4,±1,ninguna,"Emergencias por área protegida en 16 min promedio y primeros auxilios en 13 de 15 locales: actúan después de la caída, cuya lesión ya se produjo casi completa → 4."
S28-R04,comercio-y-logistica,agente,p,4,4-5,5,±1,CH-084 (candidata),"Antecedente propio en los últimos 36 meses: brote de Salmonella en 2025-03 → ancla 4 (registro desde 2015). Sector: 9 brotes en rotiserías de supermercados de la provincia 2020–2025. Ajuste +1: controles preventivos descubiertos fuera de servicio después del brote: no conformidades mayores en 4 de 15 rotiserías en 2026-05 (registros de enfriamiento incompletos, heladera de producto terminado a 9 °C), 2 sin verificar al 2026-09, y 5 superficies de fiambrería sobre el límite en 2026. → 5; rango 4–5."
S28-R04,comercio-y-logistica,agente,i_econ,1,1-2,2,±1,ninguna,"Escenario plausible bruto: un brote como el de 2025-03 sin aviso a tiempo: multas bromatológicas y de defensa del consumidor hasta USD 230 mil, reclamos civiles (USD 140 mil con 17 enfermos, más con más afectados), clausura del sector USD 700 por día, retiro < USD 10 mil ≈ USD 250–400 mil / RO 2025 USD 12,1 M (último ejercicio cerrado, positivo, sin partidas extraordinarias; EV-S28-001) = 2–3,3% → 2. Techo 3 (brote de Listeria con víctimas y reclamos mayores)."
S28-R04,comercio-y-logistica,agente,i_pers,3,3-4,4,±1,ninguna,"En 2025-03: 17 enfermos sobre 220 porciones y 3 internados (uno de 79 años, 9 días). Los fiambres fraccionados se consumen sin cocción y entre los consumidores hay adultos mayores, embarazadas e inmunodeprimidos: una muerte es plausible sin coincidencias (§4.3) → 4. Muertes múltiples (Listeria), techo 5."
S28-R04,comercio-y-logistica,agente,i_cont,1,,2,±1,ninguna,"La rotisería del local (parte de la elaboración propia, función crítica) clausurada mientras dura la investigación: 12 días en 2025-03 (nivel 3 como interrupción); degradación menor a la mitad → 2."
S28-R04,comercio-y-logistica,agente,i_legal,3,3-4,4,±1,ninguna,"Clausura preventiva del sector (clausura temporal), sumario bromatológico, notificación obligatoria y denuncia penal posible si hay muertes o lesiones → 4."
S28-R05,comercio-y-logistica,agente,v_cont,3,,4,±1,ninguna,"Antenas en salidas (3 de 52 fuera de servicio) y monitoreo en vivo en 7 de 15 locales: 1.140 interceptaciones en 2025 con USD 41 mil recuperados frente a USD 1,75 M de merma (≈ 2%). La mayor parte del daño se produce → 4."
S28-R07,comercio-y-logistica,emiliano,p,4,4-5,3,±1,ninguna,Caídas 2024–2025: ancla 4. −1 por pruebas de actualización nuevas y aplicadas en 2026. Enlace redundante es contención del fallo técnico; no agrega otra reducción a P. Mezcla de causas deja rango 3–4.
S28-R07,comercio-y-logistica,agente,i_econ,1,1-3,2,±1,ninguna,"Escenario plausible bruto: actualización fallida sin vuelta atrás, hasta que el proveedor la resuelve (soporte telefónico sin plazo comprometido): de horas a 1–2 días sin cobro en los 15 locales. Margen de contribución USD 13,6 mil por hora × 14 h por día = USD 190 mil por día + refrigerados abandonados: 1,6–3,2% del RO 2025 USD 12,1 M (último ejercicio cerrado, positivo, sin partidas extraordinarias; EV-S28-001) → 2. Rango 1 (caída de horas: 2024-12 ≈ USD 50 mil de margen) a 3. La pérdida del servidor sin réplica (1 a 3 semanas de compra más 2 a 5 días de instalación, 14–41%) daría 3–4 (anomalía 0001)."
S28-R07,comercio-y-logistica,emiliano,i_econ,1,1-3,unknown,estado,CH-080 (candidata),"Caída de horas cuesta pocos miles a cientos de miles; pérdida de servidor requiere 9–26 d (compra+instalación), con MC 13,6 mil/h×14 h/día×80% de ventas definitivamente perdidas: USD 1,37–3,96 M/RO USD 12,1 M=11,3–32,7%, más reposición y descartes. Rango global 1–4 sin preferencia causal: unknown."
S28-R07,comercio-y-logistica,agente,i_cont,1,1-2,2,±1,ninguna,"La venta en los 15 locales se detiene por completo (interrupción de la función crítica) durante la reposición bruta: horas a 1–2 días para una actualización fallida → 2; rango 1–3. La pérdida del servidor (semanas) sería 4, fuera del rango (anomalía 0001)."
S28-R07,comercio-y-logistica,emiliano,i_cont,1,1-2,unknown,estado,CH-080 (candidata),"Software o enlace: horas (1); servidor:9–26 d (3–4). Sin distribución de causas ni duración bruta más plausible, unknown 1–4."
S28-R07,comercio-y-logistica,agente,v_cont,3,,4,±1,ninguna,"El segundo enlace con conmutación automática (probado en 2025-11, 40 s) evita la caída sólo por corte de enlace; para una actualización fallida o una falla del servidor no hay nada que impida que las cajas se detengan (sin modo sin conexión); comunicación a clientes sin procedimiento. Para el escenario plausible, contención débil → 4."
S28-R07,comercio-y-logistica,agente,v_rec,unknown,,3,estado,CH-081/CH-085 (candidata),"Vuelta a la versión anterior con procedimiento escrito (2025-01), probada sólo en una caja de prueba (25 min): alternativa presente sin prueba a escala → 3. Copia nocturna en la misma sala nunca restaurada y sin servidor de reemplazo: para una pérdida del servidor sería 5."
S28-R07,comercio-y-logistica,emiliano,v_rec,unknown,,3,estado,CH-081/CH-085 (candidata),"Procedimiento de reversión y copia nocturna son formales, sin restauración integral probada ni servidor alternativo:3; techo 5 ante copia inutilizable o reposición normal."
S31-R01,energia-y-agua,agente,v_cont,4,3-4,3,±1,ninguna,"Evacuación probada (simulacro 2026-08: 70 personas en 6 min 40 s), pero falla en parte: 2 contratistas fuera del recuento 11 min. Control del pozo: contrato con empresa especializada nunca activado, sólo ejercicio de escritorio, llegada 36–48 h (presente sin prueba). Brigada y espuma no extinguen un pozo surgente; contención de derrame superada en horas (2 camiones de 30 m³). Medidas que limitan parte del daño (personas) y dejan que una parte importante se produzca (pozo, equipos, derrame hasta 36–48 h) → 3. Máximo 4 si se lee como plan nunca ensayado con daño casi completo para los bienes."
S31-R01,energia-y-agua,agente,v_rec,4,4-5,5,±1,CH-081/CH-085 (candidata),"Pozo de alivio con uno de los dos equipos contratados (movilización 2–4 semanas, nunca hecho): actúa sobre el control del pozo, no acorta la suspensión de permisos. Sin capacidad ociosa para compensar la producción del pad; sin plan escrito para retomar el programa de perforación tras una suspensión. Nada acorta la interrupción de Desarrollo → 5; 4 si se cuenta el pozo de alivio como capacidad no probada."
S31-R03,energia-y-agua,agente,i_cont,2,1-3,3,±1,ninguna,Función crítica Desarrollo: fractura de la locación suspendida 2–10 días (propios y regionales) → más de 3 días y hasta 2 semanas → 3 (con 2 días sería 2; se toma el centro). Máximo 4: en el caso regional 2024 la autoridad suspendió todas las fracturas de la operadora 21 días. La producción existente no se interrumpe.
S31-R03,energia-y-agua,agente,v_cont,3,,2,±1,CH-081/CH-085 (candidata),Retención de líneas en el 100% de las uniones desde 2025-08: barrera pasiva cuya instalación se verificó en la auditoría 2026-05 (120 uniones) → probada por §5.3 [F5-4B]; limita el movimiento de las piezas. Parada de emergencia de bombas probada 2026-09-12 (14 bombas en 7 s). Paramédico y ambulancia en la locación (traslado 2 h 40 min). Medidas probadas que limitan el daño a una parte acotada (pocas personas) → 2. Máximo 3: la retención no tuvo actuación real y una unión sin retención puede proyectar la pieza.
S31-R03,energia-y-agua,agente,v_rec,2,,3,±1,CH-081/CH-085 (candidata),El contratista tiene dos juegos completos de línea en stock: alternativa formal (contratada) sin ensayo documentado de reanudación; la reanudación queda sujeta al alta de la investigación. Las lesiones no se reponen. Alternativa parcial formal presente sin prueba → 3.
S31-R04,energia-y-agua,agente,p,3,3-4,4,±1,CH-084 (candidata),"Antecedente propio: 2022-08-17, ignición en el techo del tanque 2 de B5 por descarga atmosférica: más de 36 meses antes del 2026-09-30 → ancla 3 (historia propia de 9,5 años). Comparables: 2 incendios con pérdida total en operadoras de escala parecida (2021 y 2024) → también 3. El principio de fuego de 2019 fue en un calentador, no en tanques. Ajuste +1 (§3.4.2): control preventivo fuera de servicio que no existía en el período del antecedente: recuperación de vapores de B3 parada desde 2026-07-30 (repuesto a 2026-11), con mediciones > 10% del LIE en 3 de 12 puntos (2026-04); además 3 de 61 permisos de trabajo en caliente sin medición de gases. 3 + 1 = 4."
S31-R04,energia-y-agua,agente,i_legal,3,3-4,4,±1,ninguna,B3 clausurada hasta que la autoridad apruebe la reconstrucción = clausura temporal → 4; además notificación e inspección. Mínimo 3 si se lee la clausura como consecuencia física de la destrucción y no como sanción.
S31-R05,energia-y-agua,agente,i_econ,2,2-3,3,±1,ninguna,"Investigación USD 0,8–1,5 M + reparación o abandono del pozo USD 2–4 M + remediación del acuífero USD 6–30 M (casos regionales: 12 y 22 M) + agua para los puestos USD 0,1 M/año + multas USD 0,5–3 M. Con el caso comparable de 2023 (22 M) y sin contención (pluma sin cortar): ≈ USD 31 M / RO USD 252 M = 12% → 3. Con el caso de 2021 (12 M): ≈ USD 18 M = 7% → 2 (mínimo). El diferimiento de 12 pozos por la suspensión de fracturas no está valorizado y empuja hacia 3. Máximo 3 (techo de los rangos ≈ USD 39 M = 15%)."
S31-R05,energia-y-agua,agente,i_cont,3,2-4,4,±1,ninguna,"Función crítica Desarrollo: en el caso regional 2023 la autoridad suspendió nuevas fracturas a menos de 5 km durante 4 meses; aquí ese radio alcanza 2 de los 8 pads del plan 2026–2027 (12 pozos, ~25% del programa). 4 meses (> 3 meses) como degradación menor a la mitad → un nivel debajo del 5 → 4. Mínimo 3 si la suspensión dura menos de 3 meses. El pozo afectado (~120 bbl/día) no es función crítica."
S31-R05,energia-y-agua,agente,v_cont,4,,3,±1,ninguna,"Monitoreo mensual de presión anular (detectó los casos de 2024 y 2026: actuación real) y cementación correctiva contratada (hecha en 2024 en 3 y 10 días) → probadas, cortan la vía de migración por dentro del pozo. No detectan migración por fuera de la cañería guía; los 12 freatímetros se muestrean cada 6 meses (uno cada 17 km²); no hay plan escrito de respuesta ante contaminación de acuífero. Limitan parte del daño y dejan que una parte importante se produzca → 3; 4 si la migración es por fuera de la guía."
S31-R05,energia-y-agua,agente,v_rec,4,4-5,5,±1,ninguna,"Agua alternativa por camión cisterna para los puestos con contrato de transporte existente, nunca usado con ese fin (atiende a terceros, no a una función crítica). No hay plan ni contrato de remediación de acuíferos ni plan para reprogramar fracturas fuera del radio suspendido. Nada acorta la interrupción de Desarrollo ni repone el acuífero → 5; 4 por el camión cisterna."
S31-R06,energia-y-agua,emiliano,i_pers,3,3-4,4,±1,ninguna,"En choque camioneta–camión o vuelco con 1–4 ocupantes es plausible una muerte sin respuesta:4. Colectivo de 40 plazas permite múltiples víctimas como techo 5, sin imponerlo al accidente típico de camioneta."
S31-R06,energia-y-agua,emiliano,v_cont,3,2-4,4,±1,ninguna,Telemetría parcial y asistencia media 38 min/máximo 85 min; terceros sin radio y sin cobertura. Medidas débiles para daño traumático ya producido:4.
S31-R06,energia-y-agua,agente,v_rec,1,,3,más de 1,CH-081/CH-085 (candidata),"8 camionetas de reemplazo disponibles en el día: alternativa propia y formal, sin registro de uso documentado como prueba → 3. Las lesiones no se reponen."
S31-R06,energia-y-agua,emiliano,v_rec,1,,3,más de 1,ninguna,"Ocho camionetas propias disponibles en el día sin actuación completa documentada: presente sin prueba 3, no 1 automático."
S32-R01,energia-y-agua,agente,i_cont,2,1-4,4,más de 1,ninguna,"Función crítica Servicio de reparación y pulling: un equipo de 12 parado ~4 meses (plazo del mástil nuevo) = degradación menor a la mitad; como interrupción sería 5 (> 3 meses) → un nivel abajo → 4. Si la operadora A suspende a la empresa tras un accidente fatal, 7 de 12 equipos (58%, interrupción) quedan parados 19–40 días → 4. Las dos lecturas dan 4."
S32-R01,energia-y-agua,agente,v_rec,5,4-5,4,±1,CH-081/CH-085 (candidata),"Sin equipo de reserva. Mástil usado cotizado (2026-03): 6 semanas más 3 de certificación, USD 0,4 M; nunca hecho y no contratado → capacidad no formal que acorta algo → 4. La operadora puede reemplazar el equipo con otro contratista (eso no recupera nada para la empresa)."
S32-R02,energia-y-agua,agente,i_pers,3,2-4,2,±1,ninguna,"El chofer (lesiones leves en 2024, ninguna en 2022) y, en rutas provinciales con 1.500–2.500 vehículos/día (~80.000 km por año en rutas compartidas), ocupantes de otros vehículos. Plausible: lesión leve del chofer → 2. Un vuelco de una carga pesada sobre un tercero en ruta puede ser fatal → máximo 4."
S32-R02,energia-y-agua,agente,i_cont,1,,3,más de 1,ninguna,Un equipo de 12 parado 2–6 semanas (taller propio o fabricante regional) = degradación menor a la mitad del servicio; como interrupción sería 4 → un nivel abajo → 3.
S32-R02,energia-y-agua,agente,v_cont,3,,4,±1,ninguna,"Escolta sólo en cargas extra anchas (actuó en 2024-11: aviso en 4 min); alerta de vuelco por telemetría instalada 2025-06 sin actuación real y sólo en camiones propios; ambulancia en 70 min en 2024. Ninguna medida limita el daño a la carga, que ocurre en el vuelco; la respuesta a lesionados es tardía → 4."
S32-R03,energia-y-agua,agente,v_rec,3,3-4,4,±1,CH-081/CH-085 (candidata),"Recolocación con B: B pidió cotización por 2 equipos desde 2027-01; enviada, sin respuesta (no contratada). Licitación abierta de D por 3 equipos (adjudicación 2026-12) frente a 11 equipos ociosos. En 2019 recolocó 3 de 4 equipos en 7 meses (sin prueba vigente). Venta de equipos usados. No hay alternativa formal asegurada; capacidad que cubre poco → 4. 3 si se aceptara la cotización a B."
S32-R03,energia-y-agua,emiliano,v_rec,3,3-4,4,±1,ninguna,Cotización aB sin respuesta y licitación competitiva sin adjudicar; experiencia 2019 no prueba capacidad actual. Recolocación no asegurada:4.
S32-R04,energia-y-agua,agente,i_cont,1,,3,más de 1,ninguna,Un equipo de 12 parado 45–90 días (fuego a chasis) = degradación menor a la mitad; como interrupción sería 4 → un nivel abajo → 3. Pérdida total 11 meses → 5 como interrupción → 4 degradado = máximo.
S32-R04,energia-y-agua,agente,v_cont,3,,2,±1,ninguna,"Extintores con actuación real 2025-02 (extinción en 2 min) y capacitación 88%; parada de emergencia probada mensualmente; supresión automática en 5 de 12 equipos, ensayada 2026-05 con los 5 descargando. Medidas probadas que limitan el daño a una parte (el motor o el hidráulico) → 2. Máximo 3: 7 equipos sin supresión automática y fuego con gas del pozo supera los extintores; bomberos a 30–90 min."
S32-R04,energia-y-agua,agente,v_rec,4,4-5,3,±1,CH-081/CH-085 (candidata),"Sin equipo de reserva. Taller propio de motores e hidráulicos (1–3 semanas; reparó los casos de 2023 y 2025, que fueron daños menores) — alternativa propia y formal sin prueba frente a un daño a chasis y cabina; equipo usado en 3–5 meses (cotización). Alternativa parcial formal sin prueba → 3."
S32-R05,energia-y-agua,agente,v_rec,no_aplica,,2,estado,ninguna (no_aplica no cambió),El puesto se cubre con un relevo de la base en el día (usado en los casos registrados): restablece la función en horas; la lesión no se repone → 2.
S32-R06,energia-y-agua,agente,i_econ,1,,2,±1,ninguna,"Lo que queda de noche en una locación de pulling: generador USD 45 mil, dos torres USD 50 mil, herramientas USD 40–60 mil, baterías y cable USD 10–15 mil; herramientas de pesca USD 80–250 mil. Plausible (generador, torres y herramientas) ≈ USD 145 mil + margen de pulling USD 2.400/día ≈ 2,8% del RO de USD 5,2 M → 2. Con herramientas de pesca y 2 semanas de margen ≈ USD 284 mil = 5,5% → 2. Mínimo 1 (baterías y cable)."
S32-R06,energia-y-agua,agente,v_cont,5,4-5,4,±1,ninguna,"Rastreador satelital en 4 de 16 generadores (2026-06), sin actuación real; los otros 12 y las herramientas sin rastreo; no hay vigilancia propia. Medida débil que cubre poco → 4."
S33-R04,energia-y-agua,agente,p,2,2-3,3,±1,CH-084 (candidata),"Jerarquía 1: base del fabricante, 49 incendios en 2.800 inversores del mismo modelo 2018–2025 (~14.000–22.400 unidades-año) → 0,22–0,35% por inversor-año × 25 estaciones ≈ 5,5–8,4% anual → nivel 2. Historia propia (6,5 años): incendio de la estación 17 el 2023-01-18, hace más de 3 años → ancla 3. Divergencia jerarquía 1/2 → rango 2–3. Ajuste +1 (§3.4.2) contra la base del fabricante: punto caliente sin corregir en la estación 9 (degradación observada) y 11 de 25 estaciones sin el cambio de capacitores del boletín de 2024-06 hasta 2027. Sin −1: no se sabe si la base refleja unidades con el boletín aplicado. 2 + 1 = 3."
S33-R04,energia-y-agua,agente,v_cont,4,3-4,3,±1,ninguna,"Detectores de humo y temperatura con disparo y alarma: ensayo 2025-12 (25 de 25) y actuación real 2023-01 (1 min), pero no extinguen: en 2023 el fuego siguió dentro del gabinete y el inversor se destruyó. Respuesta del personal con tanque y motobomba: actuación real 2023-01 (14 min de día; fuego de pastizal controlado a los 55 min con bomberos); de noche 1 operador y 2 vigiladores; segunda pasada de corte de pastizal demorada. Limitan la propagación pero la estación se pierde → 3; máximo 4 de noche."
S33-R05,energia-y-agua,emiliano,i_pers,1,1-2,2,±1,ninguna,"Vigiladores que intervienen: lesiones leves como supuesto 2, rango 1–3. Falta tierra no implica electrocución sin una nueva falla eléctrica independiente; no se inventa fatalidad por ese solo dato."
S33-R05,energia-y-agua,emiliano,i_cont,2,1-2,3,±1,ninguna,Una o dos estaciones:4–8% de potencia. Compra normal 3 semanas: duración 4 menos 1 por degradación=3. Rango 2–3 si reposición puede completarse en≤2 semanas.
S33-R05,energia-y-agua,agente,v_cont,3,,4,±1,ninguna,"En los tres robos no hubo detección antes de terminar el corte; en 2025-06 se detectó a la mañana (monitoreo por string, cuando el bloque no arrancó). Cámaras con análisis de video en el 60% del perímetro (actuación real 2026-08, llegada en 9 min, pero actuó antes del corte); policía a 40 min. Detección tardía en el 40% sin cámaras: el daño se produce casi completo → 4; 3 en el sector con cámaras."
S33-R05,energia-y-agua,emiliano,v_rec,2,,3,±1,ninguna,"Stock repone una estación y actuación 2025 tardó 9 d por cajas; para segunda se compra normalmente. Alternativa parcial 3, con 2 si sólo una estación y repone mayor parte antes."
S33-R06,energia-y-agua,agente,i_econ,2,2-4,4,más de 1,ninguna,"Consecuencia completa (§4.1.5) del proceso sin control: energía perdida respecto de la garantía USD 0,17 M en 2026, creciente USD 0,04 M por año; si el PID avanza como en los informes técnicos, hasta USD 0,8 M/año (11% del RO); la pérdida queda definitiva con el reemplazo del lote, USD 4,8 M / RO USD 7,2 M = 67% → 4. Sumada a lo largo de los 13,5 años restantes del contrato, la pérdida acumulada al ritmo actual también supera el 30% del RO. Mínimo 3 si se acota a dos o tres años de pérdida con PID avanzando."
S33-R06,energia-y-agua,agente,v_rec,4,4-5,3,±1,CH-081/CH-085 (candidata),"Reclamo de garantía al fabricante (alternativa formal, contractual) presentado 2026-07-15, sin respuesta, nunca cobrada a este fabricante, sin representación local → formal presente sin prueba → 3. Reemplazo con módulos comprados en 10–14 semanas es la reposición normal."
S34-R01,energia-y-agua,agente,i_legal,4,3-4,3,±1,ninguna,"Notificación obligatoria a la autoridad sanitaria ante un desvío con exposición de la población e investigación → 3. Si se le atribuye un brote, suspensión del registro provincial de operadores por 30–180 días (suspensión temporal de una habilitación) → máximo 4."
S34-R01,energia-y-agua,agente,v_cont,4,3-4,3,±1,ninguna,"Alarma del analizador de cloro a la salida: actuó 3 veces en 2024, pero en 2025-01 no detectó porque el cloro se consumía en el tanque (falla parcial: se evalúa por lo que hace) y no corta el envío a la red. Sobrecloración y purga con actuación real 2025-01 (red en norma 6 h después de detectar). Aviso de 'no consumir' con protocolo escrito con el cliente (2023), nunca ensayado. Muestreo microbiológico semanal con 48 h de demora. En 2025-01 la detección llegó por un control del servicio médico tras 9 h. Limitan parte y dejan que una parte importante se consuma → 3."
S34-R02,energia-y-agua,agente,i_econ,1,1-2,2,±1,ninguna,"Limpieza y neutralización USD 2–25 mil por evento (USD 6, 9 y 2 mil con batea o limpieza actuando). Bruto sin batea: los 400 L de ácido de 2024 habrían ido al suelo, con retiro de suelo como en 2025 → ~USD 15–25 mil / RO USD 0,52 M = 3–5% → 2. Mínimo 1 (derrame chico en piso, USD 2 mil = 0,4%); máximo 3 si el químico sale del predio y el cliente traslada la multa ambiental (sin antecedentes)."
S34-R03,energia-y-agua,agente,p,4,4-5,5,±1,CH-084 (candidata),"Fallas propias: 2025-07-02 (rodamientos, tren 2) dentro de 36 meses y 2023-04-11 (sello, tren 1) a 41 meses → ancla 4 (no llega a una por año en tres años). Ajuste +1 (§3.4.2): degradación observada que no estaba en el período de los antecedentes: vibración de la bomba del tren 1 de 4,2 a 6,8 mm/s entre 2026-03 y 2026-09, a 0,3 mm/s de la alarma del fabricante (7,1). Sin −1: la medición mensual y el cambio de aceite ya existían. 4 + 1 = 5."
S34-R03,energia-y-agua,agente,i_econ,3,2-4,4,±1,ninguna,"Bruto sin disparo (el fabricante indica daño de eje y carcasa): bomba nueva USD 160 mil + 10–14 semanas al 50% con penalidad al tope de USD 77 mil por mes (~USD 230 mil) ≈ USD 390 mil / RO USD 0,52 M = 75% → 4. El contrato limita la responsabilidad a las penalidades. Mínimo 3 con reparación de rodamientos o sello (USD 8–15 mil + un mes de penalidad USD 77 mil ≈ 17%)."
S34-R03,energia-y-agua,agente,i_cont,3,2-4,4,±1,ninguna,Función crítica agua de proceso para la mina A: la planta entrega 1.200 de 2.400 m³/día (pérdida de la mitad = interrupción según §4.4) durante 10–14 semanas si hay que reemplazar la bomba → más de 2 semanas y hasta 3 meses → 4; 14 semanas supera 3 meses → máximo 5. El tanque de la mina (30 h) no cambia el plazo.
S34-R04,energia-y-agua,agente,i_cont,1,1-2,2,±1,ninguna,Función crítica tratamiento del efluente de C dentro de los límites: incumplida en días puntuales (1–4 días por vendimia); la planta sigue funcionando → 1–3 días → 2.
S34-R04,energia-y-agua,agente,v_cont,2,2-3,3,±1,ninguna,"Pileta de emergencia de 400 m³ con actuación real 2026-03 (retuvo 14 h dos veces), pero en vendimia se llena en ~16 h; el autocontrol diario da resultado 3 h después y el vertido de esas horas ya salió; aun así hubo 4 días fuera de límite en 2026. Limitan parte y dejan una parte importante → 3."
S34-R04,energia-y-agua,agente,v_rec,3,3-4,4,±1,CH-081/CH-085 (candidata),"Si se suspende el vertido no hay planta alternativa; transporte de efluentes con disponibilidad para 300 m³/día (la mitad del caudal de vendimia) sólo cotizado (2026-04), no contratado → capacidad no formal que cubre poco → 4."
S34-R05,energia-y-agua,agente,i_cont,4,3-5,5,±1,ninguna,"'Agua de proceso para la mina A' es una función crítica de la ficha de empresa: la rescisión es su cese definitivo → 5. Mínimo 4 si se lee la función como el servicio de la empresa (36% de la facturación, degradación menor a la mitad, más de 3 meses)."
S34-R05,energia-y-agua,agente,v_cont,4,,3,±1,ninguna,"Preaviso de 6 meses en la rescisión por conveniencia (la empresa factura durante el preaviso y el cliente compra la planta al valor contable): cláusula formal nunca invocada → presente sin prueba; con rescisión por incumplimiento, 30 días. Reasignación del personal: sin vacantes. Medidas que limitan parte de la pérdida → 3; máximo 4 por la vía del incumplimiento."
S34-R06,energia-y-agua,agente,p,4,,5,±1,CH-084 (candidata),"Antecedente propio: escape en el yugo el 2025-05-08 durante un cambio de cilindro (dentro de 36 meses) → ancla 4. Ajuste +1 (§3.4.2): condiciones causales que no estaban en el período del antecedente: 3 de los 5 operadores entraron en 2025–2026 sin capacitación formal en cambio de cilindros, y 7 de 48 cambios de 2026 los hizo una sola persona (el procedimiento pide 2). 4 + 1 = 5. Precursores: 5 juntas deformadas en 2026."
S34-R06,energia-y-agua,agente,i_econ,1,,2,±1,ninguna,"Atención médica a cargo de la aseguradora de riesgos del trabajo; para la empresa, equipos dañados por corrosión USD 2–10 mil y multa laboral USD 2–30 mil ≈ USD 4–40 mil / RO USD 0,52 M → plausible ~USD 20 mil = 3,8% → 2; mínimo 1."
S34-R06,energia-y-agua,agente,i_pers,3,3-4,4,±1,ninguna,"En la sala, 1 operador (2 si se respeta el procedimiento); de noche está solo y en 2026 hubo cambios hechos por una persona. Sin detector, equipo autónomo ni brigada (bruto), un operador intoxicado solo puede morir: el caso provincial de 2021 fue un operador fallecido que trabajaba solo de noche → una muerte plausible → 4. Campamento: liberación total de un cilindro de 68 kg da ~3 ppm 10 min en módulos con 120 personas (irritación: lesiones leves a muchas, 3). No hay escenario de más de una muerte → máximo 4."
S34-R06,energia-y-agua,agente,i_legal,2,2-3,3,±1,ninguna,"Denuncia ante la aseguradora de riesgos del trabajo, investigación de la autoridad laboral, informe del cliente a la autoridad minera si hay afectados en el campamento. Con un fallecido, sanción formal y demandas de responsabilidad relevantes → 3; mínimo 2 (sólo intoxicación del operador); máximo 4 (responsabilidad penal posible)."
S34-R06,energia-y-agua,agente,v_rec,no_aplica,,1,estado,ninguna (no_aplica no cambió),"Bomba dosificadora de hipoclorito de respaldo: entra en 30 min, prueba mensual (última 2026-09 correcta) → alternativa probada que restablece la función en horas → 1. Las lesiones no se reponen."
S02-R01,industria-y-construccion,agente,p,3,3-4,4,±1,CH-084 (candidata),"Jerarquía 1: tasa sectorial ART 0,9 atrapamientos con lesión cada 100 operadores de prensa por año (2019–2024, ~3.100 operadores); con 26 operadores, 0,23 eventos esperados por año, P(≥1) ≈ 21% → nivel 3. Historia propia (registro desde 2012): un atrapamiento con lesión en 2021-08 (más de 36 meses) → ancla 3, coincide. +1 (§3.4.2): condiciones peores que el sector que la tasa no refleja: 1 de 4 prensas excéntricas con barrera fotoeléctrica contra 64% en el sector, pedal habilitado, carga manual, premio por productividad y mando bimanual anulado con cuña en 2026-06. Rango 3–4: si el incidente del guante de 2024-03 fuera antecedente, la historia propia daría 4."
S02-R01,industria-y-construccion,agente,i_legal,3,3-4,4,±1,ninguna,Con amputación (lesión permanente) cabe investigación penal de responsables (en 2021 se abrió una causa por lesiones) y la autoridad puede clausurar preventivamente la máquina → 4 (responsabilidad penal posible de directivos).
S02-R02,industria-y-construccion,agente,i_cont,3,2-3,1,más de 1,ninguna,"La grúa queda detenida hasta la inspección (1 día en 2023); función de soldadura y armado no pierde la mitad. Plausible 1. Si la carga cae sobre una celda robotizada (35% de las soldaduras de chasis), degradación menor a la mitad durante 3 a 6 semanas → 3 en el máximo."
S02-R02,industria-y-construccion,agente,i_legal,3,3-4,4,±1,ninguna,Con una muerte o lesión permanente: investigación penal posible de responsables; además clausura preventiva de la grúa → 4.
S02-R02,industria-y-construccion,agente,v_rec,3,,2,±1,ninguna,"Segunda grúa atiende las dos zonas (usada en 2023-05 y en cada mantenimiento trimestral, probada); con una sola grúa la expedición se atrasa medio turno por día. Restablece la mayor parte en horas o días → 2. Para una celda dañada no hay contrato (3 a 6 semanas)."
S02-R03,industria-y-construccion,agente,p,4,,3,±1,CH-084 (candidata),"Historia propia (registro desde 2019): igniciones en 2019-11 y 2023-07-04 (39 meses antes del 2026-09-30, fuera de los 36) → ancla 3; precursores observados (combustibles a menos de 5 m en 9 inspecciones de 2026). La base de la aseguradora (4 incendios de más de USD 500 mil en ~220 plantas, 2015–2025) mide incendios grandes, no igniciones. Ajustes (§3.4): +1 por condiciones no presentes en el período (hallazgos de combustibles en aumento, 4 puestos sin cortina desde 2026-06) y −1 por controles verificados posteriores a los antecedentes (contenedores metálicos con tapa y retiro de residuos dos veces por turno, desde 2023-09): se compensan → 3."
S02-R03,industria-y-construccion,agente,i_pers,3,3-4,4,±1,ninguna,"65 personas en la nave en el turno mañana y 51 en el tarde, 24 en oficinas contiguas; recorrido máximo de 70 m a 4 salidas; humo de pinturas y aceite. Sin contención (evacuación, brigada), una muerte por humo o quemaduras de quien está cerca del origen es plausible → 4; más de una no se puede descartar (5)."
S02-R03,industria-y-construccion,agente,i_legal,3,2-4,4,±1,ninguna,"El municipio puede suspender la habilitación de la nave hasta su reconstrucción y nueva inspección de bomberos (suspensión temporal); con víctimas, autoridad de trabajo y penal posible → 4."
S02-R03,industria-y-construccion,agente,v_cont,4,3-4,3,±1,ninguna,"Extintores y brigada contuvieron las igniciones de 2019 y 2023 (la de 2023 a 39 meses, fuera de los 3 años) y la brigada tuvo ejercicio de ataque en 2025-10; pero las bocas de incendio dan 2,1 bar (chorro de 9 m de 15), no hay detección en la nave ni rociadores fuera de la cabina, no hay muro entre soldadura y pintura y el turno tarde no tiene simulacro desde 2024-09. Bomberos a 16 min. Limitan parte pero un fuego que pasa a los racks se desarrolla → 3."
S02-R05,industria-y-construccion,agente,p,4,4-5,5,±1,CH-084 (candidata),"Historia propia (registro desde 2009): roturas en 2017-10, 2022-05 y 2025-02 (dentro de 36 meses, sin llegar a una por año) → ancla 4. +1 (§3.4.2): condiciones causales que el período no refleja: aceite ISO 21/19/16 contra 18/16/13, cambio de aceite postergado, vibración de la bomba +60% interanual, goteo del sello desde 2026-08 y cumplimiento del preventivo en baja (82% → 76%, contra 90% en comparables) → 5."
S02-R05,industria-y-construccion,agente,i_cont,4,3-5,3,±1,ninguna,"Estampado de piezas grandes (función crítica, ninguna otra prensa la hace) detenido por completo. Plausible (válvula o bomba): reposición normal 1 a 3 semanas → 3 (más de 3 días y hasta 2 semanas), 4 si pasa de 2 semanas; cilindro 14 a 18 semanas → 5 en el máximo."
S02-R05,industria-y-construccion,agente,v_rec,3,3-4,4,±1,CH-081/CH-085 (candidata),"Estampado en otra provincia: usado una vez en 2022-05 (más de 3 años), sin contrato, hasta 40% del volumen y matrices trasladadas en 1 día: no es formal ni probado → 4. Técnico del representante en 72 h (48 h en 2025-02) es parte de la reparación normal. Sin plan de continuidad. Máximo 3 si se considerara formal la oferta por correo de 2026-03."
S02-R07,industria-y-construccion,agente,i_econ,2,,unknown,estado,CH-080 (candidata),"Plausible: atraso de 3 a 7 días hábiles (8 de 10 casos), penalidad hasta USD 28 mil por orden promedio más horas extra y fletes: USD 30 a 40 mil / RO 2025 normalizado USD 1,52 M (sin partidas extraordinarias) ≈ 2% a 2,6% → 2. Peor creíble: ya hay dos atrasos de más de 10 días hábiles en los últimos 12 meses; un tercero habilita la rescisión del contrato marco (41% de la facturación, margen ~USD 2,4 M por año) → 5. El rango 2–5 tiene cuatro niveles: por §9.2 el factor es unknown con min 2 y max 5 (A12)."
S02-R07,industria-y-construccion,emiliano,i_econ,2,,unknown,estado,CH-080 (candidata),"Un atraso aislado cuesta hasta USD 28 mil de multa más aceleración; una rescisión puede perder USD 2,4 M anuales frente a RO USD 1,52 M. Dos atrasos >10 días ya existen en la ventana. No hay duración defendible de reemplazo del cliente ni base para preferir un monto: rango 1–5, unknown."
S02-R07,industria-y-construccion,emiliano,i_cont,1,,unknown,estado,CH-080 (candidata),Atraso sin interrupción (1) frente a rescisión con PH-800 ociosa 80% y soldadura 50% por plazo no informado (hasta 5): no puede elegirse duración plausible.
S02-R07,industria-y-construccion,agente,i_legal,2,,1,±1,ninguna,Reclamo contractual y posible rescisión con preaviso de 90 días; sin consecuencia regulatoria → 1; 2 si hubiera reclamo judicial.
S02-R07,industria-y-construccion,emiliano,v_cont,3,,4,±1,ninguna,La negociación redujo una de diez penalidades y las entregas parciales tienen condición del 70%: eficacia débil para el incumplimiento ya ocurrido. Stock que evita el atraso corresponde a P con este evento.
S05-P01-S01,industria-y-construccion,agente,p,4,,5,±1,CH-084 (candidata),"Jerarquía 1: superintendencia, 1,1 accidentes con baja por caída de altura cada 100 trabajadores de construcción de edificios por año; con ~238 trabajadores en la obra 1 (128 propios y 110 de subcontratistas según el jefe de obra; el molinete registró 131), 2,6 por año, P(≥1) > 90% → 5. Historia propia (registro desde 2014): caídas en 2024-11 (hueco, 3,2 m) y 2025-08 (obra 1, 1,8 m), dentro de 36 meses sin llegar a una por año → 4. Las fuentes divergen: rango 4–5. Sin ajuste: las condiciones (bordes sin baranda, tapas retiradas, 64% de arnés enganchado) no son claramente peores que las obras que visita la ART (38% con bordes sin baranda). Con sólo los 45 trabajadores de borde la tasa daría 3 (A2)."
S05-P01-S01,industria-y-construccion,agente,i_cont,2,2-3,3,±1,ninguna,"La autoridad paraliza la obra 1 (función 'ejecución de cada obra') hasta verificar barandas y tapas: 3 días hábiles en 2024, 8 en 2017 → más de 3 días y hasta 2 semanas → 3; 2 si dura 3 días."
S05-P01-S02,industria-y-construccion,agente,i_cont,2,,3,±1,ninguna,Paralización del montaje de la cubierta o de toda la obra 2 hasta verificar correcciones (4 días hábiles en 2022 en otra nave) → 3; 2 si sólo se paraliza el montaje (menos de la mitad de la obra).
S05-P01-S03,industria-y-construccion,agente,p,3,2-3,5,más de 1,CH-084 (candidata),"Jerarquía 1: 0,4 accidentes con baja por caída de altura cada 100 trabajadores de obras viales por año; con ~159 a 190 trabajadores en la obra 3, 0,64 a 0,76 por año, P(≥1) ≈ 47% a 53% → 4. Historia propia sin ocurrencias en 9 obras viales (ninguna con puentes de más de 5 m): no indica nivel. Comparable cercano: caída mortal desde un tablero en 2023-02 → 3. +1 (§3.4.2): control preventivo ausente que lo habitual no refleja: puente 2 sin baranda ni línea de vida pese a que vialidad exige baranda desde 2024, sin permiso de trabajo en altura y sin registro de capacitación → 5."
S05-P01-S03,industria-y-construccion,agente,i_cont,2,2-3,3,±1,ninguna,Paralización de los frentes de puentes o de toda la obra 3 (45% de la certificación) hasta verificar correcciones; sin antecedente propio; la baranda y la línea de vida del puente 2 llevan ~5 días → 3; 2 si sólo se paralizan los puentes.
S05-P01-S03,industria-y-construccion,agente,v_cont,5,4-5,4,±1,ninguna,"Arnés sólo con anclaje en el puente 1; sin red ni plan de rescate en altura; 2 trabajadores con curso de primeros auxilios; emergencias a 52 min (2026-01), hospital a 48 km y sin señal de celular en el puente 2. Débil → 4; 5 en el puente 2."
S05-R04,industria-y-construccion,agente,i_cont,2,2-3,3,±1,ninguna,Paralización de los frentes de alcantarillas o de toda la obra 3 hasta verificar correcciones; los cajones de entibado nuevos tienen 1 semana de plazo → 3; 2 si sólo se paralizan las alcantarillas.
S05-R04,industria-y-construccion,agente,v_cont,5,4-5,4,±1,ninguna,"Rescate a pala por compañeros (funcionó en 2026-02 con tierra hasta las rodillas, no alcanza con más de 1 m³ sobre el torso); retroexcavadora sin procedimiento; sin plan de rescate; emergencias a 52 min, bomberos a 45 min sin equipo para zanjas; sin señal en 3 de 5 frentes. Débil → 4."
S05-R04,industria-y-construccion,agente,v_rec,2,2-3,3,±1,ninguna,"Traslado de cuadrillas a pavimento (probado en 2026-07, cubre una parte) y compra o alquiler de cajones de entibado con 1 semana de plazo (cotizado, sin uso) → 3."
S05-R05,industria-y-construccion,agente,i_cont,3,2-3,4,±1,ninguna,"Paralización de la obra 1 hasta que el municipio apruebe un nuevo plan (4 días hábiles en 2025 sin heridos); con víctimas, peritaje de la grúa de 2 a 4 semanas y posible incautación (otra grúa: 3 a 6 semanas) → más de 2 semanas → 4; 3 si la paralización es corta."
S05-R05,industria-y-construccion,agente,v_cont,4,,3,±1,CH-081/CH-085 (candidata),"Pasarela techada (barrera pasiva inspeccionada en 2026-06, retuvo la tabla en 2025-06): retiene objetos de hasta 25 kg y no cubre la calzada; señalero presente sin registro de actuación y que no detiene vehículos; plan de emergencia sin la vía pública; emergencias a 9 min. Limitan parte del daño → 3."
S05-R06,industria-y-construccion,agente,i_pers,3,2-4,2,±1,ninguna,"Un trabajador por evento. Tipos registrados: cortes y golpes 58%, caídas a nivel o de menos de 3 m 24%, atrapamientos y amputaciones 6%. Plausible: lesión leve con atención médica y baja corta → 2; 3 con baja de más de 30 días (6 de 45); 4 con amputación."
S05-R08,industria-y-construccion,emiliano,p,5,,4,±1,ninguna,Atraso propio de 2022: ancla 3. +1 por subcontratista de reemplazo incompleto y certificados impagos del proyecto actual. El plan en marcha no tiene resultado medido para justificar −1. El 11/18 de escuelas no es tasa anual de S 05.
S05-R08,industria-y-construccion,agente,v_cont,4,,3,±1,ninguna,"Ampliación de plazo por lluvias (21 días pedidos, 5 meses sin respuesta; en 2022 se aprobaron 30, más de 3 años), suspensión del plazo por pagos atrasados (no usada nunca) y recurso administrativo (no usado en 2022): medidas presentes sin prueba vigente → 3."
S05-R08,industria-y-construccion,emiliano,v_cont,4,,3,±1,ninguna,Ampliaciones y suspensión de plazo disponibles pero sin prueba reciente de aplicación exitosa; el caso de 2022 excede tres años. Nivel 3 por medidas presentes sin prueba.
S05-R09,industria-y-construccion,agente,p,3,3-4,4,±1,CH-084 (candidata),"Historia propia (registro desde 2014): descalce de un lindero en 2019 (más de 3 años) → 3; comparables: 6 reclamos por daños a linderos en 41 permisos con excavación de más de 2 m en ciudad B (2021–2025) → 3; precursor: fisuras del lindero este en 2026-05 → 3. +1 (§3.4.2): condiciones que esas fuentes no reflejan: fundación del lindero norte no verificada (el cálculo la supone), muros de adobe de 1946, sin acta de constatación ni sondeo, excavación a 0,6 m de la medianera → 4. Si las fisuras de 2026-05 fueran antecedente, la historia propia daría 4 sin ajuste (A6)."
S05-R09,industria-y-construccion,agente,i_econ,unknown,1-4,2,estado,CH-080 (candidata),"Escenario que el ingeniero espera con la fundación supuesta: fisuras USD 5 a 40 mil, más paralización de la obra 4 por el municipio (5 semanas en 2019) con personal parado y multa del pliego de USD 4,5 mil por día corrido sobre una obra ya atrasada: ~USD 250 a 350 mil / RO 2025 USD 5,0 M (sin partidas extraordinarias) = 5% a 7% → 2. Derrumbe parcial: reconstrucción USD 120 a 250 mil, realojamiento y comercio → 3; con víctimas, USD 150 a 400 mil por persona → 4."
S05-R09,industria-y-construccion,agente,i_cont,2,2-3,3,±1,ninguna,"El municipio puede paralizar la obra 4 hasta que un perito apruebe la estabilidad y el método (5 semanas en 2019 con descalce). Con fisuras, plausiblemente 1 a 2 semanas → 3; 4 con descalce."
S05-R09,industria-y-construccion,agente,i_legal,3,3-4,2,±1,ninguna,Reclamo civil de los vecinos → 2; paralización por el municipio o causa penal con víctimas → 4.
S05-R09,industria-y-construccion,agente,v_rec,3,,4,±1,ninguna,"Peritaje y nuevo método (5 semanas en 2019) y reconstrucción con personal propio (4 meses en 2019): es el camino normal, sin alternativa que acorte; capacidad propia sin prueba vigente → 4."
S22-R01,industria-y-construccion,agente,p,3,3-4,4,±1,CH-084 (candidata),"Historia propia (registro desde 2004, 22 años): una ignición por electrostática en 2020-01 (más de 36 meses) → 3; comparables: 2 incendios en ~35 plantas de Cuyo 2016–2025 → 3; precursores (pinzas sin continuidad, 15% del LIE junto al tambor) → 3. +1 (§3.4.2): condiciones que la fuente no refleja: 3 luminarias no aptas para atmósfera explosiva hasta 2026-10, 2 de 9 pinzas de puesta a tierra sin continuidad en 2026-05, vapores a 15% del LIE con alarma regulada al 20% → 4."
S22-R01,industria-y-construccion,agente,i_legal,3,3-4,4,±1,ninguna,"Clausura preventiva del sector por el municipio, sumario ambiental por agua de extinción o humo, causa penal posible con lesionados → 4."
S22-R02,industria-y-construccion,emiliano,p,2,1-3,4,más de 1,ninguna,"Fuga 2021: ancla 3; +1 por flexible con prueba vencida desdeagosto 2026. Tasa sectorial 3/9.000 descargas mide sólo eventos con lesionados, no todas las fugas; no se transforma en P del iniciador."
S22-R02,industria-y-construccion,agente,i_econ,5,4-5,3,más de 1,ninguna,"Bruto con un operador muerto o intoxicados en la planta: clausura de la planta de cloración (línea C, USD 330 mil por mes) ~7 semanas como en el caso sectorial ≈ USD 540 mil, multa ambiental hasta USD 500 mil, reclamos USD 150 a 400 mil por muerte: ~USD 0,8 a 1,4 M / RO 2025 USD 6,2 M (sin partidas extraordinarias) = 13% a 23% → 3. Si se clausura el establecimiento (USD 72 mil por día hábil × 35 días = USD 2,5 M) → 4; con víctimas en el barrio → 5."
S22-R02,industria-y-construccion,emiliano,i_econ,5,4-5,4,±1,ninguna,"Escenario supuesto:3 víctimas fatales en descarga×USD 0,4 M +35 d hábiles de clausura×USD 72 mil +multaUSD 0,5 M =USD 4,22 M/RO USD 6,2 M=68%, nivel 4. No hay conteo defendible de víctimas externas:3–5 por escenarios de menor daño y alcance al barrio. Es supuesto, no resultado del estudio."
S22-R02,industria-y-construccion,agente,i_pers,5,,4,±1,ninguna,"Escenario plausible: falla de junta o válvula de la conexión sin que nadie cierre (sin contención): exposición de los 2 operadores y el chofer a una nube que no se corta: una muerte plausible → 4 (en el caso sectorial murió un operador y 14 vecinos fueron hospitalizados). Peor creíble: rotura del flexible sin cierre y vaciado de 18 t, 20 ppm a 2,8 km con viento hacia el barrio (38% del tiempo): muertes múltiples → 5."
S22-R02,industria-y-construccion,agente,v_cont,4,3-4,2,más de 1,ninguna,"Detectores a 1 ppm (actuación real 2021, prueba mensual; uno estuvo descalibrado), válvulas de cierre de emergencia del tanque probadas (4 s, 2026-03), simulacro 2026-04 con cierre a los 2 minutos y evacuación en 7: medidas probadas que limitan el daño a la zona de descarga para fugas del lado del tanque → 2. Del lado de la cisterna, la válvula de exceso de flujo no tiene prueba registrada, la cortina de agua tiene 2 de 6 boquillas con caudal bajo y la sirena no tiene plan con el barrio ni la escuela → 3 en el máximo."
S22-R02,industria-y-construccion,emiliano,v_cont,4,3-4,3,±1,ninguna,"Válvula tanque probada, la de cisterna sin prueba y cortina con 2/6 boquillas débiles; vecinos sin plan.3 por medida presente sin prueba completa;4 si daño casi completo por vaciado de cisterna."
S22-R03,industria-y-construccion,emiliano,p,4,,5,±1,ninguna,"Evento iniciador corregido a pérdida de contención en playa:9 derrames 2024,11 en 2025 y 7 en 2026, P 5. Que 27 no llegaran al pluvial refleja V; no reduce frecuencia del iniciador."
S22-R03,industria-y-construccion,emiliano,i_pers,1,,2,±1,ninguna,"Operador de un derrame ácido/alcalino puede sufrir lesión con atención;2 como supuesto acotado,1–3. No hay personas directamente expuestas aguas abajo documentadas."
S22-R03,industria-y-construccion,agente,v_cont,3,3-4,4,±1,CH-081/CH-085 (candidata),"Válvula de guillotina manual normalmente abierta: el ensayo de 2026-02 la cerró en 3 minutos y la canaleta lleva ~2 minutos hasta la salida, así que un derrame de IBC pasa casi entero (en 2023 se cerró a los 9 minutos con 1,2 m³ ya fuera); barreras absorbentes nunca usadas y que no retienen ácidos ni álcalis disueltos. Detección por personas y cierre tardío → 4; 3 para derrames lentos."
S22-R03,industria-y-construccion,emiliano,v_rec,2,2-3,3,±1,ninguna,"Consultora actuó en 2023 y bombeo trata retenido, pero sólo parte y sin tratar solventes:3, con 2 si se confirma reposición ambiental mayoritaria."
S22-R04,industria-y-construccion,agente,p,5,,4,±1,CH-084 (candidata),"Jerarquía 1: ART, 1,3 accidentes con lesión por autoelevador cada 10 equipos por año (2019–2024); con 6 equipos, 0,78 por año, P(≥1) ≈ 54% → 4. Historia propia: 2, 3, 2 y 1 accidentes por año desde 2023 (al menos uno por año) → 5. Fuentes de jerarquía 1 y 2 divergen: rango 4–5. Sin ajuste: no hay datos para comparar limitadores y sendas con el sector."
S22-R04,industria-y-construccion,agente,i_pers,3,3-4,2,±1,ninguna,"Una persona por evento: 7 de 8 casos 2023–2026 con contusiones y baja corta → 2; fractura con 24 días (3); en el sector, 4% con incapacidad permanente y 2 muertes (4)."
S22-R04,industria-y-construccion,agente,i_legal,2,,unknown,estado,CH-080 (candidata),Plausible: denuncia a la ART sin actuación de la autoridad (como en 2023–2026) → 1. Peor creíble: muerte (2 en el sector) con actuación de la autoridad de trabajo y causa penal posible → 4. El rango 1–4 tiene cuatro niveles: unknown por §9.2 (A12).
S22-R06,industria-y-construccion,agente,p,4,3-4,5,±1,CH-084 (candidata),"Historia propia (registro desde 2008): roturas en 2016-03 (reductor) y 2024-11-04 (fisura de la camisa, dentro de 36 meses) → 4. La base de la aseguradora (5 reclamos en ~40 reactores) se tomó como comparables, como la rotula la ficha (A2). +1 (§3.4.2): degradación que el período no refleja: 3 picaduras de ~1 mm en la soldadura del fondo (2026-05) y medición de espesores vencida desde 2024 (último mínimo 5,6 mm contra 4,8 mm admisible) → 5."
S22-R06,industria-y-construccion,agente,i_econ,3,3-5,unknown,estado,CH-080 (candidata),"Plausible: fisura de la camisa (1 a 2 semanas, USD 15 a 30 mil) o perforación reparable (3 a 6 semanas, USD 60 a 120 mil) con la línea B sin R-1 (USD 660 mil por mes): USD 0,35 a 1,1 M / RO 2025 USD 6,2 M (sin partidas extraordinarias) = 6% a 18% → 2 o 3. Peor creíble: perforación no reparable, reactor nuevo USD 1,4 M y 9 a 11 meses sin R-1 → ≫ 100% → 5. El rango 2–5 tiene cuatro niveles: unknown por §9.2 (A12)."
S22-R06,industria-y-construccion,agente,i_cont,4,3-5,3,±1,ninguna,Sin R-1 la línea B (función crítica) pierde la mayor parte de su capacidad (R-2 y R-3 son recuperación). Plausible: 1 a 2 semanas (camisa) → 3; perforación reparable 3 a 6 semanas (4); reactor nuevo 9 a 11 meses (5).
S22-R06,industria-y-construccion,agente,v_cont,2,,4,más de 1,ninguna,"Cubeto de 30 m³ (estanqueidad 2025-12) y vaciado a tanque de reserva probado en 2024-11 (50 min): contienen el producto, pero nada evita que la línea B pierda R-1. El daño bruto (reactor fuera de servicio) se produce completo → 4."
S22-R06,industria-y-construccion,agente,v_rec,3,2-3,2,±1,ninguna,"R-2 y R-3 en tres turnos (actuación real 2024-11: 35% del volumen de R-1), stock de producto terminado de 3 semanas, contrato de façon por el 25% (firmado 2025-02, sin uso) y reductor de repuesto: para una parada de 1 a 2 semanas restablecen la mayor parte de las entregas → 2; para paradas largas, 3."
S22-R08,industria-y-construccion,agente,v_cont,4,3-4,3,±1,ninguna,"Descargo técnico con el avance del plan (actuación real en 2025: multa de USD 12 mil, sin clausura); reducción de la producción de la línea B no probada. Limitan parte → 3."
S22-R09,industria-y-construccion,agente,p,3,3-4,4,±1,CH-084 (candidata),"Historia propia (reclamos desde 2015): lotes fuera de especificación despachados en 2017, 2019, 2022, 2023 y 2025 (el último dentro de 36 meses, menos de uno por año) → 4. Ajustes que se compensan: +1 por certificados sin titulación en picos y producción +6% con el mismo laboratorio; −1 por la dosificación por balanza en R-1 desde 2023."
S22-R09,industria-y-construccion,agente,v_rec,2,2-3,3,±1,ninguna,"Reposición del lote y del producto retirado (48 h en 2022, más de 3 años): repone el producto, no el daño del cliente → 3."
S22-E01,industria-y-construccion,agente,p,2,2-3,3,±1,ninguna,"La materialización conjunta exige el desborde (S22-R07, P 3: desborde propio en 2015, entubamiento aguas arriba y bordo parcial) y, con agua en la playa, arrastre de producto (180 IBC en el piso, válvula del pluvial en la parte más baja; en 2024-02 la cámara del cubeto rebalsó con pH 9,8 sin desborde). Plausible: una sola lluvia produce los dos eventos sin coincidencias independientes. → 3, 2 en el mínimo."
S22-E01,industria-y-construccion,agente,i_legal,4,,3,±1,ninguna,Máximo de los miembros (§10.3.3): sumario con reincidencia y remediación obligatoria (S22-R03) → 3; clausura preventiva del establecimiento → 4.
S22-E01,industria-y-construccion,agente,v_cont,5,4-5,4,±1,CH-081/CH-085 (candidata),Frente al conjunto: plan hídrico nunca ensayado y sin retiro de IBC ni cierre del pluvial; la válvula del pluvial queda bajo el agua; bombas que dependen del tablero que se inunda y bombean el producto al arroyo; la misma brigada (3 de noche) debe hacer todo a la vez; barreras absorbentes inutilizables con el arroyo crecido. Débil → 4; 5 en el máximo.
S23-R01,industria-y-construccion,agente,i_pers,3,2-4,1,más de 1,ninguna,"Las lesiones de usuarios requieren un choque, causa nueva e independiente (§4.1.5): no entran → 1 (A6). No hay registro de desprendimientos en campo."
S23-R01,industria-y-construccion,agente,v_rec,5,4-5,no_aplica,estado,ninguna (no_aplica no cambió),No hay función interrumpida y la empresa no tiene acuerdos ni reservas para recuperar el costo de una campaña; la reposición de piezas buenas es producción normal (§5.5.2).
S23-R02,industria-y-construccion,agente,p,4,4-5,5,±1,CH-084 (candidata),"Historia propia (desde 2012): falla por desgaste de forros en 2024-10 (dentro de 36 meses, una vez) → 4. +1 (§3.4.2): condición que el período no refleja: forros locales sin certificación con vida de 22 meses contra 36 de los originales, desgaste del 62% (reemplazo recomendado al 70%, que se alcanzaría entre 2027-01 y 2027-03), tiempo de frenado de 148 a 171 ms y producción +8% → 5."
S23-R02,industria-y-construccion,agente,v_rec,3,2-3,2,±1,ninguna,"Reparación provisoria con forros del taller local (8 días en 2024-10, actuación real con resultado: prensa en 11 días frente a 10 a 12 semanas) y 7 de 24 piezas en prensas mecánicas (~30% del volumen, usado en 2024-10): restablecen la mayor parte mucho antes que la reposición normal → 2. Sin stock de forros hoy; acuerdo con otro estampador nunca usado → 3 en el máximo."
S23-R04,industria-y-construccion,agente,p,3,3-4,4,±1,CH-084 (candidata),"Sin antecedentes propios con terminales. Sector y comparables de la región: las dos terminales rescindieron o retiraron piezas a 6 proveedores nacionales en 2021–2025, 4 después de más de 6 meses en escalamiento → 3; precursores: etapa 2 desde 2026-05-30 y pedido de cotización a otro proveedor (8% más barato) → 3. +1 (§3.4.2): condición actual que esas fuentes no reflejan: la condición de salida (3 meses seguidos bajo 100 PPM antes del 2026-11-30) ya no se puede cumplir con 120 PPM en septiembre, así que la cláusula de rescisión queda habilitada en el horizonte → 4."
S23-R04,industria-y-construccion,agente,i_econ,4,4-5,5,±1,ninguna,"Margen de contribución perdido USD 5,3 M por año desde el fin del aviso, hasta el fin del contrato por vida del modelo (2028), ~2 años ≈ USD 10 M, más indemnizaciones USD 1,3 M, menos costos fijos reducibles USD 0,6 M por año / RO 2025 USD 6,1 M (sin partidas extraordinarias) > 100% → 5. Tomando sólo un año: USD 6,0 M = 98% → 4 (A6)."
S23-R05,industria-y-construccion,agente,p,4,3-4,5,±1,CH-084 (candidata),"Historia propia (desde 2015): igniciones en 2021-07 (secador) y 2024-02 (tablero de la inyectora 7, dentro de 36 meses) → 4. +1 (§3.4.2): control preventivo fuera de servicio que el período no refleja: mangueras hidráulicas vencidas en 2 de 12 inyectoras desde 2026-05, con una pérdida de aceite sobre la calefacción en 2026-07 → 5."
S23-R05,industria-y-construccion,agente,i_pers,3,3-4,4,±1,ninguna,"22 a 30 personas en la nave de inyección (y 30 a 52 en estampado, contigua); aceite, resinas y cartón con techo a 12 m; distancia máxima a una salida 45 m: una muerte plausible sin contención → 4; varias si pasa a estampado (5)."
S23-R06,industria-y-construccion,agente,p,4,4-5,5,±1,CH-084 (candidata),"Historia propia (desde 2012): 2023-05 (amputación de dos falanges) y 2025-02 (fractura de la punta de un dedo, dentro de 36 meses) → 4. La superintendencia (41 atrapamientos en la provincia, sin cantidad de prensas) no es jerarquía 1. +1 (§3.4.2): controles preventivos fuera de servicio que el período no refleja: cortina de la prensa 3 con fallas intermitentes hasta 2026-10, tiempo de parada de la prensa 4 en 210 ms contra 190 de diseño; bloqueo omitido en 2 de 9 cambios → 5."
S23-R06,industria-y-construccion,agente,i_legal,3,3-4,4,±1,ninguna,Inspección y clausura preventiva de la prensa (4 días en 2023) y causa penal posible si se prueba la anulación de un dispositivo → 4; 3 sin clausura ni causa.
S23-R06,industria-y-construccion,agente,v_cont,3,3-4,4,±1,ninguna,"Parada de emergencia probada (2026-09), enfermero en turnos A y B, emergencias en 14 min (2025-02); la liberación girando el volante nunca se ensayó y no hay protocolo para un miembro amputado. Débil frente al daño, que ocurre al bajar el carro → 4."
S24-R01,industria-y-construccion,agente,v_rec,5,4-5,4,±1,ninguna,Galpón identificado sin contrato; sin acuerdos con terceros (la coextrusora no tiene equivalente regional); sin plan de continuidad → 4.
S24-R03,industria-y-construccion,agente,i_econ,4,,3,±1,ninguna,"Plausible: rotura del rodamiento con daño de engranajes por desgaste: 3 a 16 semanas sin lámina (USD 47 mil de margen por semana), reparación USD 20 a 300 mil y clientes perdidos (en 2023 uno, USD 0,6 M de facturación por año, ~USD 168 mil de margen): ~USD 0,3 a 1,0 M / RO 2025 USD 2,1 M (sin partidas extraordinarias) = 15% a 48% → 3; 4 con reductor nuevo; 5 si se van varios termoformadores."
S24-R03,industria-y-construccion,agente,i_cont,5,4-5,4,±1,ninguna,"Extrusión de lámina multicapa (función crítica, 35%) detenida: 19 días en 2023 sólo con el rodamiento; 14 a 16 semanas con reductor nuevo → 4 (más de 2 semanas); 5 en el máximo."
S24-R04,industria-y-construccion,agente,i_pers,1,1-3,unknown,estado,CH-080 (candidata),Consumidores del postre en 15 a 25 días: no hay ensayo de migración del molido ni información toxicológica del talco y los aditivos en contacto con alimentos. La evidencia no acota el nivel: unknown sin rango (§9.2).
S24-R04,industria-y-construccion,agente,i_cont,1,1-3,unknown,estado,CH-080 (candidata),"Si la autoridad suspende el registro, no se pueden vender envases para alimentos (40%, función crítica) hasta la rehabilitación, de duración desconocida (sin antecedentes); sin suspensión, 1. No se acota a tres niveles: unknown."
S24-R04,industria-y-construccion,agente,i_legal,3,3-4,4,±1,ninguna,Notificación y retiro público; actuación de la autoridad sanitaria con multa y suspensión del registro de fabricante (suspensión de una habilitación) → 4; baja del registro → 5.
S24-R04,industria-y-construccion,agente,v_cont,3,3-4,4,±1,ninguna,"Control de color cada hora que apenas distingue el molido al 15%; retención de 24 a 48 h sin ensayo por lote; trazabilidad probada (2026-03, 4 h) que sólo actúa una vez detectado; el cliente distribuye en 1 a 3 días. Detección tardía o por terceros → 4."
S24-R05,industria-y-construccion,agente,i_cont,1,1-2,2,±1,ninguna,"Toda la producción se detiene durante el corte (mediana 30 a 40 min); sin detención ordenada, la coextrusora (función crítica) queda 1 a 2 días → 2; con cortes cortos y rearranque normal, 1."
S25-R01,industria-y-construccion,agente,v_rec,3,2-4,2,±1,ninguna,"Reposición desde 7 semanas de stock, probada en 2024-09 sin faltante en el mercado; lo retirado no se recupera → 2."
S25-R02,industria-y-construccion,agente,i_econ,4,3-4,3,±1,ninguna,"Bruto: lote y retiro desde hospitales USD 0,15 a 0,4 M; llenado aséptico detenido 4 a 8 semanas × USD 0,40 M de margen por semana = USD 1,6 a 3,2 M: total ~USD 1,8 a 3,6 M / RO 2025 USD 12,1 M (sin partidas extraordinarias) = 15% a 30% → 3. Con línea dedicada exigida (USD 2,8 M de margen por año de cefalosporinas durante 12 a 18 meses) y demandas sin estimar → 4 o 5."
S25-R02,industria-y-construccion,agente,v_cont,4,4-5,3,±1,ninguna,Los ensayos de liberación no detectan cefalosporina (un lote contaminado se libera); detección por terceros vía farmacovigilancia (mediana 9 días); el retiro probado (simulacro 2026-02) corta la exposición pero no recupera lo ya administrado; stock de 6 a 8 semanas de inyectables sostiene la venta durante la detención. Limitan parte del daño y dejan pasar una parte importante → 3; 4 para el daño a pacientes.
S25-R04,industria-y-construccion,agente,v_cont,4,3-4,3,±1,ninguna,Stock de comprimidos de ~6 semanas sostiene la venta una parte de una suspensión de 4 a 7 meses; plan de corrección en 15 días sin antecedente propio. Limitan parte y dejan pasar una parte importante → 3.
S25-R05,industria-y-construccion,agente,i_legal,1,1-2,3,más de 1,ninguna,"Bruto sin bloqueo: lotes afectados llegan al mercado, retiro y notificación obligatoria → 3; con los lotes retenidos sólo desvío documentado (1)."
S25-R06,industria-y-construccion,agente,p,3,3-4,4,±1,CH-084 (candidata),"Nunca hubo cifrado (no corresponden 4 ni 5 por historia propia). Comparables: 6 laboratorios asociados a la cámara con ransomware e interrupción 2022–2025, 1 en la región → 3; precursores propios (credencial robada por phishing 2025-05, malware 2024-01) → 3. +1 (§3.4.2) por condiciones peores que lo habitual en los comparables: 28 de 41 exigen doble factor a proveedores y la empresa no, con servidores de línea sin actualizaciones de seguridad → 4. Ver anomalía sobre la lectura de la encuesta."
S25-R06,industria-y-construccion,agente,i_legal,2,1-3,1,±1,ninguna,Sin despacho no hay infracción; la multa por despachar sin informar depende de una decisión posterior (y es económica) → 1; 2 con un requerimiento de la autoridad.
S37-R01,industria-y-construccion,agente,p,3,2-4,4,±1,CH-084 (candidata),"Historia propia (relato del dueño, sin registro): fuego en los filtros de la cabina ~2019 (más de 3 años) → 3; comparable de la misma ciudad en 2022 → 3; la chispa de 2023 sin fuego es precursor. +1 (§3.4.2) por condiciones que esas fuentes no reflejan: 2 tomacorrientes recalentados sin cambiar, polvo sobre las cerchas y tablero de 2009 sin medición (inspección 2026-08) → 4."
S37-R01,industria-y-construccion,agente,v_rec,5,,4,±1,CH-081/CH-085 (candidata),"Sin plan de continuidad ni otro galpón; dos carpinterías que 'podrían tomar algún trabajo', sin acuerdo; planos en la notebook del proyectista. Capacidad informal que cubre poco → 4."
S37-R02,industria-y-construccion,agente,p,4,4-5,3,±1,CH-084 (candidata),"Jerarquía 1: 3,1 lesiones con baja por máquinas para madera cada 100 expuestos por año × 6 a 14 expuestos = 0,19 a 0,43 por año (P de al menos una 17% a 35%) → 3. Historia propia: corte en la escuadradora 2 en 2024-06 (denuncia a la ART) → 4; con los dos rozones de 2025 (dueño, sin evidencia) → 5. Divergen jerarquía 1 y 2: rango 3–5, se toma la de mayor jerarquía. Sin ajuste: el asesor vio escuadradoras sin protector en varias carpinterías, no hay hecho de que sea peor que lo habitual."
S37-R02,industria-y-construccion,agente,i_pers,3,3-4,4,±1,ninguna,Una persona por evento: amputación de uno o más dedos (incapacidad permanente) → 4; 3 como el corte con sutura de 2024-06.
S37-R02,industria-y-construccion,agente,i_legal,2,2-3,3,±1,ninguna,Inspección de la autoridad laboral con requerimiento de adecuación y posible reclamo civil → 3; 4 con clausura preventiva de la máquina sin protector.
S37-R03,industria-y-construccion,emiliano,i_econ,1,,unknown,estado,CH-080 (candidata),"Referencia RO positivo 2023 USD 160 mil, único ejercicio positivo de los tres (§4.2.2); no se divide por RO negativo 2025. La ficha sólo remite prestaciones aART y no mide horas extra ni costo bruto médico/salarial; falta monto y rango defendible: unknown."
S37-R03,industria-y-construccion,emiliano,v_cont,3,3-4,4,±1,ninguna,"Botiquín informal, sin lavaojos y traslado propio a 10 min: respuesta débil 4, sin prueba de contención que deje incidente menor."
S37-R04,industria-y-construccion,agente,p,3,3-4,4,±1,CH-084 (candidata),"Historia propia: rotura del husillo en 2022-09 (48 meses, fuera de los 36) → 3. +1 (§3.4.2) por degradación que el período no refleja: ruido en el husillo a alta velocidad desde 2026-07, sin revisión ni medición, con 4 de 6 a 9 años de vida útil según el representante → 4."
S37-R04,industria-y-construccion,agente,i_econ,unknown,4-5,4,estado,CH-080 (candidata),"Bruto: husillo USD 23 mil; 6 a 8 semanas al 35%–40% de la producción sobre ~USD 120 mil por mes que dependen de la CNC (USD 180 a 240 mil de facturación demorada o perdida) y multas por demora (USD 6 mil por 3 días en 2026-08). Mínimo con margen operativo negativo (sólo costos extra): ~USD 29 mil = 18% → 3. Máximo con la facturación entera: > USD 160 mil → 5. Más plausible con margen de contribución supuesto ~45%: USD 81 a 108 mil + 23 + 6 = USD 110 a 137 mil / magnitud de referencia USD 0,16 M (§4.2, regla 2: RO 2025 −USD 0,11 M y 2024 −USD 0,04 M negativos; único ejercicio positivo de los tres, 2023) = 69% a 86% → 4."
S37-R04,industria-y-construccion,agente,v_rec,3,3-4,4,±1,CH-081/CH-085 (candidata),"Centro de corte comercial a 35 km (~40% de lo necesario, 5 días de demora) usado en 2022-09, hace más de 3 años y sin acuerdo escrito; escuadradoras y perforado a mano con más horas; sin husillo de repuesto. Capacidad no formal → 4; 3 si se toma el servicio comercial como formal."
S37-R05,industria-y-construccion,agente,i_econ,unknown,4-5,5,estado,CH-080 (candidata),"Bruto: USD 0,82 M de facturación por año (34% de 2025, sin confirmar) e indemnizaciones de 6 a 8 personas USD 36 a 56 mil. Mínimo con margen operativo negativo (sólo indemnizaciones): 23% a 35% → 3; con margen de contribución supuesto ~45%: USD 0,37 M + 0,05 M / magnitud de referencia USD 0,16 M (§4.2, regla 2: RO 2025 −USD 0,11 M y 2024 −USD 0,04 M negativos; único ejercicio positivo de los tres, 2023) ≈ 260% → 5."
S37-R06,industria-y-construccion,agente,v_cont,3,,4,±1,ninguna,Alarma monitoreada en el galpón sin activación con ingreso ni prueba de respuesta (presente sin prueba); en obra ninguna medida. Débil → 4.
S37-R07,industria-y-construccion,agente,i_econ,unknown,2-5,2,estado,CH-080 (candidata),"Bruto: técnico y computadora USD 1,8 a 2,1 mil; reconstrucción con sueldos que siguen; demora de producción de días a 2 semanas mientras se rehacen listados (~USD 50 mil de facturación por semana; con margen de contribución supuesto ~45%, USD 10 a 45 mil) / magnitud de referencia USD 0,16 M (§4.2, regla 2: RO 2025 −USD 0,11 M y 2024 −USD 0,04 M negativos; único ejercicio positivo de los tres, 2023) = 7% a 29% → 2 como valor más plausible (pocos días); 3 con 2 semanas de demora y multas de la cadena."
S37-R07,industria-y-construccion,agente,v_cont,4,4-5,5,±1,ninguna,"Antivirus gratuito que sólo detecta programas conocidos (antes del evento); sin separación de redes, router sin revisar con contraseña de fábrica. Nada contiene el cifrado → 5."
S37-R07,industria-y-construccion,agente,v_rec,unknown,2-5,4,estado,CH-081/CH-085 (candidata),"Copias en un disco externo que nadie encuentra, sin fecha ni prueba; planos en la nube del proyectista sin verificar; facturas recuperables desde el sitio del fisco y cobros desde extractos. Reconstrucción improvisada que cubre una parte → 4; 3 si se toman el fisco y la nube como alternativa formal."
S07-R01,mineria,agente,p,4,4-5,3,±1,CH-084 (candidata),"Historia propia de 17 años sin fallas en la pared este (no indica nivel por sí sola). Comparables regionales: cuatro fallas inter-rampa 2021–2025 y una global en 2020 → ancla 3; precursores propios (prisma P-E14 con 85 mm y pico de 12 mm/día, piezómetros 30 m sobre diseño, grieta de 140 m) → también 3. Sin ajuste: las condiciones (agua, drenaje al 55%, bancos a 42°) coinciden con los precursores y no se sabe cómo se comparan con los comparables. Techo 4 si cuenta la falla inter-rampa de la pared oeste de 2025-06 (A6)."
S07-R01,mineria,agente,v_cont,2,2-3,3,±1,CH-081/CH-085 (candidata),"Radar con alarma y plan de evacuación probado (actuación real 2025-06 en la pared oeste: alarma 3 h 10 min antes, 22 personas fuera en 18 min; simulacro 2026-03 en la pared este). Falla parcial: cubre el 85% de la pared, dos cortes de 6 y 11 h en 2026-07 con el área operando, sector sureste sólo con prismas cada 4 h. Evita el daño a las personas en la mayoría de los casos pero no la limpieza, los equipos ni la pérdida de acceso → limita parte del daño y deja pasar una parte importante → 3 (2 si se mirara sólo Personas; 4 si la falla cae en el sector sin radar). Barrera: si fallara, la consecuencia llegaría igual → V."
S07-R01,mineria,emiliano,v_cont,2,2-3,3,±1,ninguna,"Radar y evacuación probados, pero 15% sin radar y operación durante interrupciones de datos; se adopta 3 por daño relevante que puede pasar, rango 2–4. La evacuación no evita la falla del talud: sólo limita consecuencias."
S07-R01,mineria,agente,v_rec,3,2-3,2,±1,ninguna,"Stock de baja ley (9 Mt) reemplaza el 45% faltante durante ~11 meses, con 38% menos de cobre por tonelada; probado en 2025-06 (planta al 100% de tonelaje 9 días). Restablece la molienda casi enseguida y repone parte del margen; la rampa alternativa no existe y la resecuenciación no está ensayada → 2."
S07-R01,mineria,emiliano,v_rec,3,2-3,2,±1,ninguna,"Stock probado en 2025 mantiene 100% de tonelaje; al sustituir 45% por mineral con 38% menos cobre, queda aproximadamente 83% del metal. Restablece la mayor parte mucho antes de 5–7 meses: 2."
S07-R02,mineria,agente,p,4,3-4,5,±1,CH-084 (candidata),"Historia propia (unas 9.000 voladuras desde 2014): proyección a 610 m el 2024-04-17, dentro de los últimos 36 meses, sin frecuencia anual → ancla 4 (la de 2022-10 cayó a 340 m, fuera del radio de equipos y dentro del de personas). +1 (§3.4): condiciones que el período de los antecedentes no refleja: emulsión de mayor densidad desde 2025-09 sin estudio de distancias, perfilómetro fuera de servicio 2026-05-10 a 2026-06-28, taco 15–25% bajo diseño en 6 de 40 voladuras auditadas, 11 pozos con cavidades en 2026 → 5."
S07-R02,mineria,agente,i_econ,1,1-2,2,±1,ninguna,"Bruto: daño de equipos hasta USD 0,4 M + suspensión de voladuras de 10 días sin contar el material volado (V): 45% × USD 1,75 M × 10 = USD 7,9 M + multa hasta USD 2 M → ~USD 8–10 M / RO USD 305 M = 2,7–3,4% → 2. Con el material volado como exposición quedaría <2% (1)."
S07-R03,mineria,agente,p,4,4-5,3,±1,CH-084 (candidata),"Historia propia: colisión fatal 2021-11 y contacto camión–camioneta 2024-02 (dentro de 36 meses, sin frecuencia anual) → ancla 4. −1 (§3.4): sistema anticolisión en los 62 camiones desde 2025-09, posterior a los antecedentes y verificado en la auditoría 2026-06 (con 11 de 140 livianos sin dispositivo y sin frenado automático) → 3. Precursores: 24 cuasi-accidentes en 2026. Techo 4 sin el −1."
S07-R03,mineria,agente,v_cont,3,3-4,4,±1,ninguna,"Ambulancia con paramédico y rescate vehicular por turno, simulacro 2026-03 (14 min y extracción a 42 min): probada, pero frente al aplastamiento casi no limita el daño (2021: muerte en el lugar); hospital a 2 h 40 min sin helicóptero → el daño se produce casi completo → 4."
S07-R04,mineria,agente,p,2,1-3,4,más de 1,CH-084 (candidata),"Historia propia (17 años) sin fallas: no indica nivel. Comparables regionales sin fallas 2000–2025. Sector mundial: 2–5 fallas/año sobre 20.000–30.000 depósitos, sin desagregar (no comparable: no es jerarquía 1). Precursores propios: surgencia de agua turbia 2024-10 y laguna a 210 m del coronamiento durante 26 días en 2025-12 → ancla 3. +1 (§3.4): control preventivo fuera de servicio posterior a los precursores: 19 de 46 piezómetros sin lecturas desde 2026-05, informe trimestral del 2T 2026 no emitido, revisión independiente vencida → 4 (A8)."
S07-R04,mineria,agente,i_legal,5,4-5,4,±1,ninguna,"Suspensión total de la operación por las autoridades ambiental y minera e investigación penal a directivos → 4; revocación del permiso ambiental posible, no establecida (techo 5)."
S07-R05,mineria,agente,v_rec,1,,3,más de 1,CH-081/CH-085 (candidata),"Repuestos (600 m de cañería, dos bombas por estación) y contratista con respuesta en 24 h (cumplido en 2025-07); no acortan mucho la reparación normal (4–10 días) → alternativa parcial formal → 3."
S07-R06,mineria,agente,p,2,1-3,3,±1,CH-084 (candidata),"Sin roturas propias en 17 años. Comparable regional con rotura en 2022 → ancla 3; precursores propios: fisura de 18 mm en 2 dientes (2026-07) y vibración +30% en el piñón 2 → 3. Boletín del fabricante (9 roturas en ~400 molinos en 10 años) sin edad ni carga: tratado como sector. Sin ajuste neto: el torque bajó a 95% (recomendado 90%) y hay ultrasonido semanal sin crecimiento, pero no está verificado que actúen sobre la fatiga; rango 2–4."
S07-R06,mineria,agente,v_cont,3,2-3,4,±1,ninguna,"Disparo automático por vibración, probado mensualmente (2026-09-02 correcto): evita daño secundario a piñones y motor, pero no la detención de la planta, que es casi todo el daño bruto → el daño se produce casi completo → 4 (3 si se valora la medida probada sobre el equipo)."
S07-R07,mineria,agente,i_econ,1,,2,±1,ninguna,"Bruto sin supresión ni flota de reserva (V): pérdida total USD 5,2 M + 1,6% menos de transporte durante ~12 meses (~USD 10 M de margen si baja el tonelaje) → ~USD 15 M / RO USD 305 M = 5% → 2 (sólo el camión: 1,7% → 1)."
S07-R07,mineria,agente,i_pers,2,2-3,3,±1,ninguna,"Un operador que baja por una escalera de 6 m con fuego en el compartimiento del motor, y el operador de la pala si está en carguío. Sin supresión, quemaduras o inhalación con internación son plausibles → 3 (precedente 2024: atención por humo; techo 4)."
S07-R07,mineria,agente,i_cont,1,,4,más de 1,ninguna,"Transporte de mineral: un camión menos de 62 (1,6% de la capacidad) durante 10 a 14 meses sin la flota de reserva (V). Degradación menor a la mitad: §4.4 la evalúa un nivel por debajo de la misma duración como interrupción (más de 3 meses = 5) → 4, sin umbral mínimo de degradación (A8); si se lee como no interrupción, 1."
S07-R07,mineria,agente,i_legal,1,,2,±1,ninguna,"Con lesionados: denuncia a la autoridad minera y a la ART, acta e informe de causa → 2."
S07-R08,mineria,agente,p,5,4-5,4,±1,CH-084 (candidata),"Sin sanciones propias (2024-05 fue un requerimiento sin multa). Comparables: tres sanciones por exceso de captación en la provincia 2019–2025 → ancla 3; el acta de infracción 2026-04 es precursor → 3. +1 (§3.4): sumario abierto con resolución dentro de los 12 meses (vence 2026-12 a 2027-03) y captación de invierno 2026 de 406 L/s, sobre el permiso → 4 (A8: ningún sumario igual se cerró sin sanción)."
S07-R08,mineria,agente,i_cont,1,,3,más de 1,ninguna,"Molienda: 3% menos de tonelaje anual, concentrado en invierno (hasta 9% en julio). Degradación menor a la mitad: como interrupción de unos 3 meses sería 4, un nivel abajo → 3 (A8)."
S07-E01,mineria,agente,i_legal,5,,4,±1,ninguna,"Legal conjunto = máximo de los miembros (§10.3.3): suspensión total por las autoridades ambiental y minera, investigación penal → 4; la revocación del permiso es posible, no establecida (techo 5)."
S08-R01,mineria,agente,v_cont,3,3-4,4,±1,ninguna,"Brigada de 12 por turno con equipo de rescate; simulacro 2026-05 con llegada a la persona en 4 h; cable radiante en 80% (−500 y −520 sin cobertura); ubicación sólo por nivel; hospital a 2 h. Frente a cientos de toneladas sobre las personas y el equipo, el daño se produce casi completo → 4."
S08-R01,mineria,agente,v_rec,2,,3,±1,ninguna,"Otros 12 tajeos: el plan permite compensar la mitad de un sector cerrado en 1–2 semanas (hecho en 2025-03, producción del mes al 93%): probada pero cubre sólo una parte; no acorta la suspensión de la mina → 3."
S08-R03,mineria,emiliano,p,4,4-5,5,±1,ninguna,"Detención de enero de 2024: ancla 4. +1 por deterioro de vibración, aceite y aislación medido en 2026. Generadores que restablecen en cuatro minutos no impiden toda detención y se consideran respuesta posterior, no −1 adicional."
S08-R03,mineria,emiliano,i_econ,3,2-4,unknown,estado,CH-080 (candidata),"Rodamiento USD 40 mil y 1–4 días frente a motor USD 0,4–1,1 M y 35–98 días × USD 0,35 M/día; pérdida puede ir de <2% a 68% del RO USD 52 M (niveles 1–4). Sin mezcla de fallas ni preferencia defendible: unknown."
S08-R03,mineria,emiliano,i_pers,4,3-5,5,±1,ninguna,"80–95 personas, gases diésel y de voladura sin ventilación ni evacuación. Exposición persistente en niveles profundos hace plausibles muertes múltiples; rango 4–5 por falta de actualización del modelo."
S08-R03,mineria,emiliano,i_cont,4,2-4,unknown,estado,CH-080 (candidata),"Detención de extracción entre 1–4 días y 5–14 semanas, según mecanismo; niveles 2–5, sin base para preferir una falla."
S08-R03,mineria,agente,i_legal,2,2-3,4,más de 1,ninguna,"Con intoxicados: investigación, multa y posible suspensión de la mina hasta verificar la ventilación → 4 (sin intoxicados, notificación: 2)."
S08-R03,mineria,emiliano,i_legal,2,2-3,4,más de 1,ninguna,Posible suspensión de mina para verificar ventilación ante intoxicados: 4.
S08-R04,mineria,agente,v_cont,4,3-5,3,±1,ninguna,"Supresión en 36 de 42 equipos, 33 de 36 correctos (2026-03); en 2023-05 descargó y no apagó los neumáticos; brigada con respiración autónoma (fuego apagado a 35 min en 2023, actuación de hace más de 3 años). Simulacro de incendio en la rampa 2025-09: 12 personas sin lugar en refugios; 56 lugares para ~70; inventario de oxígeno y absorbentes sin verificar desde 2025-08; autorrescatadores vigentes. Limita parte del daño y deja pasar una parte importante → 3."
S08-R04,mineria,agente,v_rec,2,,4,más de 1,ninguna,"Equipos de reserva (2 cargadores, 1 camión), contratista para reparar la rampa (4 días en 2023, hace más de 3 años) y 3 días de stock en superficie; nada acorta una suspensión de la autoridad de 15–45 días → cubre poco → 4."
S08-R05,mineria,agente,p,4,3-5,5,±1,CH-084 (candidata),"Historia propia: ingreso de agua de 5 a 45 L/s en 2 h el 2024-12 (dentro de 36 meses) → 4. Comparable de 2018 (fuera de 5 años). +1 (§3.4) por cambio de exposición que el período no refleja: frente del −500 a 30 m de la falla Norte con agua a 18 bar, goteo de 0,5 a 3 L/s, 22% de avances sin sondaje adelantado y modelo hidrogeológico sin la falla → 5. Si 2024-12 no es antecedente, precursores → 3 (+1 = 4)."
S08-R05,mineria,agente,i_legal,3,3-4,4,±1,ninguna,"Con fallecido: investigación, suspensión del sector e investigación penal → 4 (sin lesionados, notificación: 2)."
S08-R07,mineria,agente,p,5,4-5,4,±1,CH-084 (candidata),"Historia propia: 2024-03 (dos con síntomas) y 2026-02-09 (internación), dos en los últimos 36 meses, menos de una por año → 4. Las 67 alarmas de CO >25 ppm al reingreso se tomaron como precursores (como las rotula la ficha); como ocurrencias darían 5 (A6)."
S08-R07,mineria,agente,i_econ,1,,2,±1,ninguna,"Con un fallecido: USD 0,5–1,5 M + multa hasta USD 1 M; frente detenido 1–2 turnos → hasta ~USD 2,5 M / RO USD 52 M = 4,8% → 2."
S09-R01,mineria,agente,p,2,2-4,3,±1,CH-084 (candidata),"Historia propia (285 piletas-año): roturas en 2021-03 y 2024-11 (dentro de 36 meses) → 4. −1 (§3.4): operadores de pala certificados desde 2025-01 (11 de 14), control posterior a los antecedentes y verificado → 3. Precursores: 23 parches 2025–2026 (18 en piletas cosechadas). La base de instaladores (0,4% por pileta-año, ~14% anual) excluye la cosecha mecánica: si se tomara como jerarquía 1 daría 2 (A2)."
S09-R01,mineria,agente,i_econ,3,2-3,2,±1,ninguna,"Pileta intermedia: 400–900 t LCE × USD 6.150 = USD 2,5–5,5 M + reparación USD 0,6–1,2 M → USD 3,1–6,7 M / RO 2025 USD 88 M = 3,5–7,6% → 2. Preconcentración (150–400 t) → 1; concentrado final (hasta 1.800 t, USD 11,1 M + reparación) → 14% → 3."
S09-R01,mineria,agente,i_cont,1,1-2,3,más de 1,ninguna,"Evaporación: una pileta de 38 fuera de servicio 3 a 4 meses; producción 12–18 meses después menor (1.800 t = 7% del año en el peor caso). Degradación menor a la mitad: como interrupción de 3–4 meses sería 4, un nivel abajo → 3 (A8: sin umbral mínimo)."
S09-R02,mineria,agente,p,unknown,,3,estado,CH-084 (candidata),"Sin antecedente propio establecido: el descenso de 0,9 m en MW-1 y la interfase 0,2–1,4 m más al este tienen causa no establecida (sequía 30% bajo el promedio 2019–2025). Comparable regional: reducción ordenada en 2022 por descensos en vegas → 3; precursores propios (MW-1, denuncia con 18% menos superficie verde) → 3. Sin ajuste: el bombeo del vecino desde 2023 y la sequía están dentro del período de los precursores. Techo 5 si el descenso ya es atribuible al bombeo (A2)."
S09-R03,mineria,agente,i_cont,1,,3,más de 1,ninguna,"Bombeo 3,1% menos durante 3 a 4 meses: degradación menor a la mitad, un nivel abajo de 4 → 3 (A8: sin umbral mínimo; leída como no interrupción, 1)."
S09-R03,mineria,agente,v_rec,1,,2,±1,ninguna,"3 pozos de reserva perforados: equipar uno toma 3 semanas (actuación real 2026-03); margen de 15 L/s en el permiso, más que el caudal de un pozo; 6 bombas en stock → restablece la mayor parte en días-semanas, mucho antes que los 3–4 meses → 2."
S09-R05,mineria,agente,p,1,1-2,3,más de 1,CH-084 (candidata),"Sin antecedentes propios. Comparables: reducciones al renovar en 2023 (−40%) y 2024 (−60%) → ancla 3; precursor: notificación del 2026-07-15 con tope de 15 L/s → 3. El vencimiento (2027-12-31) cae fuera del horizonte de 12 meses; dentro de él no hay infracciones, emergencia declarada ni acciones judiciales en curso (A6; techo 2 si se mira el horizonte)."
S09-R06,mineria,agente,p,5,4-5,4,±1,CH-084 (candidata),"Historia propia y de transportistas: vuelco de camión 2024-08 y roce bus–camión 2025-06 (dos en 36 meses, menos de uno por año) → 4; vuelco de camioneta 2022-07. Sector: 23 siniestros con vehículos de la minería en ese camino 2020–2025. Sin ajuste: camiones sin limitador ni control de fatiga ya estaban en el período."
S09-R06,mineria,agente,i_pers,5,,4,±1,ninguna,Camionetas con 1 a 4 ocupantes y camiones; en el camino hubo 4 fallecidos en 23 siniestros 2020–2025. Una muerte plausible → 4; un bus de hasta 44 personas daría muertes múltiples (techo 5).
S09-R06,mineria,agente,v_cont,3,3-4,4,±1,ninguna,"Teléfono satelital y botón de emergencia en buses y camionetas (camiones sólo VHF); ambulancia al km 130 en 1 h 40 min; simulacro 2026-02: primera ambulancia a 1 h 50 min, segunda y tercera a 3 h 10 min con ayuda mutua; hospital a 180 km sin helicóptero → probada pero lenta: el daño se produce casi completo → 4."
S09-R06,mineria,agente,v_rec,no_aplica,,3,estado,ninguna (no_aplica no cambió),"Reemplazo de bus o camión por contrato con el transportista en 1–2 días, sin prueba registrada → alternativa formal sin prueba → 3."
S09-R07,mineria,agente,i_cont,2,1-3,4,más de 1,ninguna,"Evaporación: dilución del 40% al 60% de las piletas con 4 a 8 semanas perdidas (en el punto medio, pérdida de la mitad: interrupción de más de 2 semanas → 4); producción del año afectado 6–12% menor durante meses (degradación, 5 − 1 = 4) → 4; con menos de la mitad de las piletas, 3."
S10-R01,mineria,agente,i_econ,3,2-4,4,±1,ninguna,"Con una muerte: reclamo civil USD 120–250 mil + equipos USD 5–40 mil + multas USD 10–40 mil + clausura de 12 días sin stock (V): ~USD 200 mil de ventas × MC 47% = USD 94 mil + faltante de caliza ~8 mil t × USD 4 = USD 32 mil → ~USD 380 mil / RO normalizado USD 624 mil = 61% → 4. Mínimo con margen operativo: ~USD 155 mil (25%, 3); máximo con facturación: ~USD 560 mil (90%, 4). "
S10-R01,mineria,agente,v_rec,3,2-3,2,±1,ninguna,"Stock de 30 mil t de producto (2,9 semanas; caliza 1,8 semanas) y 8 mil t de playa: cubre los 12 días de clausura del despacho; el stock se usó en 2024-04 (parada de la trituradora) sin ventas perdidas → 2 (3 si se exige prueba en una parada del frente)."
S10-R02,mineria,agente,p,3,3-4,4,±1,CH-084 (candidata),"Sin caídas propias; resbalón sin caída en 2020-03 (precursor) → 3; sector: 2 caídas desde bancos 2019–2025 en 31 canteras, una fatal en 2023 → 3. +1 (§3.4): grietas de tracción de hasta 4 cm y 25 m en la cresta del banco 3 (2026-06) sin seguimiento, condición posterior al precursor; 40% del borde sin pretil y sin anclajes (recomendación de la ART con vencimiento 2026-10-20) → 4."
S10-R03,mineria,agente,i_econ,3,3-4,4,±1,ninguna,Con un trabajador muerto: reclamo USD 120–250 mil + daños USD 2–15 mil + multa USD 5–50 mil + suspensión de 30 días sin stock: ~USD 500 mil de ventas × MC 47% = USD 235 mil + faltante de caliza ~21 mil t × USD 4 = USD 86 mil → ~USD 550 mil / RO normalizado USD 624 mil = 88% → 4 (mínimo con margen operativo y un lesionado tercero ~15%: 3; máximo con facturación >100%: 5).
S10-R03,mineria,emiliano,i_econ,3,3-4,4,±1,ninguna,"RO normalizado 2025 = 610 + 14 = USD 624 mil. Sin stock, 30 días ≈ 4,29 semanas × 117 mil = 501,4 mil de ventas; se supone MC 50% por combustible, energía, desgaste y fletes variables. Daño 10 mil + reclamo fatal 180 mil + multa 25 mil + MC 250,7 mil + faltante caliza 20.000 t × USD 4 = 80 mil: USD 545,7 mil/624 mil=87,5%, nivel 4. Piso con margen operativo 10,23% y mínimos ≈USD 266,3 mil (4); techo con ventas enteras y máximos ≈USD 896,4 mil (5)."
S10-R03,mineria,agente,i_pers,3,3-4,4,±1,ninguna,"6 personas en la planta (380 m) y 2–4 en el galpón (340 m) bajo techos de chapa durante la voladura, sin evacuar; un fragmento de 15 cm atravesó la chapa a 340 m; una persona alcanzada puede morir. El techo de chapa no es barrera (no detuvo el fragmento). Una muerte plausible → 4."
S10-R03,mineria,emiliano,i_pers,3,3-4,4,±1,ninguna,Una persona alcanzada por fragmento de 15 cm que atraviesa chapa puede morir; 8–10 personas en planta y galpón expuestas. No se presupone alcance al barrio a 850 m ni muertes múltiples sin soporte.
S10-R03,mineria,agente,v_cont,3,2-3,4,±1,ninguna,Zona de exclusión de 300 m con vigías (actúa en cada voladura) pero el evento es justamente fuera de ella: la planta y el galpón a 340–380 m no se evacúan y no hay refugio; sirena; primeros auxilios y ambulancia → para las personas fuera del radio las medidas son débiles → 4.
S10-R03,mineria,emiliano,v_cont,3,2-3,4,±1,ninguna,"Exclusión de 300 m deja planta y galpón a 340–380 m expuestos; no hay refugio resistente, primera respuesta débil y ambulancia a 34 minutos: 4."
S10-R03,mineria,emiliano,v_rec,3,3-4,4,±1,ninguna,"Martillo sólo cotizado en 2024, nunca usado, y compra sin acuerdo: capacidad improvisada limitada, 4. El stock que evita detención inicialmente se considera contención."
S10-R04,mineria,agente,v_rec,3,2-3,2,±1,ninguna,"Stock de producto: actuación real 2024-04, 9 días sin ventas perdidas; trituradora móvil al 55% (llegó al día 4 en 2024), sin contrato y con una de dos unidades ocupada hasta 2027-03; taller regional que fabricó la biela en 26 días (2019) y soldó el bastidor en 9 (2024) → restablece la mayor parte en días → 2 (3 si la móvil no está disponible)."
S10-R05,mineria,agente,v_cont,4,4-5,5,±1,ninguna,"Exámenes médicos periódicos para retirar al trabajador de la exposición: no se hicieron en 2025, los resultados de 2023–2024 no llegaron, nunca se retiró a nadie; no hay rotación → nada contiene → 5."
S10-R06,mineria,agente,v_rec,no_aplica,,3,estado,ninguna (no_aplica no cambió),"Stock de producto (2,9 semanas) frente a una suspensión de voladuras; martillo hidráulico nunca usado → cubre sólo una parte → 3."
S10-R07,mineria,agente,p,3,3-4,4,±1,CH-084 (candidata),"Historia propia: salida de calzada sin vuelco en 2024-12 (relato, dentro de 36 meses) → 4; vuelco con lesionado en 2021-07. La estadística vial (0,9 vuelcos por millón de km × 336 mil km ≈ 26% anual → 3) no separa ripio ni áridos: no es comparable; rango 3–4. Sin ajuste: frenos vencidos y GPS sin revisión no están documentados como nuevos."
S10-R07,mineria,agente,i_cont,1,,3,más de 1,ninguna,"Transporte propio al 80% durante 3 semanas a 2 meses sin transportistas (V); trituración y retiro de clientes no se afectan. Degradación menor a la mitad: como interrupción de 2 semanas a 3 meses sería 4, un nivel abajo → 3 (A8)."
S10-R07,mineria,agente,i_legal,3,3-4,4,±1,ninguna,Causa penal por homicidio culposo que puede alcanzar al jefe de cantera y a los socios gerentes; investigación de la superintendencia → 4.
S11-R01,mineria,agente,p,3,3-4,4,±1,CH-084 (candidata),"Historia propia: una salida fuera de contención en 2016-03 (solución pobre, línea de riego; hace más de 3 años) → 3; fugas de la tubería de solución rica retenidas por la contención en 2022-11, 2024-06 y 2025-08 (precursores) → 3. Comparable regional de 2015 (fuera de 5 años); sector: 2 casos en el país 2010–2026. +1 (§3.4): socavación del puente-tubería en 2025-02, obstrucción de la canaleta en 2026-02 (solución a 5 cm del borde), tramo del puente sin la inspección de 2026, tubería cerca del fin de vida útil → 4."
S11-R01,mineria,agente,v_cont,3,2-3,2,±1,CH-081/CH-085 (candidata),"Balance de caudales (actuación real 2022-11: alarma a 6 min, bombas detenidas a 11; no detecta fugas <3%); válvulas de corte (una falló en 2026-08, reparada 2026-09-10); dique de emergencia en Q2 con 4.800 m³ útiles frente a 120–340 m³ que drenan (barrera pasiva inspeccionada en 2025-11); neutralización probada en simulacro 2026-04 (2 h 10 min); cierre de la toma en 3 h 40 min (simulacro 2025-12) frente a 9–14 h de viaje del agua, sin guardia nocturna. Medidas probadas que limitan el daño a la quebrada → 2 (3 de noche o en crecida)."
S11-R02,mineria,agente,p,2,1-3,3,±1,CH-084 (candidata),"Sin fallas de estabilidad propias en 14 años (el deslizamiento superficial de 3.000 m³ en 2019 no es el evento). Sector: 22 fallas en ~250 pilas × 20 años (~0,4% por pila-año), sin datos de altura ni clima: no es jerarquía 1 comparable. Precursores propios: PZ-14 y PZ-17 subieron 6,5 y 4,1 m (2025-11 a 2026-08); prisma P-31 de 1 a 4 mm/mes → 3. Sin ajuste: las condiciones (agua sobre el cálculo de 2024, lluvias de 2026) son las que producen los precursores; 2 piezómetros sin lectura desde 2026-05, dentro del mismo período. Techo 4."
S11-R02,mineria,agente,v_cont,3,2-4,4,±1,ninguna,"Evacuación por alarma radial y sirena (simulacro 2025-10: 21 personas fuera en 7 min; la sirena no se oye en el norte de la fase 6, sin corregir); sin radar de talud que anticipe la falla; pileta de eventos con 68.000 m³ libres; brigada con simulacro de rescate 2026-02; neutralización y aviso a regantes. Frente a un deslizamiento sin alerta previa, el daño a personas, oro e infraestructura se produce casi completo → 4."
S11-R02,mineria,agente,v_rec,4,3-4,3,±1,CH-081/CH-085 (candidata),"Apilar mineral nuevo en la fase 6 este (capacidad de ~9 meses), nunca usado con ese fin; sin plan escrito de recuperación → alternativa parcial propia sin prueba → 3."
S11-R03,mineria,agente,i_pers,4,3-4,3,±1,ninguna,"El trabajador que interviene (dos si un compañero entra a rescatar sin protección). HCN sobre 100 ppm puede causar pérdida de conciencia y muerte sin tratamiento; en el sector, 9 intoxicaciones con atención médica y ninguna muerte en 11 años. Intoxicación grave con internación → 3 (techo 4)."
S11-R03,mineria,agente,i_cont,1,1-2,2,±1,ninguna,Planta de cianuro o de recuperación detenida 1 a 3 días; la lixiviación sigue → 2.
S11-R03,mineria,agente,i_legal,3,3-4,4,±1,ninguna,Investigación de la autoridad minera y de la superintendencia con clausura preventiva del sector hasta corregir la causa → clausura temporal → 4.
S11-R04,mineria,agente,i_cont,1,1-2,3,más de 1,ninguna,"Transporte: un camión de 22 fuera de servicio 4 a 12 semanas sin el margen de flota (V): degradación menor a la mitad, un nivel abajo de 4 → 3 (A8); clausura de un sector 1–5 días."
S11-R04,mineria,agente,i_legal,3,3-4,4,±1,ninguna,Clausura preventiva del sector y causa penal si hay una muerte → 4.
S11-R04,mineria,agente,v_cont,2,,4,más de 1,ninguna,"Brigada con ambulancia en mina (actuación real 2023-05 a 7 min; simulacro 2026-06: extracción a 31 min), enfermería 24 h, helicóptero sólo de día. Frente al aplastamiento de una cabina, el daño se produce casi completo → 4."
S11-R05,mineria,agente,i_pers,2,1-2,1,±1,ninguna,"No hay personas en el vertedero ni en Q3; aguas abajo, solución diluida en una crecida de 8 a 25 m³/s, sin modelo de dispersión → 1 (techo 2)."
S11-R05,mineria,agente,v_cont,3,3-4,4,±1,ninguna,"Dique de sedimentos en Q3 de 15.000 m³ sin revestimiento, no diseñado para solución, inspección visual 2025-12; neutralización no ensayada en Q3 ni con lluvia (camino cortado 6 h en 2026-02); cierre de la toma en 3 h 40 min sin guardia nocturna. Medidas débiles → 4."
S11-R06,mineria,agente,i_cont,1,,2,±1,ninguna,Fundición detenida 1 o 2 días para la investigación → 2 (la producción se recupera la semana siguiente).
S11-R07,mineria,agente,v_cont,3,2-3,2,±1,ninguna,"Notificación en 48 h y remuestreo (actuación real 2025-04: terminó en requerimiento sin multa); equipo legal y ambiental con relación técnica con la autoridad (actuó en 2023, 2025 y 2026) → probadas que limitan la sanción → 2."
S12-R01,mineria,agente,i_econ,unknown,,4,estado,CH-080 (candidata),"Magnitud (§4.2, paso 3): S12 no tuvo RO positivo en ningún ejercicio (2023–2025) ni ventas, por lo que no existen los pasos 1 y 2. Se usa el presupuesto 2026 de gastos operativos, USD 34 M, como medida económica anual de la organización (la lectura de las anclas habla de 'presupuesto corriente' y de 'corregir el presupuesto del año'). La pérdida por interrupción es el margen de contribución previsto: (USD 13.500 − USD 5.200) × 2.100 t del plan 2027 = USD 17,4 M por año, unos USD 1,45 M por mes (presupuesto 2027 no ejecutado; base inferred). Escenario plausible: capacidad del inventario entre 55% y 80% hasta reponerlo. Reposición de las 220 t USD 16 M + margen perdido por ~30% de capacidad durante 9 meses (0,3 × 9 × USD 1,45 M ≈ USD 3,9 M) ≈ USD 19,9 M / USD 34 M = 59% → 4. Peor creíble: por debajo del 50% no se alcanza la operación comercial y el comprador puede rescindir desde 2027-06 → 5."
S12-R01,mineria,emiliano,i_econ,unknown,,4,estado,CH-080 (candidata),"Sin RO positivo, referencia elegida: presupuesto operativo anual USD 34 M. Reposición USD 16 M + 9 meses × 2.100 t/año × pérdida de capacidad 30% × margen previsto USD 8.300/t ≈ USD 19,92 M /34 M=58,6%, nivel 4. No se descuentan garantía ni reserva. El presupuesto de 2027 se usa como supuesto de producción, no como dato realizado."
S12-R01,mineria,emiliano,i_legal,1,,2,±1,ninguna,"Posible rescisión del comprador por falta de entrega, sin sanción regulatoria; 2 como consecuencia contractual individual."
S12-R01,mineria,agente,v_rec,5,4-5,3,más de 1,CH-081/CH-085 (candidata),"Reserva propia de 22 t (10% del inventario; alcanza para una columna al 80%), con procedimiento de recambio del licenciante de 2025 nunca ensayado: alternativa parcial formal sin prueba → 3 (F5-4B). La fabricación de inventario nuevo (9 meses, sin otro fabricante) es la reposición normal; no hay plan de continuidad."
S12-R01,mineria,emiliano,v_rec,5,4-5,3,más de 1,CH-081/CH-085 (candidata),"22 t de reserva propia, formal, reponen sólo parte de una columna y sin prueba industrial: 3. Reposición ordinaria a nueve meses no mejora V. La garantía contractual es transferencia, no recuperación."
S12-R02,mineria,agente,p,3,1-3,4,±1,CH-084 (candidata),"Antecedente propio: pérdida de 0,4 m³ por una brida en 2026-08, retenida en la bandeja (cuenta aunque se contuvo, §3.1). Una ocurrencia en 2,5 meses de registro da más de una por año en el período con registro → ancla 5 (lectura literal). −1 (§3.4): revisión y torque de las 46 bridas de la línea después de la pérdida, control verificado que el período del antecedente no refleja → 4. Sin +1: las mangueras sin control ya estaban; el aumento a ~100 descargas por año no está presente al corte. Otras fuentes: 5 plantas de la Puna con el mismo reactivo, 3 derrames 2018–2025 (→ 3); registro nacional, 1 cada ~2.500 descargas (sólo descargas, sin altura ni clima; → 1–2)."
S12-R02,mineria,agente,i_econ,unknown,,2,estado,CH-080 (candidata),"Magnitud (§4.2, paso 3): S12 no tuvo RO positivo en ningún ejercicio (2023–2025) ni ventas, por lo que no existen los pasos 1 y 2. Se usa el presupuesto 2026 de gastos operativos, USD 34 M, como medida económica anual de la organización (la lectura de las anclas habla de 'presupuesto corriente' y de 'corregir el presupuesto del año'). La pérdida por interrupción es el margen de contribución previsto: (USD 13.500 − USD 5.200) × 2.100 t del plan 2027 = USD 17,4 M por año, unos USD 1,45 M por mes (presupuesto 2027 no ejecutado; base inferred). Escenario plausible (manguera o brida, sin contención): limpieza y neutralización USD 50–300 mil + reparación USD 30–250 mil + multa USD 10–200 mil + 1 a 3 días sin purificación (hasta USD 0,15 M de margen) ≈ USD 0,6–0,8 M / USD 34 M ≈ 2% → 2. Si es el tanque: 3–5 meses (~USD 6,5 M de margen) → 3."
S12-R02,mineria,agente,v_cont,4,3-4,3,±1,CH-081/CH-085 (candidata),"Dique de 110% con revestimiento antiácido, sin ensayo de estanqueidad (barrera pasiva sin verificación: presente sin prueba); la playa de descarga no tiene dique (canaleta a una pileta de 5 m³ frente a cisternas de 25 m³); cal sin ensayo; duchas y lavaojos con prueba semanal, una congelada en 2026-07; brigada sólo con curso teórico, sin simulacro; sin detectores; enfermero por turno y hospital a 4 h. Medidas que limitan parte del daño, en parte sin prueba → 3."
S12-R03,mineria,agente,p,4,4-5,5,±1,CH-084 (candidata),"Antecedentes propios: igniciones en 2025-11 (embalajes, obra) y 2026-06 (arco en la sala eléctrica 2), 2 en 10 meses de registro ≈ 2,4 por año → ancla 5 (período con registro menor a 3 años). Sin ajuste: las energizaciones, los trabajos en caliente (85% de cumplimiento del vigía) y los relés de arco pendientes en la sala 2 son las condiciones de ese mismo período; el retiro del contratista (2026-12) no es un control presente. La estadística de la aseguradora (1 incendio de más de USD 10 M cada ~30 años-planta) mide otro evento (incendio grande, no ignición) y otra tecnología."
S12-R03,mineria,agente,i_econ,unknown,,4,estado,CH-080 (candidata),"Magnitud (§4.2, paso 3): S12 no tuvo RO positivo en ningún ejercicio (2023–2025) ni ventas, por lo que no existen los pasos 1 y 2. Se usa el presupuesto 2026 de gastos operativos, USD 34 M, como medida económica anual de la organización (la lectura de las anclas habla de 'presupuesto corriente' y de 'corregir el presupuesto del año'). La pérdida por interrupción es el margen de contribución previsto: (USD 13.500 − USD 5.200) × 2.100 t del plan 2027 = USD 17,4 M por año, unos USD 1,45 M por mes (presupuesto 2027 no ejecutado; base inferred). Escenario plausible: ignición en una sala eléctrica sin que nada actúe → tableros de la sala USD 4–5 M + limpieza USD 0,3–2 M + 7 a 9 meses sin producir (~8 × USD 1,45 M = USD 11,6 M) ≈ USD 17 M / USD 34 M = 50% → 4. Peor creíble: galpón de columnas completo (USD 28 M) + 9 meses de material → más de 100% → 5."
S12-R03,mineria,agente,i_pers,3,3-4,4,±1,ninguna,"De 2 a 15 personas en el galpón o la sala según la hora (18 propias de día, hasta 85 del contratista); el arco de 2026-06 ocurrió durante una energización con personal en la sala; humo de PRFV en galpón cerrado. Una muerte plausible sin coincidencias adicionales → 4; varias en el galpón de día → 5 (techo)."
S12-R03,mineria,agente,i_legal,2,2-3,4,más de 1,ninguna,"Con una muerte plausible: investigación de la autoridad minera y de la superintendencia, responsabilidad penal posible de directivos → 4; sin víctimas, notificación ambiental → 3."
S12-R03,mineria,agente,v_rec,4,4-5,3,±1,CH-081/CH-085 (candidata),Un variador de repuesto por tamaño (sin tableros) y 22 t de material de reserva (recambio nunca hecho): alternativa parcial formal sin prueba → 3 (F5-4B). Sin plan de continuidad.
S12-R04,mineria,agente,i_econ,unknown,,5,estado,CH-080 (candidata),"Magnitud (§4.2, paso 3): S12 no tuvo RO positivo en ningún ejercicio (2023–2025) ni ventas, por lo que no existen los pasos 1 y 2. Se usa el presupuesto 2026 de gastos operativos, USD 34 M, como medida económica anual de la organización (la lectura de las anclas habla de 'presupuesto corriente' y de 'corregir el presupuesto del año'). La pérdida por interrupción es el margen de contribución previsto: (USD 13.500 − USD 5.200) × 2.100 t del plan 2027 = USD 17,4 M por año, unos USD 1,45 M por mes (presupuesto 2027 no ejecutado; base inferred). Bruto: sin licenciante, sin control de ciclos desde 2027-04 y sin otro fabricante del material hasta 2034 → la planta pierde la mayor parte de su capacidad por años: margen perdido del orden de USD 11–17 M por año durante varios años, más la garantía de desempeño (USD 8 M) sin quién la cumpla y el riesgo de rescisión del comprador → más que la medida anual de referencia → 5."
S12-R04,mineria,agente,v_rec,4,3-5,3,±1,CH-081/CH-085 (candidata),"Depósito de código fuente y de la receta del material con un agente de depósito (formal, contrato de 2023), nunca verificado ni probado; derecho a fabricar con un tercero sin fabricante identificado; sin plan de continuidad → alternativa formal sin prueba → 3."
S12-R05,mineria,agente,p,3,3-4,4,±1,CH-084 (candidata),"Antecedente propio: 2026-08-03, 55 m³ con pH 4,6–5,8 durante 25 minutos (desvío en manual). Una ocurrencia en 2,5 meses de registro → ancla 5 (lectura literal). −1 (§3.4): enclavamiento del desvío automático agregado el 2026-08-06 y ensayado el 2026-08-20, control verificado posterior al antecedente → 4. Sin +1: la falta de medición de partículas y los cambios de proceso de la puesta en marcha ya estaban. No hay fuentes de comparables ni del sector (primera operación que reinyecta en la región). El desvío y la pileta de contingencia se cargan aquí (actúan antes de la reinyección)."
S12-R05,mineria,emiliano,p,3,3-4,4,±1,ninguna,"Un evento real en 2,5 meses: lectura literal de §3.3 (período menor registrado) da frecuencia anual ≥1, P 5. −1 por enclavamiento nuevo, verificado el 20/08, que impide reinyección fuera de pH: P 4. Alternativa razonable es ancla 4 por un único antecedente y −1=P 3."
S12-R05,mineria,agente,i_econ,unknown,,3,estado,CH-080 (candidata),"Magnitud (§4.2, paso 3): S12 no tuvo RO positivo en ningún ejercicio (2023–2025) ni ventas, por lo que no existen los pasos 1 y 2. Se usa el presupuesto 2026 de gastos operativos, USD 34 M, como medida económica anual de la organización (la lectura de las anclas habla de 'presupuesto corriente' y de 'corregir el presupuesto del año'). La pérdida por interrupción es el margen de contribución previsto: (USD 13.500 − USD 5.200) × 2.100 t del plan 2027 = USD 17,4 M por año, unos USD 1,45 M por mes (presupuesto 2027 no ejecutado; base inferred). Corrección USD 0,3–2 M (assumed, hidrogeólogo) + multa USD 10 mil–1,5 M + suspensión de 2 semanas a 3 meses (hasta ~USD 4,4 M de margen) ≈ USD 3–6 M / USD 34 M ≈ 9–18% → 3."
S12-R05,mineria,emiliano,i_cont,4,3-5,unknown,estado,CH-080 (candidata),"Extracción y producción se detienen con permiso suspendido; falta toda base para duración. La pileta de 4,5 días es V y no resuelve la duración bruta."
S12-R05,mineria,emiliano,v_cont,3,2-3,4,±1,ninguna,"Después de la primera reinyección indebida, monitoreo mensual y aviso incompleto no impiden una parte importante de alteración. El enclavamiento ya reduce P y no recibe segundo crédito aquí: 4."
S12-R05,mineria,agente,v_rec,5,4-5,4,±1,CH-081/CH-085 (candidata),Bombeo de corrección desde los pozos sin procedimiento escrito ni antecedente; la reanudación depende de la autoridad; sin plan → capacidad improvisada → 4.
S12-R05,mineria,emiliano,v_rec,5,4-5,4,±1,ninguna,"Bombeo correctivo sin procedimiento ni ensayo y reanudación dependiente de autoridad: capacidad improvisada, 4; sin capacidad real acreditada sería 5."
S12-R06,mineria,agente,p,2,1-3,3,±1,CH-084 (candidata),"Sin antecedentes propios (los dos disparos de 2026-08 no rompieron el equipo: son precursores). Jerarquía 1: base de confiabilidad, 0,02 fallas mayores por equipo-año, 2 a 4 veces más el primer año (4–8%) → 2. +1 (§3.4): condiciones que esa base no refleja: dos disparos por vibración, devanados 8 °C sobre diseño en días cálidos, 4 de 9 arranques fuera de secuencia por cortes de energía, 3.950 m de altura → 3. Precursores propios dan el mismo ancla 3. El disparo por vibración (prevención) es estándar en estos equipos según el fabricante: no se ajusta."
S12-R06,mineria,agente,i_econ,unknown,,4,estado,CH-080 (candidata),"Magnitud (§4.2, paso 3): S12 no tuvo RO positivo en ningún ejercicio (2023–2025) ni ventas, por lo que no existen los pasos 1 y 2. Se usa el presupuesto 2026 de gastos operativos, USD 34 M, como medida económica anual de la organización (la lectura de las anclas habla de 'presupuesto corriente' y de 'corregir el presupuesto del año'). La pérdida por interrupción es el margen de contribución previsto: (USD 13.500 − USD 5.200) × 2.100 t del plan 2027 = USD 17,4 M por año, unos USD 1,45 M por mes (presupuesto 2027 no ejecutado; base inferred). Escenario plausible (daño del rotor, la causa con precursores): reparación en fábrica USD 1,2 M + 7 a 9 meses sin producir (~8 × USD 1,45 M = USD 11,6 M) ≈ USD 12,8 M / USD 34 M = 38% → 4. Sellos y rodamientos → 3; compresor nuevo y rescisión del comprador → 5."
S12-R06,mineria,agente,v_rec,4,3-4,5,±1,ninguna,Ósmosis inversa sola ensayada en 2026-07: 28% del eluido concentrado y ningún carbonato producido; repuestos de sellos y rodamientos sin uso y que no sirven si el daño es del rotor; sin evaporador de alquiler en la región; sin plan. Para el escenario del rotor nada acorta la reposición → 5.
S14-R01,servicios-a-personas,agente,p,4,3-4,3,±1,CH-084 (candidata),"Fuente de mayor jerarquía: historia propia representativa (actas desde 2016, 10 años). Antecedente propio 2023-11-18 (boda, Salmonella), dentro de los últimos 36 meses y con frecuencia menor a una vez por año: ancla 4. Ajuste −1 (§3.4.1): desde 2024-02 el plan de inocuidad revisado usa sólo huevo pasteurizado y prohibió la mayonesa casera, verificado sin desvíos en auditorías 2024-09 y 2025-09; ese control no existía al momento del antecedente. Sin +1: los faltantes de registro de temperatura (auditoría 2025-09), el emplatado de 40–70 min y la rotación de 164 eventuales están presentes, pero la ficha no dice que no existieran en el período de los antecedentes, así que no hay hecho escrito para sostenerlo (AN). Sector: 9 brotes en salones de la provincia 2021–2025, sin denominador (jerarquía 4, sólo observación). Rango 3–4 por el +1 discutible."
S14-R01,servicios-a-personas,emiliano,p,4,3-4,3,±1,CH-084 (candidata),"Brote noviembre 2023 dentro de 36 meses:4. −1 por huevo pasteurizado y prohibición de mayonesa casera desde 2024, verificados y posteriores al antecedente. No se añaden condiciones de emplatado sin demostrar cambio contra ese período."
S14-R01,servicios-a-personas,emiliano,v_cont,4,3-4,3,±1,ninguna,"Protocolo escrito sin ensayo, muestras con faltantes y atención médica con tiempos conocidos:3 por capacidad parcial presente. No se acredita prevención del consumo ya ocurrido."
S14-R01,servicios-a-personas,emiliano,v_rec,2,2-3,3,±1,ninguna,"Cocina alternativa cubrió 9/11 eventos en 2023, pero sacrificó almuerzos del restaurante y no grandes bodas; recuperación parcial probada:3."
S14-R02,servicios-a-personas,agente,v_rec,no_aplica,,5,estado,ninguna (no_aplica no cambió),"Para el afectado no hay nada que restablecer; lo que se interrumpe es la piscina, que se reabre cuando la autoridad levanta la clausura, sin plan de reapertura → 5 (se espera la reposición normal). No se marca no_aplica porque hay una interrupción (no crítica) y una pérdida de margen del spa."
S14-R03,servicios-a-personas,agente,i_pers,4,4-5,5,±1,ninguna,"Escenario bruto (sin detección, rociadores, presurización ni brigada, que son V): ignición nocturna en un piso de los niveles 3 a 7 (22 habitaciones, unos 40 huéspedes; 50 en temporada alta; 66 habitaciones más por encima), huéspedes dormidos, menores y mayores que no se evacúan solos, 10 personas de personal. Más de una muerte plausible por humo → 5. Mínimo 4 (una muerte)."
S14-R04,servicios-a-personas,agente,p,4,4-5,5,±1,CH-084 (candidata),"Registro propio de análisis mensuales desde 2022-03 (4,5 años): dos superaciones del umbral en los últimos 36 meses (2024-01-17 y 2025-12-09), frecuencia 0,67/año → ancla 4. Ajuste +1 (§3.4.2): desde 2026-07 la caldera del spa tiene una resistencia con falla intermitente y el acumulador salió a 52–55 °C en 3 de 12 controles, sin repuesto; es una degradación nueva que el período de los antecedentes no refleja → 5. Sin −1: no hay control preventivo nuevo verificado. Comparables (laboratorio): 11% de los análisis de hidromasajes de hoteles sobre 1.000 UFC/L en 2025, frente a 4% del hotel. El registro propio tiene menos de 5 años (AN). Rango 4–5."
S14-R04,servicios-a-personas,agente,v_cont,3,2-3,4,±1,ninguna,Detección por análisis mensual con retraso de hasta 30 días más 10 de laboratorio; protocolo de positivo probado (actuaciones 2024-01 y 2025-12: cierre del punto el mismo día del informe); no se avisa a los usuarios de las semanas previas; separación de circuitos sin verificar en 12 meses. Detección tardía: la exposición se produce casi completa antes de actuar → 4. Mínimo 3 porque el cierre probado corta la exposición posterior.
S14-R05,servicios-a-personas,agente,i_cont,2,1-2,3,±1,ninguna,"Bruto sin copias ni operación manual (que son V): recepción, reservas, facturación y cerraduras integradas sin sistema durante la reinstalación normal de 1–2 semanas → más de 3 días y hasta 2 semanas → 3. Mínimo 2 si se lee como degradación de menos de la mitad del alojamiento (los huéspedes alojados siguen) (AN)."
S14-R05,servicios-a-personas,agente,i_legal,2,2-3,3,±1,ninguna,Un atacante que ejecuta código en el servidor accede a los datos personales de huéspedes que contiene: notificación obligatoria a la autoridad de datos y a los titulares → 3. Mínimo 2 si se demostrara que no hubo acceso a datos.
S14-R05,servicios-a-personas,agente,v_cont,4,4-5,5,±1,ninguna,"Sin herramienta de aislamiento (se desconectan cables, sin procedimiento ni ensayo), sin segmentación de red, sin contrato de respuesta, antivirus tradicional. Los permisos por rol (revisados 2026-02) no limitan un cifrado en el servidor. Nada contiene → 5. Mínimo 4."
S14-R06,servicios-a-personas,agente,i_pers,3,3-4,2,±1,ninguna,"Una persona por evento. De 32 caídas, 30 fueron contusiones o cortes con atención médica sin internación → 2. Máximo 3: fractura de cadera con cirugía e internación de 9 días (2024-08) en huéspedes mayores (17% de las llegadas)."
S14-R06,servicios-a-personas,agente,i_legal,2,,1,±1,ninguna,En la caída típica no hay consecuencia jurídica (2 reclamos en 32 caídas) → 1. Máximo 2: reclamo civil individual acotado.
S26-R01,servicios-a-personas,agente,i_econ,4,3-5,5,±1,ninguna,"Magnitud de referencia: RO 2023–2025 negativos (−0,2; −0,6; −0,3 M) y ningún ejercicio positivo en tres años, así que uso la opción 3 de §4.2: EBITDA 2025 USD 2,4 M (RO + amortizaciones, auditado), la medida más cercana al RO (AN). Bruto sin grupos, UPS ni baterías: 9 pacientes ventilados en promedio sin ventilación; con 6 a 9 muertes × USD 200–600 mil (asesor legal) ≈ USD 2,4–3,6 M, más equipos dañados (USD 18 mil en 2025-01) y cirugías suspendidas: ≥ 100% del EBITDA → 5. Mínimo 4 con menos muertes (3 × USD 0,4 M = 50%)."
S26-R02,servicios-a-personas,agente,p,3,3-4,4,±1,CH-084 (candidata),"Jerarquía 1: red nacional, 18% anual de terapias de 10–20 camas con al menos un brote (210 unidades) → 3 (15–40%). Ajuste +1 (§3.4.2): la adherencia a higiene de manos de la clínica (62% en 2026-T2) es peor que la mediana de la red (68%) y hubo colonizados en sala abierta por falta de boxes; el dato de la red no refleja esas condiciones → 4. Jerarquía 2: registro propio de 7,5 años con brotes en 2022-05 y 2024-08 (este dentro de 36 meses) → 4, y con la caída de adherencia de 71% a 62% sería 5. Las fuentes 1 y 2 divergen: rango 4–5 y uncertainty medium. Criterio de brote de la red y del comité sin confirmar."
S26-R02,servicios-a-personas,agente,v_rec,2,2-3,3,±1,ninguna,"Dos convenios firmados de derivación (2023) con actuación real en 2024-08 (3 pacientes derivados en 19 días, traslados en 2–5 h): alternativa probada que cubre una parte de la función → 3. Reapertura con dos hisopados negativos."
S26-R03,servicios-a-personas,agente,i_legal,3,2-4,2,±1,ninguna,Con un daño grave transitorio: reclamo civil individual o actuación de la autoridad → 2 (en los 4 casos propios no hubo reclamos). Máximo 4 si hay muerte o daño permanente (denuncia penal contra profesionales y directivos).
S26-R03,servicios-a-personas,agente,v_cont,2,2-3,3,±1,ninguna,"Equipo de respuesta rápida probado (41 activaciones en 2025, llegada media 4 min, reanimación exitosa en 2025-02) y antídotos completos en los carros (12 de 12, 2026-09), pero fuera de terapia intensiva los signos vitales se controlan cada 6 h, sin monitoreo continuo: la detección del deterioro puede ser tardía. Limitan parte del daño y una parte importante se produce → 3. Mínimo 2."
S26-R04,servicios-a-personas,agente,p,4,,3,±1,CH-084 (candidata),"Historia propia (mantenimiento y telemetría desde 2019, 7 años): caída de presión de red el 2025-08-21 por rotura de una válvula de vaporizador (contenida por el colector) → antecedente dentro de 36 meses → 4. Ajuste −1 (§3.4.1): después de 2025-08 se reemplazaron las válvulas de salida de los dos vaporizadores y el mantenimiento de 2026-07 no tuvo observaciones; ese control no existía al momento del antecedente → 3. Sin +1: las demoras del proveedor ya existían en el período (2021-07); los 3 días bajo 30% de 2026 son del mismo tipo. Comparables: 2 caídas en la provincia 2021–2025 → también 3."
S26-R05,servicios-a-personas,agente,p,4,3-4,3,±1,CH-084 (candidata),"Historia propia (2018–2026, 8 años): sin cifrado de servidores; en 2024-11 un cifrado alcanzó 2 puestos de facturación y no llegó a los servidores = precursor → ancla 3. Comparables: 5 instituciones de salud de la región cifradas en 2022–2025 (2 en 2025) → 3; no llega a ""varias veces por año"" del ancla 4 (AN). Encuesta sectorial 14% (n = 95) tomada como sector, no jerarquía 1 (autodeclarada, representatividad no confirmada). Sin ajustes documentados contra el período propio."
S26-R05,servicios-a-personas,agente,i_cont,2,2-3,4,más de 1,ninguna,"Bruto sin papel ni copias (que son V): historia clínica, turnos, laboratorio y farmacia sin sistema hasta reconstruir; en los comparables, 6 a 24 días; equipos 2–6 semanas. Ambulatorio y cirugía programada pierden más de la mitad de su capacidad → más de 2 semanas → 4. Mínimo 3 (6 días)."
S26-R05,servicios-a-personas,agente,v_rec,unknown,2-5,3,estado,CH-081/CH-085 (candidata),"Contingencia en papel escrita (2023) y probada sólo en la guardia por 4 h (simulacro 2025-10): cubre una parte → 3. Copias: disco en la misma sala y cinta fuera del sitio; última restauración probada 2024-06 (archivos, no la base clínica) y no se sabe si la cinta incluye la base migrada en 2025-11. Máximo 5 si las copias no sirven."
S26-R06,servicios-a-personas,agente,p,3,2-4,2,±1,CH-084 (candidata),"Jerarquía 1: tasa internacional de 1 a 2 fuegos quirúrgicos cada 100.000 cirugías; con 7.800 cirugías, 8%–16% anual → 2 (5–15%; sólo el extremo superior pasa a 3). Jerarquía 2: actas del comité desde 2016 (10 años, no sistemáticas) con una ignición el 2023-04-17, dentro de 36 meses → 4. Divergen: p_valor es el de la fuente de mayor jerarquía (§3.2) y el rango cubre las dos (2–4), uncertainty medium. Sin ajuste: no hay dato de cómo se comparan con el sector el secado del antiséptico (9 de 40 sin esperar) ni la lista de verificación (88%). Comparables provinciales sin incendios 2016–2025."
S26-R06,servicios-a-personas,agente,v_cont,3,,2,±1,ninguna,"Respuesta del equipo quirúrgico probada: actuación real 2023-04 (apagado en segundos) y simulacro 2025-11 (pasos en 50 s); extintores de CO2 en los 6 quirófanos. Limitan el daño al paciente del campo (parte acotada) → 2. Pero no hay rociadores, la detección no está dentro de los quirófanos, las compuertas de conductos hacia terapia intensiva no tienen prueba y la evacuación de anestesiados sólo tuvo ejercicio de mesa: máximo 3."
S26-R07,servicios-a-personas,agente,v_cont,3,,4,±1,ninguna,"Derivación por convenios con actuación real 2024-08 (3 pacientes), pero nunca 14 a la vez y las clínicas receptoras están al 80–95% de ocupación; ambulancias contratadas (3 unidades). Una vez dictada la suspensión, el cierre del servicio y la pérdida se producen casi completos; la derivación sólo limita el daño a los pacientes → 4."
S26-R07,servicios-a-personas,agente,v_rec,4,3-4,5,±1,CH-081/CH-085 (candidata),"Rehabilitar exige corregir (enfermeros 6–10 semanas, obra de 8 semanas sin fecha) y esperar la reinspección (3–8 semanas); no hay plan escrito: se espera la reposición normal → 5."
S35-R01,servicios-a-personas,agente,v_cont,4,,5,±1,ninguna,"Sin muestras testigo en eventos sociales, sin procedimiento ni lista para avisar a invitados (en 2025-12 se supo 30 h después), servicio médico sólo en eventos de más de 1.000 personas: una vez servida la comida nada contiene → 5."
S35-R03,servicios-a-personas,agente,i_econ,2,2-3,1,±1,ninguna,"RO 2025 USD 255 mil (sin partidas extraordinarias). La aseguradora paga prestaciones y salarios; quedan multa laboral posible (USD 2–20 mil), demora del montaje (USD 1–3 mil) y alícuota (USD 6 mil/año). Caída típica ≈ USD 1–3 mil = < 2% → 1. Máximo 3 con acción civil por incapacidad permanente (USD 30–120 mil = 12%–47%; el tope del rango de tres niveles lo deja en 3)."
S35-R03,servicios-a-personas,agente,i_pers,3,3-4,2,±1,ninguna,"Un montajista por caída. 8 de 10 caídas propias desde escalera, con contusiones y 2–20 días de baja → lesión leve con atención médica → 2. Máximo 4: desde truss de 5–8 m, paraplejia o muerte (en 2025-11, fractura vertebral desde 5 m)."
S35-R04,servicios-a-personas,agente,v_rec,2,,3,±1,ninguna,"Segundo remolque propio y cocina bajo carpa, en uso habitual, permiten seguir con los eventos siguientes; en temporada alta los dos remolques están ocupados; alquiler sin contrato. Alternativa que cubre una parte → 3."
S35-R06,servicios-a-personas,agente,v_cont,2,2-3,3,±1,ninguna,"Congelado de comida elaborada (USD 4 mil recuperados en 2025) y aviso a eventuales con más de 24 h (3 de 5 en 2025): probadas, frenan una parte de la pérdida y una parte importante se produce → 3."
S35-R06,servicios-a-personas,agente,v_rec,2,,3,±1,ninguna,"Reprogramación dentro de 60 días con cobro completo en 9 de 18 cancelaciones desde 2023: alternativa probada que repone una parte de lo perdido → 3 (la ficha la lista como contención; por §5.1 es recuperación, AN)."
S36-R01,servicios-a-personas,agente,i_econ,2,,3,±1,ninguna,"Magnitud de referencia: RO negativo en 2023–2025 (−40, −90 normalizado y −20 mil) y ningún ejercicio positivo, así que uso la opción 3 de §4.2: fondo de reserva al 2025-12-31, USD 350 mil, como capacidad de absorber una pérdida en el año (el colegio no calcula margen; usar ingresos, USD 6 M, daría niveles mucho más bajos) (AN). Cortes: 2% = USD 7 mil; 10% = 35 mil; 30% = 105 mil; 100% = 350 mil. Plausible: choque urbano de una combi como el de 2024 (varios contusos y una o dos fracturas): reclamos al colegio por alumnos lesionados (USD 20–80 mil con internación) y defensa USD 20–50 mil ≈ USD 50–100 mil = 14%–29% → 3. Máximo 5: vuelco de un micro en ruta con alumnos fallecidos (USD 150–400 mil cada uno). El seguro del transportista no se descuenta (D17)."
S36-R01,servicios-a-personas,agente,v_rec,no_aplica,,2,estado,ninguna (no_aplica no cambió),"Reemplazo del vehículo por contrato en 48 h, cumplido al día siguiente en 2024-05 (actuación real): alternativa probada que restablece el recorrido en días → 2. Nada que restablecer para los alumnos lesionados."
S36-R02,servicios-a-personas,agente,i_pers,3,3-4,1,más de 1,ninguna,"Un alumno por evento. De unas 118 atenciones anuales, unas 98 se resuelven en enfermería (primeros auxilios) → 1. Máximo 3 (fractura o traumatismo de cráneo con internación, 2025-06). La muerte por caída de un arco móvil (sector, 2019) queda fuera del rango de tres niveles (AN)."
S36-R02,servicios-a-personas,agente,i_legal,2,,1,±1,ninguna,Golpe típico: sin consecuencia jurídica → 1. Máximo 3 (derivación con comunicación a la supervisión y reclamo; investigación penal sólo con una muerte).
S36-R02,servicios-a-personas,agente,v_cont,2,2-3,3,±1,ninguna,"Enfermería probada (mediana 3 min de llamada a atención), emergencias 8–15 min, aviso a familias en menos de 30 min en las 20 derivaciones de 2025, 34 de 100 docentes con primeros auxilios. Probadas, pero la lesión ya se produjo en la caída: limitan el agravamiento → 3."
S36-R03,servicios-a-personas,agente,i_econ,3,,5,más de 1,ninguna,"Magnitud de referencia: RO negativo en 2023–2025 (−40, −90 normalizado y −20 mil) y ningún ejercicio positivo, así que uso la opción 3 de §4.2: fondo de reserva al 2025-12-31, USD 350 mil, como capacidad de absorber una pérdida en el año (el colegio no calcula margen; usar ingresos, USD 6 M, daría niveles mucho más bajos) (AN). Cortes: 2% = USD 7 mil; 10% = 35 mil; 30% = 105 mil; 100% = 350 mil. Daño de un piso USD 0,5–1,5 M (USD 1.430/m² × 2.100 m²) más aulas alternativas USD 30–60 mil por mes: ≥ 140% del fondo de reserva → 5, sin contar reclamos ni bajas."
S36-R03,servicios-a-personas,emiliano,i_econ,3,,unknown,estado,CH-080 (candidata),"Sin RO positivo: referencia ingresos anualesUSD 6 M (§4.2). Daño 0,5–1,5 M y reclamos 20–80 mil por internado/150–400 mil por fallecido, sin cantidad defendible. Nivel 2 por daño menor a≥5 con víctimas múltiples; unknown 2–5. Alquiler alternativo no reduce bruto y cuotas siguen; no se suma fuga reputacional de matrícula."
S36-R03,servicios-a-personas,agente,i_pers,4,4-5,5,±1,ninguna,"Bruto sin alarma, extintores ni evacuación: humo que sube por la escalera principal abierta con 270 alumnos de 9–12 años en el primer piso y 90 niños de 3–5 años en planta baja que no se evacúan solos; 640–710 personas por turno. Más de una muerte plausible → 5. Mínimo 4."
S36-R03,servicios-a-personas,emiliano,i_pers,4,4-5,5,±1,ninguna,"640–710 personas, hasta 1.000 en cambio de turno, 90 menores de 3–5 años por turno, escaleras abiertas sin sectorización; sin evacuación ni supresión son plausibles muertes múltiples:5."
S36-R03,servicios-a-personas,emiliano,i_cont,4,3-5,5,±1,ninguna,"Escenario bruto con un piso a rehacer 3–6 meses; se elige 5 por duración central>3 meses. Daño sólo humo 1–4 semanas deja rango 3–5, sin usar aulas alternativas."
S36-R03,servicios-a-personas,agente,v_rec,4,3-4,3,±1,CH-081/CH-085 (candidata),"Gimnasio propio separado (8–10 grupos, no probado: alternativa parcial formal propia sin prueba, §5.4 F5-4B) y plataforma de clases a distancia usada en 2020–2021; acuerdos verbales con parroquia y club nunca usados; sin plan de continuidad → 3."
S36-R03,servicios-a-personas,emiliano,v_rec,4,3-4,3,±1,CH-081/CH-085 (candidata),"Plataforma y gimnasio propios constituyen alternativa formal parcial sin ensayo integral reciente, nivel 3. Parroquia y club son sólo verbales y no mejoran a 1/2."
S36-R04,servicios-a-personas,agente,i_econ,1,,3,más de 1,ninguna,"Magnitud de referencia: RO negativo en 2023–2025 (−40, −90 normalizado y −20 mil) y ningún ejercicio positivo, así que uso la opción 3 de §4.2: fondo de reserva al 2025-12-31, USD 350 mil, como capacidad de absorber una pérdida en el año (el colegio no calcula margen; usar ingresos, USD 6 M, daría niveles mucho más bajos) (AN). Cortes: 2% = USD 7 mil; 10% = 35 mil; 30% = 105 mil; 100% = 350 mil. Plausible: maltrato con daño psicológico: bajas de matrícula como en 2024 (6 × USD 4.400 = USD 26 mil), defensa USD 20–60 mil y un reclamo posible: ≈ USD 50–100 mil = 14%–29% → 3. Mínimo 2 (2024: sólo bajas, 7,5%); máximo 4 (abuso sexual con reclamo de USD 150–400 mil llegaría a 5, fuera del rango de tres niveles)."
S36-R04,servicios-a-personas,emiliano,i_econ,1,,2,±1,ninguna,"Referencia ingresosUSD 6 M porque no hay RO positivo. Caso supuestoUSD 150 mil de reclamo+USD 40 mil honorarios=190 mil/6 M=3,17%, nivel 2. Extremos 50–460 mil=0,83–7,67%, rango 1–2. Bajas reputacionales de matrícula quedan fuera deI (D 13)."
S36-R04,servicios-a-personas,emiliano,i_pers,3,3-4,4,±1,ninguna,"Abuso sexual dentro del escenario puede causar daño psicológico permanente en un alumno:4 por irreversible grave. Rango 2–4 por amplitud física, verbal y sexual; no se afirma que los cuatro niños del antecedente sufran daño permanente."
S36-R04,servicios-a-personas,emiliano,i_legal,3,3-4,4,±1,ninguna,Denuncia y sumario; responsabilidad penal posible de directivos por omisión:4. Intervención de conducción podría interpretarse 5 de administración por autoridad; se conserva techo 5 y mínimo 3.
S36-R04,servicios-a-personas,agente,v_cont,2,,3,±1,ninguna,"Protocolo de protección (2024-10) con los mismos pasos que se aplicaron en 2024-09 (actuación real: apartamiento en 24 h, denuncia en 48 h); canal de denuncia. La detección depende de familias y alumnos (el maltrato de 2024 era reiterado antes de la denuncia): limita parte del daño y deja una parte importante → 3."
S36-R04,servicios-a-personas,emiliano,v_cont,2,,3,±1,ninguna,"Apartamiento en 24 h en 2024 evita reiteración, pero daños previos no se revierten y quejas se detectan tarde;3 como protección parcial.2 alternativo si se acredita alcance acotado."
S36-R05,servicios-a-personas,agente,i_econ,1,,2,±1,ninguna,"Magnitud de referencia: RO negativo en 2023–2025 (−40, −90 normalizado y −20 mil) y ningún ejercicio positivo, así que uso la opción 3 de §4.2: fondo de reserva al 2025-12-31, USD 350 mil, como capacidad de absorber una pérdida en el año (el colegio no calcula margen; usar ingresos, USD 6 M, daría niveles mucho más bajos) (AN). Cortes: 2% = USD 7 mil; 10% = 35 mil; 30% = 105 mil; 100% = 350 mil. Asesoramiento y notificación USD 4 mil (2025) y multa posible de USD 1–100 mil por datos de salud de menores: plausible ≈ USD 4 mil + 20 mil = 6,9% → 2. Máximo 4 con la multa máxima (≈ 30%)."
S36-R06,servicios-a-personas,agente,i_econ,1,,2,±1,ninguna,"Magnitud de referencia: RO negativo en 2023–2025 (−40, −90 normalizado y −20 mil) y ningún ejercicio positivo, así que uso la opción 3 de §4.2: fondo de reserva al 2025-12-31, USD 350 mil, como capacidad de absorber una pérdida en el año (el colegio no calcula margen; usar ingresos, USD 6 M, daría niveles mucho más bajos) (AN). Cortes: 2% = USD 7 mil; 10% = 35 mil; 30% = 105 mil; 100% = 350 mil. Reintegro del servicio a familias (USD 4,4 mil en 2023) y gastos médicos de unos 27 alumnos no cubiertos (USD 0,5–2 mil c/u): ≈ USD 20–30 mil = 6%–9% → 2. La multa recae en el concesionario. Máximo 3."
S36-R06,servicios-a-personas,agente,i_legal,2,2-3,4,más de 1,ninguna,"Notificación del brote, inspección y clausura preventiva del comedor (4 días en 2023) = clausura temporal → 4 por lectura literal. Mínimo 3 si se lee que la clausura de un sector concesionado no es la del ancla 4."
S36-R06,servicios-a-personas,agente,v_cont,3,2-3,4,±1,ninguna,"Enfermería y aviso a las 380 familias el mismo día (actuación real 2023-06, hace más de 3 años); suspensión del servicio en el día; muestras testigo ausentes en 3 de 10 días auditados. Una vez servida la comida el daño se produce casi completo → 4."
S36-R06,servicios-a-personas,agente,v_rec,2,,4,más de 1,CH-081/CH-085 (candidata),"Vianda familiar (92% en 2023, hace más de 3 años) y rescisión del contrato con 30 días; sin otro proveedor acordado: capacidad no escrita que cubre poco → 4."
S36-R07,servicios-a-personas,agente,p,unknown,1-4,3,estado,CH-084 (candidata),"Historia propia (mantenimiento desde 2005): sin daño estructural registrado; el sismo de intensidad V del 2024-10 dejó fisuras nuevas en tabiques y una fisura diagonal en un muro de la escalera que nadie pudo calificar: es al menos un precursor (ocurrió la causa sin evento confirmado) → ancla 3. Si la fisura del muro fuera estructural sería un antecedente dentro de 36 meses (4). El dato sismológico (4 sismos ≥ VI en 50 años) es del peligro, no de la rotura de este edificio: acota por arriba (≈ 8% anual de sacudida fuerte) pero no fija el nivel; leído como jerarquía 1 daría 2. Rango 2–4, uncertainty high."
S36-R07,servicios-a-personas,agente,i_pers,4,3-5,unknown,estado,CH-080 (candidata),"Falta saber el estado de la estructura y con qué daño rompe, y el evento puede ocurrir en horario de clase (23% de las horas del año: 640 a 1.000 personas, 90 niños de 3–5 años en planta baja; varias víctimas, 5) o fuera de él (77%: 1 a 3 personas de maestranza; 2–3). La ficha no da base para preferir un nivel dentro de 2–5 (más de tres niveles) → unknown (§9.2)."
S36-R07,servicios-a-personas,agente,v_cont,3,,4,±1,ninguna,"Protocolo de sismo con actuación real 2024-10 (evacuación sin lesionados, pero sin caída de elementos) y simulacro 2025-09-11 sólo en el turno mañana (más de 12 meses); sin capacidad de búsqueda y rescate; emergencias de 8–15 min sin contar demanda simultánea. Nada contiene el daño al edificio y la protección de personas es parcial → 4."
S36-R07,servicios-a-personas,agente,v_rec,4,,3,±1,CH-081/CH-085 (candidata),"Gimnasio propio en estructura separada (8–10 grupos, no probado: alternativa parcial formal propia, §5.4 F5-4B), clases a distancia usadas en 2020–2021 sin plan para nivel inicial, acuerdos verbales nunca usados, sin plan de continuidad → 3."
S04-R02,tecnologia-y-pagos,agente,p,3,2-4,2,±1,CH-084 (candidata),"Historia propia (7 años de registro) sin ocurrencias del evento: descarta 4 y 5. Jerarquía 1: encuesta sectorial de la cámara, 3 casos en 76 empresas-año (3,9% < 5%) → 1; +1 (§3.4.2) por condiciones peores que el sector que la fuente no refleja: segundo factor en 70% de las identidades (58% del sector lo tiene en todas), copias en la misma cuenta (45% del sector las tiene fuera), 14 vulnerabilidades críticas abiertas > 30 días, 9 claves sin rotar → 2. Jerarquía 2 diverge: precursores propios (2025-03 contraseña escrita bloqueada por segundo factor; 2026-02 12.400 intentos de fuerza bruta) → ancla 3. Rango 2–3 por divergencia; max 4 por la lectura que usa el comparable de la misma ciudad (2025-06) +1 (ver anomalía)."
S04-R02,tecnologia-y-pagos,agente,v_rec,4,3-5,3,±1,CH-081/CH-085 (candidata),"Instantáneas diarias y registro de transacciones en la misma cuenta, borrables por 11 administradores; última restauración ensayada 2024-05 (más de 12 meses, sólo la base). Exportación semanal a disco de la oficina nunca restaurada completa. Alternativa formal presente sin prueba → 3; max 4 si el atacante borra las copias de la cuenta."
S04-R03,tecnologia-y-pagos,agente,i_econ,unknown,2-5,2,estado,CH-080 (candidata),"Escenario plausible: un contenedor con una exportación o copia de una cartera (como el de 2025-09, 18.200 registros). Asesoría legal y forense USD 50–90 mil + notificación USD 0,08 por titular + multa baja sin antecedentes + reclamo del cliente afectado ≈ USD 60–150 mil / RO 2025 USD 2,0 M (último ejercicio cerrado, positivo, sin partidas extraordinarias; EV-S04-001) = 3–7,5% → 2. Max 4: varias carteras expuestas, multa alta y reclamos fuera del límite por confidencialidad. Número de titulares desconocido (dato auxiliar, §9.2 F5-1)."
S04-R04,tecnologia-y-pagos,agente,v_cont,3,3-4,4,±1,CH-081/CH-085 (candidata),"Alerta por volumen probada (actuación real 2026-03: avisó a los 4 min, pero la guardia la revisó al día siguiente); no alerta sobre cambios de datos bancarios ni sobre 'entrar como'; número de pedido no validado; bloqueo en minutos sólo si se detecta. Rol de soporte sin restricción por cliente (barrera pasiva inexistente, permisos sin revisar desde 2024-08). Detección tardía o por terceros en la variante de pagos → 4 (min 3)."
S04-R05,tecnologia-y-pagos,agente,i_econ,4,3-4,3,±1,ninguna,"Orden de trabajo del cliente principal (entrega 2027-03, 70% del pendiente toca el módulo): con 9–14 meses hasta tener reemplazo, la demora > 60 días es plausible → penalidad USD 300 mil + búsquedas USD 40 mil ≈ USD 340 mil / RO 2025 USD 2,0 M (último ejercicio cerrado, positivo, sin partidas extraordinarias; EV-S04-001) = 17% → 3. Max 4: si además rescinde la orden, devolución de USD 360 mil + margen de lo pendiente (20% de USD 540 mil) ≈ USD 770 mil = 38%."
S04-R05,tecnologia-y-pagos,agente,v_cont,4,,3,±1,ninguna,"Desarrollador en formación desde 2026-04: en la prueba de 2026-08 resolvió solo 2 de 4 incidentes del módulo (ensayo documentado en 12 meses, cubre una parte); preaviso de 30 días sin procedimiento de transferencia. Limita parte del daño y deja pasar una parte importante → 3 (max 4)."
S04-R05,tecnologia-y-pagos,emiliano,v_cont,4,,3,±1,ninguna,"Desarrollador en formación resolvió 2 de 4 incidentes, y preaviso sin procedimiento: se limita parte del daño pero queda parte importante, nivel 3."
S04-R05,tecnologia-y-pagos,emiliano,v_rec,4,3-4,3,±1,CH-081/CH-085 (candidata),"Documentación propia del 20% y formación parcial son alternativas formales sin cobertura completa. Cotización externa sin contratar no prueba capacidad operativa; nivel 3, con 4 alternativo."
S04-R07,tecnologia-y-pagos,agente,v_cont,5,3-5,3,más de 1,ninguna,"Monitoreo cada minuto con guardia (actuó en los 6 meses, 3–11 min), vuelta atrás automatizada (probada; falló una vez en 2026-05) y gestión de la relación (2024-11: el cliente aceptó crédito y descuento) limitan el tramo del crédito y el reclamo, pero el crédito del 10% se produce completo → 3 (min 2)."
S29-P01-S01,tecnologia-y-pagos,agente,i_legal,3,2-3,2,±1,ninguna,"Notificación obligatoria al regulador dentro de 4 h por interrupción > 30 min (en 2025-06 se notificó, sin multa); la notificación en plazo no es infracción → 2. Max 3: plan de adecuación si el regulador juzga mal gestionada la dependencia. Ver anomalía sobre el ancla 3."
S29-P01-S01,tecnologia-y-pagos,agente,v_cont,3,3-4,2,±1,CH-081/CH-085 (candidata),"Credenciales de 12 h (ejercicio 2026-02: la autorización siguió respondiendo con identidad bloqueada 2 h) y segundo proveedor de nombres (ejercicio 2026-04): probadas, cubren 2 de los 3 tipos de falla global conocidos y evitan que la función se detenga (contención, §5.1 [F5-2]). Autorización de respaldo de las redes probada en 2025-06 (41% de los pagos). Para otros servicios globales (plano de control, dependencias no informadas) sólo queda el respaldo de las redes. Probadas que limitan a una parte acotada → 2 (min 1, max 3)."
S29-P01-S01,tecnologia-y-pagos,agente,v_rec,5,4-5,3,más de 1,ninguna,Esperar al proveedor (volvió en 52 min en 2025-06) y reprocesamiento automático de los comercios en línea durante 24 h (actuación real 2025-06: recuperó el 18% de los pagos rechazados): alternativa probada que repone sólo una parte → 3 (max 4). Sin tercera región ni segundo proveedor.
S29-P01-S02,tecnologia-y-pagos,agente,p,2,1-3,1,±1,CH-084 (candidata),"Historia propia de 8 años sin el evento: descarta 4 y 5. Jerarquía 1: equipo de respuesta sectorial, 12 casos en ≈420 entidades-año (2,9% < 5%) → 1; −1 por controles mejores que el sector (llaves físicas en todo acceso privilegiado frente al 35%) no baja de 1. Jerarquía 2 diverge: precursores propios (equipo rojo 2026-03 con administración de la red corporativa sin pasar a producción; campaña real 2026-06 con 12 clics) → ancla 3; comparable de un país vecino en 2024-09 (jerarquía 3) también 3. Rango 1–3 (§3.2)."
S29-P01-S02,tecnologia-y-pagos,agente,v_rec,2,1-3,1,±1,ninguna,Copias inmutables diarias en una tercera cuenta (bloqueo 35 días); restauración completa de la autorización ensayada 2026-07-15: 7 h 40 min hasta procesar pagos en una región → alternativa probada que restablece la función crítica en horas → 1. Max 2: la reconstrucción de las dos regiones no se ensayó (plan: 26 h).
S29-P01-S03,tecnologia-y-pagos,agente,i_legal,3,2-3,2,±1,ninguna,"Notificación obligatoria al regulador si supera 30 min (5 de 11 casos notificados, ninguno con requerimiento posterior) → 2; max 3. Ver anomalía sobre el ancla 3."
S29-P01-S03,tecnologia-y-pagos,agente,v_cont,2,1-2,1,±1,ninguna,"Despliegue gradual con vuelta atrás automática: actuaciones reales 2025-10 (3 min) y 2026-04 (6 min), con sólo el 5% del tráfico de una región afectado: probadas, actúan solas en minutos y dejan un incidente menor → 1. Max 2: no actúa si el defecto aparece después de la etapa del 5% (queda la guardia, 2–9 min)."
S29-R04,tecnologia-y-pagos,agente,p,2,1-3,1,±1,CH-084 (candidata),"Jerarquía 1: estadística de una red de tarjetas, 3 compromisos con credenciales privilegiadas internas en ≈1.800 empresas-año (0,17% < 5%) → 1; sin ajuste (no hay comparación de controles con el sector; las asignaciones sobrantes de 2026-05 están corregidas). Jerarquía 2 diverge: antecedente propio 2023-02 (40 números consultados sin pedido), hace más de 36 meses → ancla 3; credencial publicada en 2024-10 sin uso (precursor). Rango 1–3 (§3.2)."
S29-R04,tecnologia-y-pagos,agente,i_legal,4,3-4,3,±1,ninguna,"Notificación a las redes (24 h), al regulador (4 h), a la autoridad de datos (72 h) y a titulares → 3. Max 4: las redes pueden suspender la habilitación como procesador hasta recertificar."
S29-R05,tecnologia-y-pagos,agente,p,3,2-3,4,±1,CH-084 (candidata),"Historia propia de 9 años sin casos detectados: descarta 4 y 5 por historia propia. Jerarquía 1: encuesta de la asociación regional, 16 casos de más de USD 50 mil en 95 miembros-año (16,8% → 15–40% → 3). +1 (§3.4.2): control preventivo más débil que el habitual en el sector (12 de 19 miembros exigen segunda aprobación para todo ajuste; la empresa permite autoaprobación debajo de USD 5 mil, caso de 2026-07) → 4. Min 3 sin el ajuste."
S29-R05,tecnologia-y-pagos,agente,i_legal,3,2-3,2,±1,ninguna,Comunicación al regulador como incidente operativo y denuncia penal contra el autor → 2; max 3 si el regulador pide un plan de adecuación con inspección. Ver anomalía sobre el ancla 3.
S29-R06,tecnologia-y-pagos,agente,v_cont,4,3-4,3,±1,ninguna,"Rectificación o envío tardío inmediato con descargo (procedimiento escrito, usado en 2024-04, 2025-09 y 2026-02: el regulador no pasó de apercibimiento) y reunión trimestral con supervisión: limitan la multa, pero el plan obligatorio por acumulación se produce igual → 3 (max 4)."
S29-R06,tecnologia-y-pagos,emiliano,v_cont,4,3-4,3,±1,ninguna,Rectificación probada bajo régimen anterior limitó sanciones; régimenjunio 2026 impone plan y no hay prueba bajo éste.3 por respuesta presente cuya eficacia actual no está probada;2–4.
S29-R07,tecnologia-y-pagos,agente,i_econ,1,1-2,2,±1,ninguna,"Legajos expuestos entre 1.400 (si cumple el borrado a 90 días) y 31.000 (todos los enviados): notificación y monitoreo USD 35 mil a USD 0,78 M + legal y forense USD 60–150 mil + multa de datos (USD 1 mil a 1,5 M) y del regulador por falta de supervisión (USD 20 mil a 2 M; auditoría vencida y cuestionario sin respuesta) → con multas moderadas USD 0,7–2 M / RO 2025 USD 32,1 M (último ejercicio cerrado, positivo, sin partidas extraordinarias; EV-S29-001) = 2–6% → 2. Min 1 con 1.400 legajos y multas bajas; max 3 con 31.000 y multas máximas (USD 4,4 M = 13,8%). Supuesto: multas moderadas por primera infracción."
S29-R07,tecnologia-y-pagos,agente,i_cont,2,1-3,1,±1,ninguna,"La autorización y la liquidación no se afectan; el evento no detiene ninguna función. La suspensión del proveedor sería una decisión de contención, no un efecto del evento (ver anomalía) → 1."
S30-P01-S01,tecnologia-y-pagos,agente,p,2,1-3,3,±1,CH-084 (candidata),Nunca ocurrió (racks sin energía por corte de red: nunca desde 2014; nunca fallaron dos generadores en el mismo arranque): descarta 4 y 5. Precursores propios: el generador 3 no arrancó en el corte real de 2025-12-18; agua sobre el límite en el tanque 2 (generadores 3 y 4) en 2026-08 → ancla 3. Ajustes que se compensan: +1 por el agua en el tanque 2 sin confirmar el filtrado y el análisis de combustible semestral por debajo del trimestral que recomienda el sector; −1 por el cambio de baterías de arranque de 2026-01 (posterior al precursor) → 3. Min 2 (ver anomalía sobre la tasa sectorial).
S30-P01-S01,tecnologia-y-pagos,agente,i_econ,3,2-4,2,±1,ninguna,"Escenario bruto: los 900 racks sin energía hasta que vuelve la red (45 min a 2 h 10 min en los tres cortes dobles) más el reinicio de clientes (2–8 h): crédito del 25% sobre USD 2,95 M = USD 0,74 M + respuesta USD 20–60 mil ≈ USD 0,78 M / RO 2025 USD 9,0 M (último ejercicio cerrado, positivo, sin partidas extraordinarias; EV-S30-001) = 8,7% → 2. Max 3: corte de más de 4 h (crédito del 50%, USD 1,48 M = 17%). La rescisión de los mayores necesita un segundo incidente (causa nueva, §4.1.5). Pólizas no reducen I (D17)."
S30-P01-S01,tecnologia-y-pagos,agente,i_legal,2,1-2,1,±1,ninguna,Sin notificación regulatoria propia; los clientes regulados piden informe formal; el certificador puede pedir una auditoría extraordinaria → 1 (max 2).
S30-P01-S01,tecnologia-y-pagos,agente,v_cont,2,2-3,3,±1,ninguna,"UPS de 8–12 min; arranque manual de un generador (simulacro 2026-04: 6 min); desconexión automática de carga (probada 2026-03) que con 2 generadores alcanza sólo en un día templado (3,4 MW) y no en el pico (3,9 MW); guardia eléctrica a 38 min. Probadas pero cubren sólo parte de los casos (no el pico ni una causa común que impida el arranque manual) → 3 (min 2)."
S30-P01-S02,tecnologia-y-pagos,agente,p,3,3-4,4,±1,CH-084 (candidata),"Jerarquía 2: registro propio de 12 años con fallas internas en 2022-05 (control, corte de 0,4 s) y 2024-08 (capacitores, sin corte por la derivación); la de 2024-08 está dentro de 36 meses y la frecuencia es < 1 por año → 4. Sin ajuste: la edad de los capacitores de la sala A ya existía en el período, y la pérdida del 9% medida en 2026-06 es del módulo del centro de operaciones, que no alimenta racks. La encuesta sectorial da proporciones de causas, no frecuencia. Min 3 con el evento literal de la ficha (ver anomalía)."
S30-P01-S02,tecnologia-y-pagos,agente,i_econ,1,1-3,2,±1,ninguna,"Escenario bruto (sin derivación, sin el otro camino, sin llaves de transferencia, que son V): los racks del camino de una sala sin energía hasta reparar (horas a 3 días) más reinicio; crédito del 50% de la sala (sala B: USD 1,1 M × 50% = USD 0,55 M) + reparación USD 25–90 mil ≈ USD 0,6 M / RO 2025 USD 9,0 M (último ejercicio cerrado, positivo, sin partidas extraordinarias; EV-S30-001) ≈ 7% → 2. Min 1: sólo los 70 racks de una sola fuente de la sala C (USD 65–130 mil). Max 3: sala A completa con más de 4 h y reclamos."
S30-P01-S02,tecnologia-y-pagos,agente,i_cont,1,,3,más de 1,ninguna,"Sin derivación ni stock (V), el camino de una sala queda sin energía hasta la reposición normal de un módulo (8 a 12 semanas → 4 como interrupción); una sala es el 22–40% de los racks: degradación menor a la mitad → un nivel menos → 3 (§4.4). Min 2 si la reparación con repuesto es la reposición normal; max 4."
S30-P01-S03,tecnologia-y-pagos,agente,i_pers,2,1-2,1,±1,ninguna,Abrir un interruptor equivocado no produce por sí mismo un arco; ningún arco registrado → 1. La ropa certificada (8 cal/cm²) es barrera (V). Max 3: arco de hasta 6 cal/cm² sobre 2–3 electricistas sin protección (quemaduras graves).
S30-P01-S03,tecnologia-y-pagos,agente,v_rec,1,1-2,3,más de 1,ninguna,"Cerrar el interruptor correcto: única actuación real 2023-06 (22 min), hace más de 3 años → presente sin prueba (§5.2) → 3. Tablero dañado: fabricante en 4 h, sin tablero de reserva. Min 1 si la maniobra se toma como probada (ver anomalía)."
S30-R04,tecnologia-y-pagos,agente,v_cont,2,2-3,3,±1,ninguna,"Arranque automático de enfriadoras de reserva (probado en 2026-02 con una detenida; no alcanzó en 2026-01 con dos); tanque de acumulación de 12 min (no sirve si falla el ramal); derivación manual de la válvula (actuación 2021-12, más de 3 años: sin prueba); procedimiento de emergencia térmica (simulacro 2025-11, 18 min, sin medir temperatura); alarmas 24 h. Los equipos llegan a 35 °C en 8–12 min: limitan una parte y dejan pasar otra importante → 3."
S30-R04,tecnologia-y-pagos,agente,v_rec,2,2-3,3,±1,ninguna,"Válvulas y bombas en stock y fabricante con respuesta en 4 h (propio, sin ensayo documentado); enfriadoras de alquiler sólo cotizadas, sin contrato ni punto de conexión → 3 (min 2)."
S30-R05,tecnologia-y-pagos,agente,p,3,2-4,2,±1,CH-084 (candidata),"Jerarquía 1: base actuarial de una aseguradora especializada (≈2.300 centros de datos, 2015–2024): principio de incendio con daño material en el 0,6% por año (< 5%) → 1; +1 (§3.4.2) por combustibles en 9 de 31 jaulas (2026-08, intimados sin verificar) → 2. Jerarquía 2: sin ignición propia (los casos de 2022-09 y 2025-07 fueron humo sin llama: precursores) → ancla 3; diverge → rango 2–3. Detección y extinción son V, no ajustan P."
S30-R05,tecnologia-y-pagos,agente,i_pers,3,2-4,2,±1,ninguna,"2 a 6 personas en la sala en horario hábil, 0 a 2 de noche; una ignición empieza chica y las personas pueden salir: lesiones leves por humo → 2. Max 4: una muerte plausible por humo de noche sin detección ni evacuación."
S30-R05,tecnologia-y-pagos,agente,i_cont,4,4-5,5,±1,ninguna,"Sin detección, extinción ni sectorización (V), el fuego y el humo alcanzan las salas vecinas por los conductos: energía, frío y conectividad perdidas en más de la mitad de los racks hasta reconstruir (7–10 meses) → 5. Min 4: si queda en una sala (22–40% de los racks, degradación) → un nivel menos."
S30-R05,tecnologia-y-pagos,agente,v_cont,3,2-4,2,±1,ninguna,"Detección temprana por aspiración (prueba 2026-05; actuaciones reales 2022-09 y 2025-07) y corte del rack por el operador (real); gas inerte en las tres salas con retención > 10 min en A y B (ensayo 2025-11), 4 min en C (reparación sin nuevo ensayo) e inspección de cilindros vencida en 2026-06 sin registro; sectorización certificada al construir y compuertas probadas en 2024-10 (más de 12 meses: sin prueba); brigada y evacuación (2026-04, 6 min). Probadas que limitan el daño a una parte acotada → 2; max 3 por la sala C y los cilindros."
S30-R06,tecnologia-y-pagos,agente,p,4,2-4,3,±1,CH-084 (candidata),"Jerarquía 1: encuesta internacional (≈800 operadores), 7% con al menos un acceso no autorizado a salas en 2024 → 2; +1 (§3.4.2) por no conciliar tarjetas desde 2024 (lo hace el 48% del sector) y tarjetas anteriores a 2025-06 sin vencimiento → 3. Jerarquía 2 diverge: antecedentes propios 2023-08 y 2025-03 (este dentro de 36 meses) → ancla 4. Rango 3–4 (§3.2). Precursor 2026-06 (prueba sorpresa que pasó el portón)."
S30-R06,tecnologia-y-pagos,agente,i_econ,1,1-3,2,±1,ninguna,"Escenario bruto (sin cerradura ni alarma de jaula): la persona manipula o se lleva equipos de un cliente: reclamo de hasta 12 meses de cuotas del cliente afectado + auditoría exigida (USD 35 mil) ≈ USD 0,2–0,5 M / RO 2025 USD 9,0 M (último ejercicio cerrado, positivo, sin partidas extraordinarias; EV-S30-001) = 2–5% → 2. Min 1 como en 2023-08 (sin reclamo); max 3 si un cliente mayor se va (el mayor, USD 2,6 M de margen = 29%)."
S30-R08,tecnologia-y-pagos,agente,p,3,3-4,2,±1,CH-084 (candidata),"Jerarquía 1: base actuarial (≈2.300 centros de datos): daños por agua en el 1,2% por año (< 5%) → 1; +1 (§3.4.2) por degradación no reflejada: pérdida reparada en 2026-07 en el mismo tramo de la cañería sanitaria sobre la sala A, con recomendación de reemplazo sin obra → 2. Jerarquía 2 diverge: antecedente propio 2019-11 (pérdida de una unión sobre la sala A, hace más de 3 años) → ancla 3. Rango 2–3."
S30-R08,tecnologia-y-pagos,agente,i_econ,2,2-3,3,±1,ninguna,"Escenario bruto (300 l/min sobre las filas 3 a 5, sin bandejas, detección ni corte): distribución eléctrica USD 0,4 M + tablero USD 80–250 mil + piso USD 30 mil + créditos USD 52–105 mil + margen perdido 2–4 semanas ≈ USD 0,1 M + reclamos por equipos de 9 clientes (USD 26 M declarados) dentro del límite de 12 meses de cuotas (hasta ≈ USD 2,5 M) → USD 1,5–3 M / RO 2025 USD 9,0 M (último ejercicio cerrado, positivo, sin partidas extraordinarias; EV-S30-001) = 17–33% → 3. Max 5 si se pierde el límite por negligencia inexcusable (defecto conocido sin corregir)."
