evaluacion_id,risk_id,caso_empresa,tipo_objeto,riesgo_padre_id,miembros,evaluador,actor,fase,corrida_id,version_metodologia,version_protocolo,fecha,tipo_evaluacion,evaluacion_anterior_id,motivo,accion_id,accion_cambio_esperado,accion_efecto,accion_brecha_nota,riesgo_causa,riesgo_evento,riesgo_consecuencia,informacion_ref,p_valor,p_min,p_max,p_base,p_evidencia,p_observacion,i_econ_valor,i_econ_min,i_econ_max,i_econ_base,i_econ_evidencia,i_econ_observacion,i_pers_valor,i_pers_min,i_pers_max,i_pers_base,i_pers_evidencia,i_pers_observacion,i_cont_valor,i_cont_min,i_cont_max,i_cont_base,i_cont_evidencia,i_cont_observacion,i_legal_valor,i_legal_min,i_legal_max,i_legal_base,i_legal_evidencia,i_legal_observacion,v_cont_valor,v_cont_min,v_cont_max,v_cont_base,v_cont_evidencia,v_cont_observacion,v_rec_valor,v_rec_min,v_rec_max,v_rec_base,v_rec_evidencia,v_rec_observacion,i_efectivo,i_efectivo_dimensiones,v_aspectos_aplicables,c_dimension_determinante,consecuencia_extrema,consecuencia_extrema_dimensiones,safety_critical,evaluable,motivo_no_evaluable,necesidad_validacion,uncertainty,uncertainty_nota,c_raw,banda,techo_plausible,reglas_aplicadas,justificacion,reputacion_texto,review_status,revisado_por,fecha_revision,anomalias
EV-0001,S01-R01,S01,riesgo,,,agente-8b-agro-y-alimentos,ai,8,F8-AG-01,metodologia v0.2,protocolo v0.2,2026-10-07,inicial,,,,,,,Falla eléctrica en un tablero seccional (TS-2 con borne a 78 °C sin corregir) o en el sector de carga de baterías de autoelevadores dentro de la nave,Ignición dentro de la nave de barricas,"Destrucción de barricas y vino en crianza, daño de la nave, falta de vino criado para las líneas de crianza hasta 2028-06; personas en la nave expuestas a humo y fuego; agua de extinción y vino al canal de efluentes",v0/emi41/fichas/S01/S01-R01.md;v0/emi41/fichas/S01/empresa.md;v0/emi41/fichas/S01/transferencia.md,4,3,4,observed,EV-S01-010;EV-S01-011;EV-S01-012;EV-S01-013,"Fuente de mayor jerarquía: historia propia de 14 años (2012-2026) con una ignición en 2019-08 (hace más de 3 años) → ancla 3. Sector (cámara regional 2016-2025, incl. bodega de tamaño parecido en 2023) también indica 3. Ajuste +1 (§3.4.2): borne de TS-2 a 78 °C sin corregir desde 2025-11 (degradación observada que no estaba en el período del antecedente). Sin ajuste −1: no hay control preventivo nuevo verificado. Resultado 4; rango 3-4 por la lectura alternativa (el punto caliente como precursor y no como condición causal).",5,,,reported,EV-S01-004;EV-S01-015;EV-S01-002,"Sólo daño físico: nave USD 2,6 M + racks 0,35 M + barricas 4,4 M + escombros 0,12 M = USD 7,47 M / RO 2025 USD 3,0 M (último ejercicio cerrado, positivo, sin partidas extraordinarias) = 249%, sin contar el vino en barrica (valuación 2024-12 USD 4,9 M a costo) ni el margen de crianza perdido (USD 5,3 M/año). ≥100% → 5 aunque falte la valuación actual del vino.",4,3,5,inferred,EV-S01-003;EV-S01-014,"En turno 07-16 hay 9 operarios en la nave y 3 en el laboratorio anexo; en visita, hasta 20 visitantes y un guía (15 min en la nave). Salida más lejana a 55 m, cubierta con núcleo de poliuretano (humo). Sin ningún control posterior (sin alarma ni evacuación), una ignición en horario de trabajo hace plausible una muerte por humo; la ignición nocturna (cargadores) no expone a nadie (exposición, I). Más de una muerte con visitantes presentes va al máximo.",5,,,reported,EV-S01-004,"Función crítica crianza (empresa.md) detenida: barricas 4-6 meses, nave 10-14 meses; vino criado disponible recién desde 2028-06. Interrupción bruta (§2.4) > 3 meses → 5. Las líneas jóvenes siguen (muro entre naves es V, pero la nave de tanques no forma parte del sector de la nave de barricas).",4,2,4,inferred,sin_evidencia,"En el escenario plausible con una víctima: investigación laboral, clausura posible del sector y causa penal con posible responsabilidad de directivos → 4. Sin víctimas quedaría el acta ambiental por vertido al canal (2), de ahí el mínimo.",3,3,4,observed,EV-S01-016;EV-S01-017;EV-S01-018,"Detección automática con falla parcial (18 de 22 detectores en el ensayo 2026-05; el sector norte, ~1.300 barricas, sin cobertura efectiva) y sin aviso a bomberos; red de incendio probada (bomba 2026-09, caudal 2026-03); brigada con simulacro 2025-10 (evacuación 3 min 40 s, agua a 6 min) sólo en turno; sin rociadores ni sectorización interna; muro entre naves sin verificar desde 2009 (pase de cañería 2024-05) → presente sin prueba; bomberos a 24 min. Limitan parte del daño pero una parte importante se produce → 3. Fuera de turno sólo el sereno: la lectura 4 queda en el rango.",3,3,4,reported,EV-S01-005;sin_evidencia,"Sin plan de continuidad. Stock en botella de líneas de crianza (~5 meses de ventas, en otro edificio a 80 m): alternativa propia parcial (§5.4 F5-4B) presente sin prueba → 3. Compra de vino criado de terceros es estimación del gerente sin acuerdo (improvisada, 4) y las tonelerías son reposición normal; por eso el máximo 4.",5,econ;cont,"econ:cont,rec(secuencial);pers:cont;cont:cont,rec(secuencial);legal:cont",econ;cont,true,econ;cont,true,true,,,medium,"Falta la valuación actual del vino en barrica, la verificación del muro entre naves y del sellado de 2024-05, y cuántas personas hay en la nave en el momento de una ignición.",60,,80,§2.1;§2.2;§2.3;§2.4;§3.2;§3.3;§3.4;§4.1;§4.2;§4.3;§4.4;§4.5;§5.2;§5.3;§5.4;§5.5;§6;§8.1;§8.2;§9.1;D4;D5;D8;D14;D15;D17;D19;D20;D23,Evento = ignición (§2.1). P por historia propia (ancla 3) con +1 por el borne de TS-2 sin corregir. I econ y cont 5 por el daño físico y la crianza detenida más de 3 meses; personas 4 por una muerte plausible en horario de trabajo (safety_critical). V secuencial con contención 3 y recuperación 3. Seguro de daño material no reduce I (D17).,,pending,,,AN-8-agro-y-alimentos-0001;AN-8-agro-y-alimentos-0002
EV-0002,S01-R02,S01,riesgo,,,agente-8b-agro-y-alimentos,ai,8,F8-AG-01,metodologia v0.2,protocolo v0.2,2026-10-07,inicial,,,,,,,"Brettanomyces por SO2 libre bajo o temperatura alta, o residuo de producto de limpieza por enjuague incompleto de un tanque o manguera",Ingreso del contaminante a un lote de vino en tanque,"Lote fuera de especificación a tratar, degradar o destruir; si se embotella y vende sin detectarlo, reclamos, retiro del mercado, decomiso y multa",v0/emi41/fichas/S01/S01-R02.md;v0/emi41/fichas/S01/empresa.md;v0/emi41/fichas/S01/transferencia.md,5,4,5,observed,EV-S01-020;EV-S01-022;EV-S01-024,"Historia propia de 9 años (registro de calidad 2017-2026): lotes con contaminante ingresado 2023-04, 2025-03 y 2025-11. En los últimos 36 meses (2023-10 a 2026-10) hay 2 → ancla 4 (menos de 1 por año). Ajuste +1 (§3.4.2): 5 de 8 trabajadores de la contratista de limpieza cambiados entre 2025-12 y 2026-03 sin capacitación de la bodega, y 3 de 20 tanques con SO2 libre bajo en la auditoría 2026-06: condiciones que no estaban en el período de los antecedentes. Resultado 5. La estadística nacional de decomisos (jerarquía 4) queda como fuente secundaria.",3,2,3,assumed,EV-S01-002;sin_evidencia,"Escenario bruto (ningún control posterior: sin análisis previo al embotellado ni bloqueo): el lote se embotella y se vende. Retiro de 80.000 botellas USD 180-260 mil (estimación del gerente comercial) + reemplazo del producto (~USD 0,1-0,15 M a costo, supuesto) + multa posible hasta USD 150 mil. Plausible ~USD 0,4 M / RO 2025 USD 3,0 M (último ejercicio cerrado, positivo, sin partidas extraordinarias) ≈ 13% → 3. Con el retiro mínimo y sin multa ≈ 6-8% → 2.",1,,,reported,EV-S01-025,Brettanomyces no daña la salud; residuo de soda en la concentración de los antecedentes causa irritación bucal sin atención médica (nota del laboratorio) → 1. No hay personas de la bodega expuestas.,1,,,reported,EV-S01-020,El tanque queda fuera de uso 2 a 5 días; con 128 tanques no se pierde la mitad de la capacidad de elaboración; las demás funciones siguen → 1.,3,2,3,reported,EV-S01-021,"Lote en el mercado: notificación a la autoridad vitivinícola, decomiso y multa posible → notificación obligatoria a la autoridad (ancla 3). Mínimo 2 si sólo hubiera acta.",2,1,2,observed,EV-S01-020,"Análisis de laboratorio de cada lote antes de embotellar más bloqueo en el sistema de existencias: actuación real 2025-03 y 2025-11 (últimos 3 años), ningún lote salió de la bodega → probada. Limita el daño al lote (parte acotada) → 2. Mínimo 1 si se lee el lote como ""punto de origen"".",2,,,observed,EV-S01-020,"Tratamiento por filtración (actuación real 2025-11, lote recuperado entero), degradación a granel (2023-04) y compra de granel a 3 proveedores regulares (1,2 M litros en 2025): repone la mayor parte de lo perdido, probado → 2.",3,econ;legal,"econ:cont,rec(secuencial);pers:cont;cont:cont,rec(secuencial);legal:cont",econ;legal,false,,false,true,,,medium,"El costo de un retiro es una estimación sin antecedentes; el umbral de ""últimos tres años"" para P (ventana móvil vs ejercicios) cambia 4 por 5 antes del ajuste.",30,,30,§2.1;§2.2;§3.2;§3.3;§3.4;§4.1;§4.2;§4.3;§4.4;§4.5;§5.2;§5.3;§5.4;§5.5;§6;D4;D5;D8;D14;D15;D19,Evento = ingreso del contaminante (§2.1). P ancla 4 por dos antecedentes en 36 meses más +1 por personal nuevo sin capacitación. I bruto supone el lote vendido y retirado (ningún control posterior). Contención probada (análisis y bloqueo) y recuperación probada.,,pending,,,AN-8-agro-y-alimentos-0003
EV-0003,S01-R03,S01,riesgo,,,agente-8b-agro-y-alimentos,ai,8,F8-AG-01,metodologia v0.2,protocolo v0.2,2026-10-07,inicial,,,,,,,"Corrosión o fatiga en soldaduras de fondo o patas, golpe de autoelevador o sismo",Rotura o fisura del tanque con salida de vino,"Pérdida del vino del tanque, reparación o reposición del tanque, vino derramado hacia efluentes; personas cercanas expuestas a la ola de líquido",v0/emi41/fichas/S01/S01-R03.md;v0/emi41/fichas/S01/empresa.md;v0/emi41/fichas/S01/transferencia.md,4,3,5,observed,EV-S01-030;EV-S01-031;EV-S01-032,"Historia propia de 16 años: fisura 2022-10 (hace 48 meses) y válvula inferior rota por autoelevador 2024-07 con salida de vino (hace 26 meses) → ancla 4. Ajustes que se compensan: +1 por corrosión observada en 5 tanques grandes (2026-02) sin ensayo, condición no registrada en el período; −1 por topes de hormigón (2024-08) posteriores al golpe, verificados en la inspección 2026-02 (sólo nave cubierta). Neto 4. Mínimo 3 si la válvula no se toma como rotura del tanque; máximo 5 si sólo se aplica el +1.",2,2,3,inferred,EV-S01-002,"Escenario bruto: rotura de un tanque de 150.000 litros sin trasvase. Vino a costo USD 165 mil (USD 1,10/l) + reparación o tanque nuevo USD 25-95 mil + limpieza USD 20-60 mil ≈ USD 0,23-0,32 M / RO 2025 USD 3,0 M (último ejercicio cerrado, positivo, sin partidas extraordinarias) ≈ 8-11% → 2 (con 18 meses de stock no hay venta perdida). Máximo 3 si el vino se valúa a reposición como granel (USD 420 mil) o hay multa ambiental.",2,1,3,inferred,sin_evidencia,2 a 4 personas por turno en el patio (hasta 8 en vendimia); un tanque abierto en el fondo libera el vino en minutos: plausible golpe o caída con lesión leve con atención médica en pocas personas → 2. Sin antecedentes de lesionados. Grave por arrastre → 3.,1,1,2,reported,EV-S01-030,La elaboración sigue con 127 tanques; en vendimia la falta de un tanque grande posterga recepción unos 2 días: degradación menor a la mitad → 1. Máximo 2.,2,,,inferred,sin_evidencia,"Bruto sin canaletas ni pileta (barreras pasivas, V): el vino llega al canal de riego vecino → acta de la autoridad ambiental y requerimiento de remediación → 2.",2,2,3,observed,EV-S01-030,Trasvase de emergencia con bombas móviles: actuación real 2022-10 (salvó 74.000 de 80.000 l) y 2024-07 (actuó con cierre de válvulas; últimos 3 años) → probado; limita a una parte acotada → 2. Válvulas inútiles en rotura de fondo; canaletas y pileta sin verificar en 12 meses y con 30-60% de nivel; en vendimia pocos tanques vacíos → máximo 3.,2,2,3,observed,EV-S01-030,"Reemplazo del vino con compras a granel a 3 proveedores regulares (1,2 M l en 2025) y reparación por soldadura en 1-3 semanas (más rápida que tanque nuevo, 4-5 meses): repone la mayor parte → 2. La compra a granel es habitual pero no registrada como respuesta a una rotura: máximo 3.",2,econ;pers;legal,"econ:cont,rec(secuencial);pers:cont;cont:cont,rec(secuencial);legal:cont",econ;pers;legal,false,,false,true,,,medium,Falta ensayo de soldaduras (extensión de la corrosión) y si el golpe de válvula de 2024 cuenta como rotura del tanque; valuación del vino perdido a costo o a reposición.,16,,45,§2.1;§2.2;§2.3;§3.2;§3.3;§3.4;§4.1;§4.2;§4.3;§4.4;§4.5;§5.2;§5.3;§5.4;§5.5;§6;D4;D5;D8;D14;D15;D19,Evento = rotura o fisura (§2.1). P ancla 4 por la rotura de 2024 con ajustes que se compensan. I bajo por tamaño de la pérdida frente al RO; canaletas y pileta son barreras pasivas (V). Contención y recuperación probadas.,,pending,,,AN-8-agro-y-alimentos-0004
EV-0004,S01-R04,S01,riesgo,,,agente-8b-agro-y-alimentos,ai,8,F8-AG-01,metodologia v0.2,protocolo v0.2,2026-10-07,inicial,,,,,,,"Desgaste de componentes mecánicos, falla del PLC (discontinuado) o de un variador, o error de operación",Falla de un equipo de la línea que la detiene,"Días sin embotellar, embarques y pedidos demorados, horas extra y embotellado de terceros, penalidades",v0/emi41/fichas/S01/S01-R04.md;v0/emi41/fichas/S01/empresa.md;v0/emi41/fichas/S01/transferencia.md,5,,,observed,EV-S01-040,"Historia propia (registro desde 2014): paradas de más de un día en 2024-11, 2025-12 y 2026-06: 3 en los últimos 36 meses = una por año en promedio → ancla 5. Con las paradas menores a un día (17 a 23 por año) también es 5. Comparables: 1-2 por año.",2,2,4,observed,EV-S01-040;EV-S01-044,"Escenario plausible: parada de 1 a 4 días (mediana de las registradas: 2 días). Margen de contribución 42% de USD 102 mil/día ≈ USD 43 mil/día; 4 días ≈ USD 0,17 M + penalidades / RO 2025 USD 3,0 M (último ejercicio cerrado, positivo, sin partidas extraordinarias) ≈ 6% → 2. Peor creíble: PLC discontinuado, 6-8 semanas ≈ USD 1,5-1,7 M ≈ 55% → 4.",1,,,reported,EV-S01-040,No hay daño a personas por el evento.,2,2,4,observed,EV-S01-040,Función crítica embotellado y despacho: la parada plausible dura de 1 a 3 días (componentes en stock) → 2. Repuesto importado 3-6 semanas o PLC 6-8 semanas → 4 como máximo.,1,,,reported,EV-S01-040,Ninguna consecuencia jurídica.,3,3,4,observed,EV-S01-040,"Stock de producto terminado de ~3 semanas de líneas jóvenes (5 meses de crianza) hace que el despacho no se detenga en una parada corta: por F5-2 es contención (que la función no llegue a detenerse), presente sin prueba documentada → 3. Diagnóstico de mantenimiento en <1 h y repuestos mecánicos. Nada evita que el embotellado se detenga → máximo 4.",2,2,3,observed,EV-S01-043,"Horas extra y sábados: actuación real 2025-12, recuperó los 2 días en 2 sábados (repone la mayor parte de lo perdido, probada) → 2. Embotelladora móvil de terceros: actuación real 2024-11, sin contrato, 60% del volumen desde el día 3 y ocupada en octubre-diciembre (parcial) → 3 como máximo. Sin PLC de repuesto.",2,econ;cont,"econ:cont,rec(secuencial);pers:cont;cont:cont,rec(secuencial);legal:cont",econ,false,,false,true,,,medium,El evento incluye paradas de menos de un día y paradas de semanas; el escenario plausible elegido (1 a 4 días) y el plazo real de reemplazo del PLC no están confirmados.,30,,80,§2.1;§2.2;§3.2;§3.3;§4.1;§4.2;§4.4;§5.1;§5.2;§5.3;§5.4;§5.5;§6;§9.1;D4;D5;D8;D14;D15;D19,Evento = falla que detiene la línea. P 5 por frecuencia propia. I con la parada típica de días; el PLC discontinuado va al techo. Stock de producto terminado como contención (F5-2) y recuperación probada por sábados.,,pending,,,AN-8-agro-y-alimentos-0005;AN-8-agro-y-alimentos-0006
EV-0005,S01-R05,S01,riesgo,,,agente-8b-agro-y-alimentos,ai,8,F8-AG-01,metodologia v0.2,protocolo v0.2,2026-10-07,inicial,,,,,,,"Fungicida sistémico aplicado cerca de cosecha en viñedos propios o de productores, con límite de residuo más bajo en el mercado de destino",Despacho de un embarque con residuo por encima del límite del mercado de destino,"Retención y rechazo en destino, reexportación o destrucción, multa contractual, suspensión de pedidos del importador y análisis obligatorio de embarques siguientes",v0/emi41/fichas/S01/S01-R05.md;v0/emi41/fichas/S01/empresa.md;v0/emi41/fichas/S01/transferencia.md,3,3,4,observed,EV-S01-050;EV-S01-051;EV-S01-053,"Historia propia de 8 años: un embarque despachado con residuo fuera de límite (2025-02, hace 20 meses) → ancla 4. Ajuste −1 (§3.4.1): desde 2025-04 análisis multirresiduo antes de cada embarque a los tres países con bloqueo al 80% del límite (61 analizados, 3 bloqueados), control preventivo verificado que no existía en el antecedente. Sin +1: los 12 productores sin cuaderno y los lotes cercanos al límite no son condiciones nuevas respecto de 2025. Resultado 3; máximo 4 sin el ajuste.",3,2,3,assumed,EV-S01-050;sin_evidencia,"Escenario bruto (sin recompra ni redirección): contenedor perdido USD 78 mil + destrucción + multa 10% (USD 7,8 mil) + suspensión de pedidos del importador por un año: margen de exportación 44% sobre la compra de un importador (promedio ~USD 0,9 M; el mayor de esos países USD 1,6 M) ≈ USD 0,4-0,7 M. Total ≈ USD 0,5 M / RO 2025 USD 3,0 M (último ejercicio cerrado, positivo, sin partidas extraordinarias) ≈ 16% → 3. Sin suspensión ≈ 3% → 2.",1,,,reported,EV-S01-050,Residuo sobre un límite comercial sin efectos documentados sobre la salud → 1.,1,,,reported,EV-S01-050,No se detiene ninguna función; sólo queda en espera la venta a un importador → 1.,2,,,observed,EV-S01-050,En destino: registro en el sistema de alertas y análisis obligatorio de los próximos embarques (6 meses en 2025): requerimiento formal → 2. En el país ninguna consecuencia.,2,2,3,observed,EV-S01-050,"Recompra o redirección del contenedor a un mercado con límite más alto: actuación real 2025-02 (últimos 3 años), pérdida limitada al 15% de descuento → probada, daño acotado → 2. Bloqueo de embarques siguientes del lote sin actuación real → máximo 3.",4,,,assumed,sin_evidencia,"Redirección del volumen de un importador suspendido: estimación del gerente (50% en 3 meses), sin antecedente ni acuerdo escrito → capacidad improvisada que cubre poco → 4.",3,econ,"econ:cont,rec(secuencial);pers:cont;cont:cont,rec(secuencial);legal:cont",econ,false,,false,true,,,medium,Si el importador suspende pedidos (y cuál) define el nivel económico; la capacidad de redirección es un supuesto.,18,,36,§2.1;§2.2;§3.2;§3.3;§3.4;§4.1;§4.2;§4.5;§5.2;§5.3;§5.4;§5.5;§6;D4;D5;D8;D14;D15;D19,Evento = despacho del embarque con residuo (los análisis previos son P). Ancla 4 con −1 por el análisis previo a cada embarque. I económico con la suspensión del importador incluida en la cadena. Contención probada; recuperación improvisada.,,pending,,,
EV-0006,S01-R06,S01,riesgo,,,agente-8b-agro-y-alimentos,ai,8,F8-AG-01,metodologia v0.2,protocolo v0.2,2026-10-07,inicial,,,,,,,Tormentas convectivas de verano,Caída de granizo sobre los viñedos propios,"Pérdida de uva propia, compra de uva o vino de reemplazo, menor calidad de bloques de crianza y menor brotación al año siguiente",v0/emi41/fichas/S01/S01-R06.md;v0/emi41/fichas/S01/empresa.md;v0/emi41/fichas/S01/transferencia.md,4,4,5,observed,EV-S01-060;EV-S01-061;EV-S01-064,"Historia propia de 18 temporadas: 6 con granizo con daño >10%; última 2025-12 (dentro de 36 meses), una sola en los últimos 36 meses → ancla 4. El pronóstico estacional 2026-27 de lluvias por encima del promedio no se aplica como +1: es un pronóstico, no una condición presente observada (lectura alternativa → 5, rango). Estadística meteorológica: 8-15 días de granizo por temporada en el valle (sector, jerarquía menor).",2,1,3,inferred,EV-S01-062;EV-S01-060,"Bruto sin malla (barrera pasiva, V). Tormenta plausible sobre 60-120 ha con 20-45% de daño: reemplazo de uva de líneas jóvenes a USD 0,27/kg por encima del costo y de crianza a USD 0,75/kg; ejemplo de 130 ha sin malla al 45% = USD 175 mil; con bloques de crianza alcanzados ≈ USD 0,2-0,3 M + tratamientos USD 120/ha + 12% menos de rinde el año siguiente. Plausible ≈ USD 0,15-0,3 M / RO 2025 USD 3,0 M (último ejercicio cerrado, positivo, sin partidas extraordinarias) ≈ 5-10% → 2; máximo 3 con una tormenta sobre todo el predio central en febrero.",1,,,reported,EV-S01-060,"No hay personas expuestas: las cuadrillas se retiran con la tormenta (exposición, I) → 1.",1,,,reported,EV-S01-063,La elaboración no se detiene; la uva perdida (hasta ~650 t de ~6.300 t elaboradas) es una degradación menor a la mitad → 1.,1,,,reported,EV-S01-060,Ninguna consecuencia jurídica.,3,3,4,observed,EV-S01-060,"Malla en 90 ha (41%): en 2019 y 2023 daño <5% bajo malla, pero esas actuaciones tienen más de 3 años y la última revisión paño por paño es de 2025-10 (en el borde de los 12 meses) → presente sin prueba; tratamiento contra podredumbre en 48 h probado (2025-12); cosecha anticipada (2023). 130 ha sin malla: una parte importante del daño se produce → 3.",3,3,4,observed,EV-S01-063,"Compra de uva de reemplazo (520 t a 9 productores en 3 semanas en 2023, hace más de 3 años) y de vino a granel a 3 proveedores regulares: alternativa formal presente sin prueba en los últimos 3 años → 3.",2,econ,"econ:cont,rec(secuencial);pers:cont;cont:cont,rec(secuencial);legal:cont",econ,false,,false,true,,,medium,La superficie alcanzada por una tormenta y el estado de la malla 2026 (revisión programada 2026-10-15) no se conocen.,24,,60,§2.1;§2.2;§2.3;§3.2;§3.3;§3.4;§4.1;§4.2;§4.4;§5.2;§5.3;§5.4;§5.5;§6;D4;D5;D8;D14;D15;D19,Evento = caída de granizo. P ancla 4 por historia propia. La malla es barrera pasiva (V) y no reduce el I bruto. Contención 3 y recuperación 3.,,pending,,,AN-8-agro-y-alimentos-0007;AN-8-agro-y-alimentos-0008
EV-0007,S01-R07,S01,riesgo,,,agente-8b-agro-y-alimentos,ai,8,F8-AG-01,metodologia v0.2,protocolo v0.2,2026-10-07,inicial,,,,,,,"Ingreso a un tanque sin medir la atmósfera o sin completar la ventilación forzada, con CO2 acumulado",Un operario queda expuesto dentro del tanque a una atmósfera con falta de oxígeno,"Pérdida de conciencia, asfixia o caída; posible segunda víctima en un rescate sin equipo; clausura del sector y causa penal",v0/emi41/fichas/S01/S01-R07.md;v0/emi41/fichas/S01/empresa.md;v0/emi41/fichas/S01/transferencia.md,5,4,5,observed,EV-S01-070;EV-S01-071;EV-S01-072;EV-S01-073,"Historia propia de 14 años: 2021-04 (trabajador de contratista mareado dentro del tanque) y 2024-03 (operario con mareos al asomarse por la boca, O2 16%; hace 30 meses) → ancla 4. Ajuste +1 (§3.4.2): detector con calibración vencida desde 2026-06 y 22 de 150 ingresos sin medición registrada en la vendimia 2026 (control preventivo descubierto ausente, no registrado en el período). Resultado 5. Sector: 4 muertes provinciales 2016-2025.",3,2,3,assumed,EV-S01-071;sin_evidencia,"Indemnizaciones por encima del seguro y costos legales USD 150-400 mil + multa USD 3-80 mil + clausura de elaboración 2-10 días en vendimia a USD 25 mil/día (USD 50-250 mil) ≈ USD 0,45 M plausible / RO 2025 USD 3,0 M (último ejercicio cerrado, positivo, sin partidas extraordinarias) ≈ 15% → 3. Mínimo 2 (~7%).",4,4,5,reported,EV-S01-071,"Una persona expuesta dentro del tanque; con O2 <10% la pérdida de conciencia es inmediata: una muerte plausible → 4 (safety_critical). Sin controles posteriores, un compañero que entra a rescatar sin equipo es plausible (2 de 4 muertes provinciales fueron rescatistas) → máximo 5.",3,2,3,reported,EV-S01-071,Clausura de la elaboración durante la inspección: 2 a 10 días según antecedentes provinciales; plausible >3 días → 3.,4,,,reported,EV-S01-071,Causa penal por homicidio culposo con posible imputación de directivos y clausura preventiva del sector → 4.,3,3,4,observed,EV-S01-072;EV-S01-074,"Vigía con radio (9 de 150 ingresos sin vigía), trípode con malacate, 2 arneses y un equipo autónomo; simulacro de rescate 2025-02-20 (más de 12 meses) sólo con la cuadrilla propia → medidas presentes sin prueba → 3. La contratista nunca ensayó y de noche no hay enfermero; ambulancia a 25 min → máximo 4.",5,,,reported,EV-S01-071,La lesión o muerte no se repone; nada acorta la clausura de la autoridad (no hay equipos que reponer). El desvío de uva por fasón ya es el costo de la clausura en I → 5. No es no_aplica porque hay una interrupción.,4,pers;legal,"econ:cont,rec(secuencial);pers:cont;cont:cont,rec(secuencial);legal:cont",pers;legal,false,,true,true,,,medium,Si el mareo de 2024 al asomarse cuenta como exposición dentro del tanque; registros de capacitación de la contratista.,60,,100,§2.1;§2.2;§2.3;§3.2;§3.3;§3.4;§4.1;§4.2;§4.3;§4.4;§4.5;§5.2;§5.3;§5.4;§5.5;§6;§8.2;D4;D5;D8;D14;D15;D19;D23,Evento = exposición a atmósfera sin oxígeno. P ancla 4 con +1 por detector vencido e ingresos sin medición. Una muerte plausible: safety_critical. Contención presente sin prueba; recuperación no repone.,,pending,,,AN-8-agro-y-alimentos-0009
EV-0008,S06-R01,S06,riesgo,,,agente-8b-agro-y-alimentos,ai,8,F8-AG-01,metodologia v0.2,protocolo v0.2,2026-10-07,inicial,,,,,,,"Desgaste de rodamientos, rotor o motor del único compresor de amoníaco (61.000 h)",Falla del compresor que lo deja fuera de servicio,Las cuatro cámaras sin frío; la fruta de los clientes pierde condición de exportación; responsabilidad contractual frente a clientes; reparación o reemplazo del compresor,v0/emi41/fichas/S06/S06-R01.md;v0/emi41/fichas/S06/empresa.md;v0/emi41/fichas/S06/transferencia.md,5,4,5,observed,EV-S06-010;EV-S06-011;EV-S06-012;EV-S06-013;EV-S06-014,Historia propia de 17 años: fallas 2019-01 y 2024-02 (hace 32 meses) → ancla 4 (una en 36 meses). Ajuste +1 (§3.4.2): análisis de aceite 2025-11 con hierro y cobre sobre el valor de alarma sin la inspección de rodamientos recomendada y temperatura de descarga 6 °C más alta que en 2023 (degradación observada que no estaba en el período). Resultado 5; mínimo 4 sin el ajuste. Comparables: 5 fallas >24 h en 12 frigoríficos 2021-2025.,5,,,inferred,EV-S06-016;EV-S06-017;EV-S06-005,"Escenario bruto: reparación de 5-15 días sin compresor móvil; la fruta supera 72 h sobre 4 °C y pasa a industria (USD 0,55 → 0,12/kg). En temporada (4.700-5.150 t) la pérdida de valor es ~USD 2,1 M y la empresa responde por contrato ante 6 de 9 clientes; fuera de temporada (1.350 t) ~USD 0,58 M. Cualquiera de los dos / RO 2025 USD 118 mil (último ejercicio cerrado, positivo, sin partidas extraordinarias) supera 100% → 5, más reparación USD 15-35 mil.",1,,,reported,EV-S06-010,No hay personas expuestas por la falla del compresor.,3,3,5,reported,EV-S06-010;EV-S06-018,"Conservación en frío detenida en las cuatro cámaras durante la reparación plausible (rodamientos o rebobinado, 5 a 15 días) → 3. Si hay que reemplazar el compresor (14-18 semanas) → 5.",3,2,3,observed,EV-S06-017,Reclamos civiles de varios clientes por fruta de valor muy superior al RO: demandas de responsabilidad relevantes → 3. Sin consecuencia regulatoria.,3,3,4,observed,EV-S06-010;EV-S06-015,"Alarma de temperatura por cámara con SMS: actuación real 2024-02 (aviso a 20 min). Compresor móvil conseguido por teléfono sin contrato: en 2024-02 llegó a las 40 h y salvó 2 de 4 cámaras (actuación real en 3 años, resultado parcial). Puertas cerradas. Limitan parte del daño y dejan una parte importante → 3. El proveedor tiene 2 equipos, alquilados en febrero-marzo → máximo 4.",4,,,observed,EV-S06-010;EV-S06-018,"Traslado de fruta a otros frigoríficos sin acuerdo escrito (300 t en 2024-02, con la zona llena); sin rodamientos ni motor de repuesto; compresor nuevo 12-16 semanas sin orden de compra → capacidad improvisada que cubre poco → 4.",5,econ,"econ:cont,rec(secuencial);pers:cont;cont:cont,rec(secuencial);legal:cont",econ,true,econ,false,true,,,medium,Estado real de los rodamientos; tiempo de mantenimiento de la fruta con cámaras llenas en verano; disponibilidad del compresor móvil en temporada.,75,,100,§2.1;§2.2;§3.2;§3.3;§3.4;§4.1;§4.2;§4.4;§4.5;§5.1;§5.2;§5.3;§5.4;§5.5;§6;§8.1;D4;D5;D8;D14;D15;D17;D19;D20,Evento = falla del compresor. P ancla 4 con +1 por el aceite en alarma sin inspección. La responsabilidad por la fruta de terceros supera varias veces el RO. Contención parcial (alarma y móvil sin contrato) y recuperación improvisada.,,pending,,,
EV-0009,S06-R02,S06,riesgo,,,agente-8b-agro-y-alimentos,ai,8,F8-AG-01,metodologia v0.2,protocolo v0.2,2026-10-07,inicial,,,,,,,"Tormentas, viento o fallas en la línea rural de media tensión (un solo alimentador)",Corte del suministro eléctrico de la red al predio,"Compresor y evaporadores detenidos; si el corte es largo, la fruta pierde calidad; costos de rearranque",v0/emi41/fichas/S06/S06-R02.md;v0/emi41/fichas/S06/empresa.md;v0/emi41/fichas/S06/transferencia.md,5,,,observed,EV-S06-020;EV-S06-021,"Registro propio desde 2018: cortes de más de 4 h 3 (2023), 5 (2024), 4 (2025), 2 (2026 a septiembre); más de uno por año → ancla 5. La distribuidora informa 14 interrupciones por usuario por año.",1,1,3,observed,EV-S06-020;EV-S06-017,"Escenario plausible: corte de 4 a 19 h (todos los registrados, ninguno >24 h). La fruta se mantiene bajo 4 °C 48-72 h por inercia térmica (exposición, I): sin daño; rearranque y horas extra USD 1-3 mil / RO 2025 USD 118 mil (último ejercicio cerrado, positivo, sin partidas extraordinarias) ≈ 1-2,5% → 1. Un corte de varios días en temporada es el peor creíble; con el rango acotado a tres niveles el máximo registrado es 3 (cláusula de caso fortuito para cortes >24 h en 6 de 9 contratos).",1,,,reported,EV-S06-020,No hay personas expuestas.,1,1,2,observed,EV-S06-020,"Conservación en frío detenida durante el corte: 4 a 19 h registradas, menos de 1 día → 1.",1,,,reported,EV-S06-020,Ninguna consecuencia jurídica.,2,1,3,observed,EV-S06-020,"Puertas cerradas y suspensión de ingresos y despachos (aplicada en los 14 cortes 2023-2026), alarma de temperatura alimentada por el grupo de 40 kVA (arranque probado cada mes) y rearranque escalonado (2025-01: 0 °C en 9 h): medidas probadas que limitan el daño a una parte acotada → 2. No hay grupo para el compresor (600 kVA): en un corte largo no contienen (máximo 3).",4,4,5,reported,EV-S06-022,"Grupo de 500 kVA alquilable en 12-24 h sin contrato, sin antecedente y sin verificar que arranque el compresor; traslado de fruta sin acuerdo escrito → improvisado → 4.",1,econ;pers;cont;legal,"econ:cont,rec(secuencial);pers:cont;cont:cont,rec(secuencial);legal:cont",econ;pers;cont;legal,false,,false,true,,,medium,No hay medición del tiempo que la fruta resiste con cámaras llenas en verano ni prueba de que un grupo alquilado arranque el compresor.,10,,45,§2.1;§2.2;§2.3;§3.2;§3.3;§4.1;§4.2;§4.4;§5.1;§5.2;§5.3;§5.4;§5.5;§6;§9.1;D4;D5;D8;D14;D15;D19,Evento = corte de red. P 5 por frecuencia. El corte plausible (horas) no daña la fruta por inercia térmica; el corte largo queda en el techo. Contención probada para cortes cortos.,,pending,,,AN-8-agro-y-alimentos-0010
EV-0010,S06-R03,S06,riesgo,,,agente-8b-agro-y-alimentos,ai,8,F8-AG-01,metodologia v0.2,protocolo v0.2,2026-10-07,inicial,,,,,,,"Falla de sello de válvula, junta de evaporador o soldadura, cañerías corroídas o golpe de autoelevador en la antecámara",Fuga de amoníaco de la instalación de frío,"Personas expuestas a amoníaco en sala de máquinas, cámaras y andén, y vecinos; evacuación; parada del frío; fruta manchada; notificación y posible clausura",v0/emi41/fichas/S06/S06-R03.md;v0/emi41/fichas/S06/empresa.md;v0/emi41/fichas/S06/transferencia.md,5,4,5,observed,EV-S06-030;EV-S06-032;EV-S06-033;EV-S06-034,"Historia propia de 17 años: fugas 2022-12 y 2025-05 (hace 16 meses) → ancla 4. Ajuste +1 (§3.4.2): corrosión externa en 2 tramos de cañería sobre la antecámara (2026-08, sin reemplazar), válvulas de seguridad con prueba vencida desde 2026-06 y mástil de autoelevador (4,8 m) más alto que la altura libre (4,2 m) sin protección: condiciones no registradas en el período de los antecedentes. Resultado 5.",5,4,5,inferred,EV-S06-030;EV-S06-017,"Escenario bruto en temporada: fruta de una cámara expuesta y manchada (1.400 t, hasta USD 770 mil al valor declarado; la empresa responde por el daño atribuible a ella) + reparación USD 3-25 mil + multas USD 2-60 mil. Aun con un cuarto de la cámara dañada (~USD 0,15 M) / RO 2025 USD 118 mil (último ejercicio cerrado, positivo, sin partidas extraordinarias) > 100% → 5. Fuera de temporada la pérdida baja (máximo 4 como mínimo del rango).",4,3,5,inferred,EV-S06-031;EV-S06-035,"Sin ningún control posterior (sin detección en antecámaras ni cierre automático), una fuga en la antecámara con 1.800 kg de carga expone a operadores y a 4-10 personas de los clientes dentro de las cámaras: quemaduras de vías respiratorias y una muerte plausible → 4 (safety_critical). En la provincia hubo internados y ningún muerto 2019-2024 (mínimo 3); el barrio a 180 m con viento sudeste da el máximo 5.",3,2,4,reported,EV-S06-030,"Frío detenido total o parcialmente 6 h a 1-3 días para reparar un tramo; la inspección con posible clausura de la instalación hasta verificar la reparación y el plan de emergencia (inexistente, requisito del registro) lleva la interrupción plausible a más de 3 días → 3.",4,3,4,reported,EV-S06-030,"Notificación obligatoria, inspección y posible clausura de la instalación sin plan de emergencia escrito; con lesionados o un muerto, causa penal → 4.",4,3,4,observed,EV-S06-035;EV-S06-030,"Un solo detector fijo en la sala de máquinas (calibrado 2025-08) con alarma local, sin detectores en cámaras ni antecámaras donde están las cañerías corroídas; válvulas de aislamiento manuales; equipo autónomo con control de carga de 2023-11; sin plan de emergencia, punto de reunión ni simulacros; bomberos sin equipo para amoníaco. La evacuación de 2022 tiene más de 3 años. Detección tardía y respuesta sin entrenamiento → 4. El cierre manual actuó en 2025-05 (fuga chica) → mínimo 3.",4,,,observed,EV-S06-030,Técnico refrigerista en 4-24 h y juntas en stock (reposición normal); traslado de fruta sin acuerdo escrito; nada repone la fruta manchada → 4.,5,econ,"econ:cont,rec(secuencial);pers:cont;cont:cont,rec(secuencial);legal:cont",econ,true,econ,true,true,,,medium,No hay estudio de dispersión hacia el barrio ni dato de cuántas personas de los clientes están dentro de las cámaras en un momento dado.,100,,100,§2.1;§2.2;§2.3;§3.2;§3.3;§3.4;§4.1;§4.2;§4.3;§4.4;§4.5;§5.2;§5.3;§5.4;§5.5;§6;§8.1;§8.2;D4;D5;D8;D14;D15;D19;D20;D23,"Evento = fuga de amoníaco. P ancla 4 con +1 por corrosión, válvulas vencidas y mástil más alto que la cañería. Una muerte plausible (safety_critical) y fruta de terceros por encima del RO. Contención débil.",,pending,,,
EV-0011,S06-R04,S06,riesgo,,,agente-8b-agro-y-alimentos,ai,8,F8-AG-01,metodologia v0.2,protocolo v0.2,2026-10-07,inicial,,,,,,,"Cortocircuito en iluminación o evaporadores, o soldadura en reparaciones, junto a paneles de poliuretano sin protección",Ignición en o junto a los paneles aislantes del edificio de cámaras,"Propagación por los paneles, destrucción del edificio y de la fruta de los clientes, humo tóxico, 10-14 meses sin servicio",v0/emi41/fichas/S06/S06-R04.md;v0/emi41/fichas/S06/empresa.md;v0/emi41/fichas/S06/transferencia.md,3,3,4,observed,EV-S06-040;EV-S06-041;EV-S06-042;EV-S06-043;EV-S06-044,"Historia propia: ninguna ignición en 22 años (registro desde 2009): sólo descarta 4 y 5. Precursor propio: chispazo con quemadura de cable en una luminaria de la cámara 3 (2025-09-11) sin ignición del panel → ancla 3 (§3.3, sin antecedentes propios). Sector: 2 incendios provinciales 2017-2025 (sin fecha exacta; si fueron en 5 años, comparables también darían 3). Sin ajuste +1: la falta de revisión eléctrica desde 2019 y de permiso de trabajo en caliente es la condición que el propio precursor ya refleja; máximo 4 si se aplica.",5,,,reported,EV-S06-046;EV-S06-017,"Edificio e instalaciones hasta USD 3,7 M + escombros USD 150 mil, más la fruta de los clientes en temporada (USD 2,6-2,8 M) y la facturación de 10-14 meses. Sólo el edificio / RO 2025 USD 118 mil (último ejercicio cerrado, positivo, sin partidas extraordinarias) > 3.000% → 5.",4,4,5,inferred,EV-S06-003,En 06-14 hay unas 14 personas más 4-10 de los clientes dentro de las cámaras (febrero a junio); cada cámara tiene una puerta grande y una de escape; el humo del poliuretano es tóxico y oscurece rápido. Una muerte plausible → 4 (safety_critical); varias personas atrapadas en una cámara → 5 como máximo.,5,,,reported,EV-S06-046,Conservación en frío sin cámaras durante la reconstrucción: 10 a 14 meses → 5.,4,,,reported,EV-S06-041,"Clausura del predio hasta la reconstrucción y nueva habilitación municipal (clausura temporal); con muertos, causa penal → 4.",4,4,5,observed,EV-S06-045;EV-S06-043,"Sólo 18 extintores (recargados 2026-03) y rondas del sereno cada 2 h (cortó la energía en el chispazo de 2025-09); sin detección, rociadores, hidrantes propios (municipal a 600 m), brigada, plan de evacuación ni simulacros; sin muros cortafuego; bomberos a 22 min. Detección tardía y respuesta sin entrenamiento → 4; con el fuego en el panel, nada contiene (5).",5,,,reported,EV-S06-046,Sin plan de continuidad ni acuerdo con otros frigoríficos: se espera la reconstrucción de 10-14 meses → 5.,5,econ;cont,"econ:cont,rec(secuencial);pers:cont;cont:cont,rec(secuencial);legal:cont",econ;cont,true,econ;cont,true,true,,,medium,Fechas de los incendios provinciales y si los frigoríficos son comparables; cuántas personas de los clientes hay dentro de las cámaras.,60,,100,§2.1;§2.2;§3.2;§3.3;§3.4;§4.1;§4.2;§4.3;§4.4;§4.5;§5.3;§5.4;§5.5;§6;§8.1;§8.2;D4;D5;D8;D14;D15;D17;D19;D20;D23,"Evento = ignición. P ancla 3 por precursor propio, sin antecedentes. I econ y cont 5; una muerte plausible (safety_critical). Contención débil y sin recuperación. El seguro de incendio no reduce I (D17).",,pending,,,AN-8-agro-y-alimentos-0011
EV-0012,S06-R05,S06,riesgo,,,agente-8b-agro-y-alimentos,ai,8,F8-AG-01,metodologia v0.2,protocolo v0.2,2026-10-07,inicial,,,,,,,Oferta de un frigorífico con tarifa más baja o decisión del cliente de concentrar su fruta en otra plataforma,El principal cliente comunica que no renueva el contrato para la temporada siguiente,Caída de ocupación y facturación de la temporada siguiente hasta reemplazar el volumen,v0/emi41/fichas/S06/S06-R05.md;v0/emi41/fichas/S06/empresa.md;v0/emi41/fichas/S06/transferencia.md,4,3,4,observed,EV-S06-050;EV-S06-051;EV-S06-052,"El principal cliente nunca dejó de renovar (historia propia 2014-2026 sin el evento; la pérdida del segundo cliente en 2022 es otro evento). Fuente siguiente, comparables: 3 de unos 15 frigoríficos de la zona perdieron a su cliente principal en 2021-2025 → ancla 3. Ajuste +1 (§3.4.2) contra lo habitual en los comparables: pedido escrito de rebaja de 12% (2026-08) sin respuesta, competidor que amplió capacidad en 2026 y volumen del cliente −8%. Resultado 4.",5,4,5,assumed,EV-S06-002;sin_evidencia,"Facturación perdida USD 706 mil por una temporada. Margen de contribución desconocido (§4.2.3 F5-1): mínimo con margen operativo 2025 = 118/1.810 = 6,5% → USD 46 mil / RO 2025 USD 118 mil (último ejercicio cerrado, positivo, sin partidas extraordinarias) = 39% → 4; máximo con la facturación entera → 598% → 5. Más plausible 5: los costos de un frigorífico son casi todos fijos (personal, amortización; sólo baja parte de la energía), con un margen de contribución supuesto ≥ 20% la pérdida supera el RO.",1,,,reported,EV-S06-050,No hay personas afectadas.,1,,,reported,EV-S06-050,"El servicio sigue para los demás clientes; queda capacidad ociosa, no se pierde la función → 1.",1,,,reported,EV-S06-050,Ninguna consecuencia jurídica.,5,,,reported,EV-S06-050,No hay medidas que limiten la pérdida una vez que el cliente decidió no renovar → 5.,3,3,4,observed,EV-S06-050,"Búsqueda de clientes nuevos: actuación real 2022-2024 (reemplazó un cliente de 17% de la facturación en unas dos temporadas, completada en 2024) → probada, cubre sólo una parte → 3. Sin lista de potenciales ni personal comercial (lo hace el socio gerente) y el cliente es 39% → máximo 4.",5,econ,"econ:cont,rec(secuencial);pers:cont;cont:cont,rec(secuencial);legal:cont",econ,true,econ,false,true,,,high,Margen de contribución desconocido (no se separan costos fijos y variables); la decisión del cliente se conoce recién el 2026-11-30.,80,,100,§2.1;§3.2;§3.3;§3.4;§4.1;§4.2;§4.4;§5.3;§5.4;§5.5;§6;§8.1;§9.1;§9.2;D4;D5;D8;D14;D15;D19;D20,"Evento = comunicación de no renovación. P por comparables (3) con +1 por el pedido de rebaja y la oferta del competidor. I económico por F5-1 sin margen de contribución, valor más plausible 5. Sin contención; recuperación probada parcial.",,pending,,,AN-8-agro-y-alimentos-0012
EV-0013,S06-R06,S06,riesgo,,,agente-8b-agro-y-alimentos,ai,8,F8-AG-01,metodologia v0.2,protocolo v0.2,2026-10-07,inicial,,,,,,,"Pasillos angostos, piso con escarcha, poca luz y peatones (propios y de clientes) sin separación","Un autoelevador atropella o golpea a una persona, o golpea una estiba que cae sobre una persona",Lesiones del trabajador o del tercero; daño de bins y fruta; reclamo civil y posible inspección,v0/emi41/fichas/S06/S06-R06.md;v0/emi41/fichas/S06/empresa.md;v0/emi41/fichas/S06/transferencia.md,4,4,5,observed,EV-S06-060;EV-S06-061;EV-S06-062,"Historia propia de 14 años: personas golpeadas en 2015, 2019, 2023-03 y 2026-02 (hace 8 meses) → ancla 4 (una en 36 meses, no una por año). La caída de bins de 2025-04 sin nadie debajo y los golpes a estibas (3, 4 y 5 por año) son precursores. Sin ajustes: la falta de inducción de terceros y de sendas no son condiciones nuevas respecto del período; la luz azul en 2 de 4 equipos (2025-06) no evitó el evento de 2026. Máximo 5 si se lee el aumento de golpes como condición nueva.",3,2,4,assumed,EV-S06-060;sin_evidencia,"Escenario plausible: fractura. Si la víctima es de un cliente (4-10 en cámaras de febrero a junio), reclamo civil USD 20-80 mil + multa USD 1-40 mil + bins hasta USD 2 mil ≈ USD 30-50 mil / RO 2025 USD 118 mil (último ejercicio cerrado, positivo, sin partidas extraordinarias) ≈ 25-42% → 3-4; si es propio, sólo la multa ≈ 1-34% → 1-3. Más plausible 3.",3,2,4,observed,EV-S06-060,"Antecedente 2023: fractura de dos metatarsianos con 35 días de baja → lesión con incapacidad temporal en una persona → 3. Un atropello con 4,5 t o la caída de un bin de 400 kg puede matar → máximo 4.",1,,,reported,EV-S06-060,La operación sigue con los otros autoelevadores → 1.,2,,,reported,EV-S06-060,"Denuncia a la aseguradora, inspección posible y reclamo civil individual acotado → 2.",4,4,5,observed,EV-S06-060,"Botiquín y 3 personas con primeros auxilios (capacitación 2024-09, más de 12 meses); ambulancia a 30-40 min. No reducen la lesión del golpe: medidas débiles → 4.",no_aplica,,,reported,EV-S06-060,La consecuencia es la lesión de una persona; no hay funciones que restablecer y los bins se reponen del stock → no_aplica.,3,econ;pers,econ:cont;pers:cont;cont:cont;legal:cont,econ;pers,false,,false,true,,,medium,"No se sabe cuántas personas de los clientes entran a las cámaras ni la proporción de víctimas propias y de terceros, que cambia el nivel económico.",48,,100,§2.1;§2.2;§3.2;§3.3;§3.4;§4.1;§4.2;§4.3;§4.5;§5.3;§5.5.2;§6;D4;D5;D8;D14;D15;D19,Evento = golpe o atropello de una persona. P ancla 4 por el antecedente de 2026. I personas 3 (fractura); económico 3 por el reclamo de un tercero frente a un RO chico. Contención débil; recuperación no aplica.,,pending,,,AN-8-agro-y-alimentos-0013
EV-0014,S15-R01,S15,riesgo,,,agente-8b-agro-y-alimentos,ai,8,F8-AG-01,metodologia v0.2,protocolo v0.2,2026-10-07,inicial,,,,,,,Tormentas convectivas de verano en el valle,Caída de granizo sobre una o las dos fincas,"Pérdida de uva de la cosecha 2027, menor calidad, daño a la madera con menor producción en 2028",v0/emi41/fichas/S15/S15-R01.md;v0/emi41/fichas/S15/empresa.md;v0/emi41/fichas/S15/transferencia.md,3,2,4,observed,EV-S15-010;EV-S15-012;EV-S15-013,"Fuente de jerarquía 1: base de la aseguradora (unas 8.200 fincas-temporada del valle) con 9% anual de siniestro >10% por finca; con dos fincas a 6 km, 1 − 0,91² ≈ 17% → ancla 3 (15-40%). Historia propia (jerarquía 2, 15 temporadas) con granizo >10% en 2025-12 (dentro de 36 meses) indica 4: fuentes de jerarquía 1 y 2 divergen → rango 2-4 y uncertainty medium (§3.2). Sin ajustes: el dato de jerarquía 1 refleja las condiciones del valle y el pronóstico estacional no es una condición observada.",4,3,5,inferred,EV-S15-002;EV-S15-014;EV-S15-010,"Bruto sin malla ni tratamiento (V). Granizo plausible sobre parte de una finca como el de 2025-12 (40 ha al 25% ≈ 100 t): facturación USD 106 mil menos cosecha y flete no pagados (USD 0,13/kg) ≈ USD 93 mil + efecto de 10-15% en la cosecha siguiente / RO 2025 USD 310 mil (último ejercicio cerrado, positivo, sin partidas extraordinarias) ≥ 30% → 4. Ejemplo del agrónomo: toda la finca A sin malla al 40% en febrero, USD 446 mil = 144% → 5; un granizo de diciembre con compensación de la planta ≈ 15-25% → 3.",1,,,reported,EV-S15-010,No hay personas expuestas: las cuadrillas se retiran con la tormenta → 1.,1,,,reported,EV-S15-010,"No se interrumpe ninguna función: se cosecha la uva que queda (pérdida de producción, no de capacidad de la función) → 1.",1,,,reported,EV-S15-010,Ninguna: los contratos con las bodegas no penalizan menor entrega por clima.,4,3,4,observed,EV-S15-015,"Malla sólo en 40 de 260 ha (15%), sin actuación frente a granizo desde 2019 y revisión paño por paño de 2025-10 en el borde de los 12 meses (presente sin prueba). Tratamiento contra podredumbre probado (2025-12, a las 36 h), que sólo limita el daño secundario. En 220 ha el daño se produce casi completo → 4; mínimo 3.",4,4,5,observed,EV-S15-010,"La uva perdida no se reemplaza (no compra uva para revender, sin producción alternativa). Poda de recuperación en invierno para la cosecha siguiente, hecha en 2014, no escrita → capacidad que cubre poco → 4.",4,econ,"econ:cont,rec(secuencial);pers:cont;cont:cont,rec(secuencial);legal:cont",econ,false,,false,true,,,medium,Divergencia entre la base de la aseguradora y la historia propia; superficie e intensidad de una tormenta; estado de la malla (revisión 2026-10-10).,48,,80,§2.1;§2.2;§2.3;§3.2;§3.3;§3.4.5;§4.1;§4.2;§4.4;§5.2;§5.3;§5.4;§5.5;§6;§9.1;D4;D5;D8;D14;D15;D17;D19,Evento = caída de granizo. P por el dato de jerarquía 1 (ajustado a dos fincas) con rango por la divergencia con la historia propia. RO chico: una pérdida parcial de una finca ya es 30% del RO. Contención débil fuera de la malla; la uva no se repone. El seguro de granizo no reduce I (D17).,,pending,,,AN-8-agro-y-alimentos-0014;AN-8-agro-y-alimentos-0015
EV-0015,S15-R02,S15,riesgo,,,agente-8b-agro-y-alimentos,ai,8,F8-AG-01,metodologia v0.2,protocolo v0.2,2026-10-07,inicial,,,,,,,Aire frío con noches despejadas y sin viento después de la brotación,"Helada (aire a la altura de los brotes por debajo de −1,5 °C) sobre brotes ya desarrollados","Muerte de brotes y racimos y pérdida de una parte de la cosecha 2027, sobre todo en finca B",v0/emi41/fichas/S15/S15-R02.md;v0/emi41/fichas/S15/empresa.md;v0/emi41/fichas/S15/transferencia.md,3,,,observed,EV-S15-020;EV-S15-021;EV-S15-022,"Historia propia de 15 temporadas: heladas con daño 2016-11 y 2022-10-12 (hace 48 meses, fuera de los 36) → ancla 3. La helada de −1,2 °C de 2025-10 no alcanza −1,5 °C: es precursor, que también da 3. Registro provincial del valle (2013, 2016, 2022) coincide. Sin ajustes: la brotación de 30% en finca B a fin de septiembre es la habitual según la ficha y el pronóstico es normal.",5,4,5,observed,EV-S15-001;EV-S15-020,"Bruto sin molinos (V). Escenario como 2022-10 (50% de finca B y 20% de finca A): ~550 t × (1,06 − 0,13) + ~310 t × (1,22 − 0,13) ≈ USD 0,85 M de resultado / RO 2025 USD 310 mil (último ejercicio cerrado, positivo, sin partidas extraordinarias) ≈ 274% → 5 (en 2023 el RO cayó a USD 40 mil). Escenario como 2016 (30% de finca B): ≈ USD 0,31 M ≈ 99% → 4, mínimo del rango.",1,,,reported,EV-S15-020,No hay personas expuestas por la helada.,1,,,reported,EV-S15-020,No se interrumpe ninguna función; se cosecha lo que queda → 1.,1,,,reported,EV-S15-020,Ninguna.,3,3,4,observed,EV-S15-022,"Molinos en 45 ha de finca B (41% de la finca más expuesta): actuación real 2025-10-08 (últimos 3 años) con 9 de 10 en marcha y +1,5 °C, pero en una helada leve; alarma probada. Finca A y 65 ha de finca B sin defensa: limitan parte y dejan una parte importante → 3; máximo 4 por no haber actuado en una helada como la de 2022.",5,,,reported,EV-S15-020,"La uva perdida no se reemplaza. Las yemas secundarias (10-30% de una cosecha) son una respuesta de la planta, no una medida de la organización → 5.",5,econ,"econ:cont,rec(secuencial);pers:cont;cont:cont,rec(secuencial);legal:cont",econ,true,econ,false,true,,,medium,Intensidad plausible de la helada (2016 o 2022) y desempeño de los molinos en una helada fuerte.,45,,60,§2.1;§2.2;§3.2;§3.3;§4.1;§4.2;§4.4;§5.1;§5.2;§5.3;§5.4;§5.5;§6;§8.1;D4;D5;D8;D14;D15;D19;D20,"Evento = temperatura bajo −1,5 °C sobre brotes. P ancla 3 (último antecedente hace más de 36 meses). I económico 5 frente a un RO chico. Molinos como contención parcial probada.",,pending,,,AN-8-agro-y-alimentos-0016
EV-0016,S15-R03,S15,riesgo,,,agente-8b-agro-y-alimentos,ai,8,F8-AG-01,metodologia v0.2,protocolo v0.2,2026-10-07,inicial,,,,,,,Caudal del río bajo por poca nieve en la cordillera,La autoridad del agua reduce la dotación de riego por turno para la temporada,"Menos agua en verano, menor rinde y menor calidad de la uva de finca B",v0/emi41/fichas/S15/S15-R03.md;v0/emi41/fichas/S15/empresa.md;v0/emi41/fichas/S15/transferencia.md,5,4,5,observed,EV-S15-030;EV-S15-032;EV-S15-033,"Resoluciones de dotación: reducciones en 4 de 7 temporadas (2019-20, 2020-21, 2021-22, 2023-24), la última dentro de los 36 meses (incluido el borde de tres años) → ancla 4 (57%, también 40-70% como frecuencia). Ajuste +1 (§3.4.2): nieve acumulada en 62% del promedio (informe 2026-09-15), condición causal que la frecuencia histórica no refleja. Resultado 5.",4,4,5,inferred,EV-S15-031;EV-S15-033,"Con dotación de 70%: finca B pierde 8-18% (USD 90-210 mil de facturación) con riego deficitario actuando, y finca A 5-10% con un solo pozo (USD 95-190 mil). Facturación perdida plausible ≈ USD 0,3 M × (1 − 0,13/1,13) ≈ USD 0,27 M + bombeo USD 15 mil / RO 2025 USD 310 mil (último ejercicio cerrado, positivo, sin partidas extraordinarias) ≈ 90% → 4. Bruto sin riego deficitario ni pozos, o dotación menor a 70% por la nieve al 62% → 5.",1,,,reported,EV-S15-030,No hay personas afectadas.,1,,,reported,EV-S15-030,No se interrumpe ninguna función → 1.,1,,,reported,EV-S15-030,Ninguna (la multa por extraer de más sólo aplica si se excede el permiso).,3,2,3,observed,EV-S15-031;EV-S15-033,"Riego deficitario planificado: actuación real 2023-24 (pérdida de 8% en finca B, la menor del registro) → probado; pozo 1 de finca A funcionando y pozo 2 fuera de servicio desde 2026-07 (se evalúa por lo que hace); reservorio para 8 ha; compra de horas de turno a otros regantes (2020-21). Limitan parte; una parte importante se produce → 3.",5,,,reported,EV-S15-031,"La uva que no se produce no se reemplaza: nada repone → 5. La compra de horas actúa antes de la pérdida (contención, F5-2).",4,econ,"econ:cont,rec(secuencial);pers:cont;cont:cont,rec(secuencial);legal:cont",econ,false,,false,true,,,medium,La dotación de 2026-27 se publica en octubre; la pérdida con un solo pozo es estimación del agrónomo.,60,,75,§2.1;§2.2;§3.2;§3.3;§3.4;§4.1;§4.2;§4.4;§5.1;§5.2;§5.3;§5.4;§5.5;§6;D4;D5;D8;D14;D15;D19,Evento = resolución de reducción de dotación. P ancla 4 con +1 por la nieve al 62%. Pérdida económica cercana al RO. Contención probada parcial; sin recuperación.,,pending,,,
EV-0017,S15-R04,S15,riesgo,,,agente-8b-agro-y-alimentos,ai,8,F8-AG-01,metodologia v0.2,protocolo v0.2,2026-10-07,inicial,,,,,,,"Cabeceras con desnivel, bordes de acequias y camino con pendiente, con 4 tractores viejos sin estructura antivuelco",Vuelco lateral o hacia atrás de un tractor con el tractorista arriba,Aplastamiento o lesiones del tractorista; daño del tractor y del equipo; inspección y causa penal si hay muerte,v0/emi41/fichas/S15/S15-R04.md;v0/emi41/fichas/S15/empresa.md;v0/emi41/fichas/S15/transferencia.md,4,3,4,observed,EV-S15-040;EV-S15-041;EV-S15-043;EV-S15-044,"Historia propia de 14 años: vuelco 2020-12 (hace más de 3 años) → ancla 3; el incidente de 2024-02 sin vuelco es precursor. Ajuste +1 (§3.4.2): 2 de los 4 tractores sin estructura con frenos desparejos (inspección 2026-08) y 2 tractoristas sin capacitación ingresados en 2026, condiciones que no estaban en el período. Resultado 4.",4,3,4,assumed,EV-S15-041;sin_evidencia,"En el escenario plausible (muerte o incapacidad permanente): juicio civil USD 60-250 mil (estimación del abogado) + multa USD 1-50 mil + tractor y equipo USD 10-30 mil ≈ USD 0,2 M / RO 2025 USD 310 mil (último ejercicio cerrado, positivo, sin partidas extraordinarias) ≈ 65% → 4. Con una fractura sin juicio ≈ 10-20% → 3.",4,3,4,reported,EV-S15-041;EV-S15-042,"Un tractorista por tractor; 750 h/año en tractores sin estructura en la finca con desniveles. En un vuelco sin estructura el tractor cae sobre el tractorista: una muerte plausible (5 de 6 muertes provinciales 2020-2025 fueron en tractores sin estructura) → 4 (safety_critical). En un tractor con cabina, lesión grave (3).",1,,,reported,EV-S15-040,La tarea se cubre con los otros 8 tractores; el ciclo de pulverización de finca B pasa de 3 a 4 días → 1.,4,3,4,reported,EV-S15-040,"Inspección, posible clausura de la tarea con tractores sin estructura y, con una muerte, causa penal por homicidio culposo → 4.",4,4,5,reported,sin_evidencia;EV-S15-040,"Trabajo solo, celular con un tercio de finca B sin señal, sin control de hombre solo; 4 personas con primeros auxilios (2025-05, más de 12 meses); ambulancia a 45 min (en 2020 traslado en camioneta). Detección tardía y respuesta sin entrenamiento → 4.",3,3,4,reported,EV-S15-040,La lesión no se repone. El tractor se repara en el taller propio o se reemplaza por uno usado en 2-4 semanas: alternativa propia parcial presente sin prueba → 3.,4,econ;pers;legal,"econ:cont,rec(secuencial);pers:cont;cont:cont,rec(secuencial);legal:cont",econ;pers;legal,false,,true,true,,,medium,Cumplimiento de la prohibición en el camino con pendiente; horas reales de los tractores sin horómetro.,64,,80,§2.1;§2.2;§2.3;§3.2;§3.3;§3.4;§4.1;§4.2;§4.3;§4.4;§4.5;§5.3;§5.4;§5.5;§6;§8.2;D4;D5;D8;D14;D15;D19;D23,Evento = vuelco con el tractorista arriba. P ancla 3 con +1 por frenos y tractoristas sin capacitar. Una muerte plausible (safety_critical) con económico y legal en 4. Contención débil.,,pending,,,
EV-0018,S15-R05,S15,riesgo,,,agente-8b-agro-y-alimentos,ai,8,F8-AG-01,metodologia v0.2,protocolo v0.2,2026-10-07,inicial,,,,,,,"Tijeras y cuchillos a ritmo de pago por tanto, cosechadores sin guantes anticorte",Corte o pinchazo de un trabajador con su herramienta o la de un compañero,Lesión en manos o antebrazos con atención médica y días de baja,v0/emi41/fichas/S15/S15-R05.md;v0/emi41/fichas/S15/empresa.md;v0/emi41/fichas/S15/transferencia.md,5,,,observed,EV-S15-050,"Registro propio 2023-2026: 14, 11, 13 y 10 (a septiembre) lesiones cortantes con atención médica por año → más de una por año → ancla 5.",1,,,reported,EV-S15-050,"Atención y baja las paga el seguro del empleador; reemplazo en la cuadrilla sin costo relevante; sin reclamos civiles 2023-2026 → < 2% del RO 2025 USD 310 mil (último ejercicio cerrado, positivo, sin partidas extraordinarias) → 1.",2,2,3,observed,EV-S15-050,"Lesión típica: corte en mano con atención médica (10-14 por año, 2-3 con más de 10 días de baja) → 2. El caso de mayor consecuencia (sección de tendón, cirugía, 60 días) es lesión grave con incapacidad temporal → 3 como máximo.",1,,,reported,EV-S15-050,La cuadrilla sigue con un trabajador menos → 1.,1,,,reported,EV-S15-050,Denuncia a la aseguradora; sin inspecciones por estos accidentes en 2023-2026 → 1.,3,3,4,observed,EV-S15-053,"Botiquín y primeros auxilios en cada cuadrilla (actuación real en cada evento) y traslado a la guardia en 35 min promedio: actúan, pero el corte ya ocurrió y la atención limita poco del daño de la lesión → 3.",no_aplica,,,reported,EV-S15-050,La consecuencia es la lesión de una persona; no hay funciones ni bienes que restablecer → no_aplica.,2,pers,econ:cont;pers:cont;cont:cont;legal:cont,pers,false,,false,true,,,low,,30,,60,§2.1;§3.2;§3.3;§4.1;§4.2;§4.3;§5.3;§5.5.2;§6;D4;D5;D8;D14;D15;D19,Evento = corte o pinchazo. P 5 por frecuencia propia. Lesión típica leve con atención médica. Contención 3; recuperación no aplica.,,pending,,,AN-8-agro-y-alimentos-0017
EV-0019,S15-R06,S15,riesgo,,,agente-8b-agro-y-alimentos,ai,8,F8-AG-01,metodologia v0.2,protocolo v0.2,2026-10-07,inicial,,,,,,,"Avance de una polilla de la vid bajo control obligatorio desde fincas vecinas, por vuelo o por bins y maquinaria compartidos",Establecimiento de la plaga en una de las fincas (adultos en trampas o larvas en racimos),"Daño en racimos y podredumbre, tratamientos obligatorios, restricciones al traslado de uva y pérdida de cosecha si el control llega tarde",v0/emi41/fichas/S15/S15-R06.md;v0/emi41/fichas/S15/empresa.md;v0/emi41/fichas/S15/transferencia.md,3,3,4,observed,EV-S15-060;EV-S15-061;EV-S15-062,"Trampas propias sin capturas 2019-2026: la historia propia sólo descarta 4 y 5. Comparables cercanos: capturas en una finca a 3 km (2025-12) y en dos a 5 km (2026-02), dentro de 5 años → ancla 3; las capturas vecinas también son precursor (3). Sin +1: la zona bajo vigilancia y las vecinas sin tratar son las condiciones de los propios comparables; máximo 4 si se lee la cercanía como cambio de exposición.",4,3,5,reported,EV-S15-062;EV-S15-002,"Bruto sin detección temprana (V): la plaga en una finca daña 5-15% de su producción (finca B USD 1,15 M, finca A USD 1,90 M). Plausible 10% en una finca: USD 115-190 mil de facturación × (1 − USD 0,13/kg de cosecha y flete) + tratamientos obligatorios USD 13-31 mil ≈ USD 0,12-0,2 M / RO 2025 USD 310 mil (último ejercicio cerrado, positivo, sin partidas extraordinarias) ≈ 39-65% → 4. Las dos fincas al 15% → 5.",1,,,reported,EV-S15-062,No hay personas expuestas.,1,,,reported,EV-S15-062,No se interrumpe ninguna función → 1.,3,,,reported,EV-S15-062,"Inclusión en zona bajo control: tratamientos obligatorios con registro, certificado de traslado e inspecciones → plan de adecuación obligatorio bajo inspección → 3.",3,3,4,observed,EV-S15-060,8 trampas propias con revisión semanal (registro completo 2025-26) sin ninguna actuación real; tratamientos con 5 pulverizadoras propias en ciclo de 3 días; asesoramiento oficial en una semana. Medidas presentes sin prueba → 3.,5,,,reported,EV-S15-062,La uva dañada no se reemplaza y la plaga se controla pero no se elimina → 5.,4,econ,"econ:cont,rec(secuencial);pers:cont;cont:cont,rec(secuencial);legal:cont",econ,false,,false,true,,,medium,Recorrido de los bins de las bodegas y cumplimiento del lavado; daño real en la primera temporada.,36,,80,§2.1;§2.2;§3.2;§3.3;§3.4;§4.1;§4.2;§4.5;§5.2;§5.3;§5.4;§5.5;§6;D4;D5;D8;D14;D15;D19,Evento = establecimiento de la plaga. P ancla 3 por comparables cercanos. Pérdida de producción relevante frente a un RO chico. Contención presente sin prueba; sin recuperación.,,pending,,,AN-8-agro-y-alimentos-0018
EV-0020,S16-R01,S16,riesgo,,,agente-8b-agro-y-alimentos,ai,8,F8-AG-01,metodologia v0.2,protocolo v0.2,2026-10-07,inicial,,,,,,,Un socio aplica un agroquímico no autorizado o no respeta el tiempo de carencia,"Ingreso a la planta de uva con residuo por encima del límite legal, mezclada en una pileta con uva de otros socios","Pileta fuera de norma a destilar o destruir; si se vende, rechazo del comprador o retiro del fraccionado, decomiso, multa y posible suspensión de la inscripción del producto",v0/emi41/fichas/S16/S16-R01.md;v0/emi41/fichas/S16/empresa.md;v0/emi41/fichas/S16/transferencia.md,4,4,5,observed,EV-S16-010;EV-S16-011;EV-S16-012;EV-S16-004,"Análisis por pileta desde 2024 (muestra de 15-20%): una pileta con insecticida no autorizado en la vendimia 2025 (dentro de 36 meses) → ancla 4. El registro tiene 3 vendimias y analiza 1 de cada 5 piletas: no es historia ""representativa"" en el sentido de §3.2 (≥5 años), pero el antecedente cumple el ancla. Sin ajustes: 37% sin cuaderno y la sanción no aplicada no son condiciones nuevas respecto de 2025. Máximo 5 porque la muestra subestima la frecuencia (1 de 64 analizadas sobre ~350 piletas en 3 años).",2,1,2,assumed,EV-S16-011;sin_evidencia,"Bruto sin análisis (V): el vino se vende. Fraccionado: retiro de 400.000 unidades USD 250-400 mil (estimación del gerente) + multa hasta USD 150 mil + pileta USD 132 mil ≈ USD 0,5-0,7 M; granel: devolución, penalidad 15% y destilación ≈ USD 0,12 M. Plausible ≈ USD 0,4 M / magnitud de referencia: resultado antes de liquidar la uva 2025 = margen de contribución antes de liquidar USD 12,82 M − costos fijos USD 3,14 M = USD 9,68 M (§4.2 magnitud 3: el RO es negativo en los tres ejercicios por diseño; ver anomalía A6) ≈ 4% → 2.",1,1,2,reported,EV-S16-013,El residuo supera un límite legal de seguridad alimentaria; el laboratorio no informa efectos agudos esperables en consumidores → 1.,1,,,reported,EV-S16-011,No se interrumpe ninguna función; la pileta queda bloqueada → 1.,3,3,4,reported,EV-S16-013,"Vino en el mercado: retiro ordenado por la autoridad sanitaria, notificación a compradores, decomiso y sumario → 3; posible suspensión de la inscripción del producto fraccionado → 4 como máximo.",3,,,observed,EV-S16-010;EV-S16-011,"Análisis multirresiduo de 15-20% de las piletas (actuación real 2025, detectó antes de vender) y análisis de 3 de 5 compradores a granel; 80% de las piletas sin análisis y supermercados sin análisis. Se evalúa por lo que hace: limita parte y deja que una parte importante llegue al mercado → 3.",2,2,3,observed,EV-S16-011,"Destilación (actuación real 2025) y reemplazo del volumen con stock propio para cumplir contratos (2025): probadas, reponen la mayor parte → 2.",3,legal,"econ:cont,rec(secuencial);pers:cont;cont:cont,rec(secuencial);legal:cont",legal,false,,false,true,,,medium,Frecuencia real (sólo 15-20% de piletas analizadas); costo de un retiro estimado; magnitud de referencia económica elegida por §4.2.3.,36,,60,§2.1;§2.2;§3.2;§3.3;§4.1;§4.2;§4.3;§4.5;§5.2;§5.3;§5.4;§5.5;§6;D4;D5;D8;D14;D15;D19,Evento = ingreso de uva con residuo a una pileta. P ancla 4 por la pileta de 2025. I legal 3 por retiro y decomiso si se vende. Contención parcial (muestra) y recuperación probada. Magnitud económica por la regla 3 de §4.2.,,pending,,,AN-8-agro-y-alimentos-0019;AN-8-agro-y-alimentos-0020
EV-0021,S16-R02,S16,riesgo,,,agente-8b-agro-y-alimentos,ai,8,F8-AG-01,metodologia v0.2,protocolo v0.2,2026-10-07,inicial,,,,,,,"Falla eléctrica en sala de tableros (interruptores con capacidad de corte insuficiente), motores de fraccionado o carga de autoelevadores, junto al depósito de envases",Ignición en la nave de fraccionado y depósito,"Destrucción de línea, depósito, producto y techo; propagación posible a la elaboración por el techo común; personas expuestas; meses sin fraccionar; uva sin recibir si alcanza la elaboración en vendimia",v0/emi41/fichas/S16/S16-R02.md;v0/emi41/fichas/S16/empresa.md;v0/emi41/fichas/S16/transferencia.md,4,3,4,observed,EV-S16-020;EV-S16-021;EV-S16-022;EV-S16-024,"Historia propia de 16 años: incendio de un motor en 2017-11 (más de 3 años) → ancla 3; comparables de la región 2022 y 2024 también dan 3. Ajuste +1 (§3.4.2): 3 interruptores con capacidad de corte menor que la carga actual (ampliación de 2021, relevamiento 2025-09, obra recién para 2026-11) y pasillos obstruidos en 2 de 6 sectores (2026-08): condiciones que no estaban en el período del antecedente. Resultado 4.",5,4,5,inferred,EV-S16-003;EV-S16-026,"Bruto sin pared ni portones (barrera, V) y con techo común de madera: nave de fraccionado USD 5,6 M (edificio, línea, insumos, producto) + propagación plausible a recepción, prensas y frío (USD 4,4 M) + fraccionado detenido 8-12 meses (vino vendido a granel a USD 0,33 en vez de 0,83 por litro). Total > USD 10 M / magnitud de referencia: resultado antes de liquidar la uva 2025 = margen de contribución antes de liquidar USD 12,82 M − costos fijos USD 3,14 M = USD 9,68 M (§4.2 magnitud 3: el RO es negativo en los tres ejercicios por diseño; ver anomalía A6) > 100% → 5. Sólo la nave de fraccionado más el margen perdido ≈ 85% → 4.",4,3,5,inferred,EV-S16-002,"10 personas por turno en fraccionado y 8-17 en la elaboración contigua en vendimia; salida más lejana a 70 m; carga de cartón, plástico y film con humo denso. Sin controles posteriores, una muerte plausible → 4 (safety_critical).",5,,,reported,EV-S16-003,"Fraccionado (función crítica, 52% de la facturación) detenido: línea nueva 8-12 meses, nave 12-18 meses → 5.",4,3,4,reported,EV-S16-021,Clausura del sector hasta la reconstrucción y nueva habilitación (clausura temporal) e intervención laboral si hay víctimas → 4.,3,3,4,observed,EV-S16-025,"Detección probada sólo en el depósito (ensayo 2026-02, 14 de 14), sin detección en la línea ni en la sala de tableros; hidrantes con bomba eléctrica sin respaldo diésel (se detiene si el fuego corta la energía; caudal 85 m³/h en 2026-03); brigada de 8 sólo en el turno mañana (capacitación 2025-11); simulacro de 2024-10 (más de 12 meses); pared con portones abiertos, sin verificar; bomberos a 15 min. Limitan parte; una parte importante se produce → 3.",3,2,3,observed,EV-S16-027;EV-S16-028,"Fraccionado por fasón en una bodega de la zona (actuación real 2024, 30% del volumen, sin contrato vigente) y venta a granel a 5 compradores regulares: alternativa probada que cubre una parte → 3. Sin plan de continuidad; recepción en otra cooperativa sin acuerdo (2023).",5,econ;cont,"econ:cont,rec(secuencial);pers:cont;cont:cont,rec(secuencial);legal:cont",econ;cont,true,econ;cont,true,true,,,medium,No hay estudio de propagación por el techo común; magnitud de referencia económica elegida por §4.2.3.,60,,80,§2.1;§2.2;§2.3;§2.4;§3.2;§3.3;§3.4;§4.1;§4.2;§4.3;§4.4;§4.5;§5.2;§5.3;§5.4;§5.5;§6;§8.1;§8.2;D4;D5;D8;D14;D15;D17;D19;D20;D23,"Evento = ignición en la nave de fraccionado. P ancla 3 con +1 por interruptores insuficientes. Pérdida mayor que la magnitud de referencia, fraccionado detenido meses y una muerte plausible. Contención y recuperación 3. El seguro no reduce I (D17).",,pending,,,AN-8-agro-y-alimentos-0019
EV-0022,S16-R03,S16,riesgo,,,agente-8b-agro-y-alimentos,ai,8,F8-AG-01,metodologia v0.2,protocolo v0.2,2026-10-07,inicial,,,,,,,Desgaste o falla eléctrica de uno de los dos compresores de la central de frío,Falla de un compresor de la central de frío durante la vendimia,"Menos frío, fermentaciones sobre temperatura con vino defectuoso, recepción reducida con uva demorada o desviada",v0/emi41/fichas/S16/S16-R03.md;v0/emi41/fichas/S16/empresa.md;v0/emi41/fichas/S16/transferencia.md,5,4,5,observed,EV-S16-030;EV-S16-032;EV-S16-033,"Historia propia de 16 años: fallas en vendimia 2021-02 y 2024-03-11 (hace 31 meses) → ancla 4. Ajuste +1 (§3.4.2): rodamiento del compresor 1 en nivel de alerta (vibraciones 2026-07), repuesto sin fecha: degradación observada que no estaba en el período. Resultado 5.",2,1,3,inferred,EV-S16-031,"Bruto sin alarma ni reparto del frío: con 60% de la capacidad en el pico, varias piletas de 300.000 l superan 32 °C (USD 30-45 mil cada una; plausible 6-10 piletas) + reparación USD 12-30 mil + uva desviada (USD 75/t de margen y flete) ≈ USD 0,3-0,5 M / magnitud de referencia: resultado antes de liquidar la uva 2025 = margen de contribución antes de liquidar USD 12,82 M − costos fijos USD 3,14 M = USD 9,68 M (§4.2 magnitud 3: el RO es negativo en los tres ejercicios por diseño; ver anomalía A6) ≈ 3-5% → 2. Con respuesta, en 2024 fueron USD 68 mil (1).",1,,,reported,EV-S16-030,No hay personas expuestas por la falla.,2,2,3,observed,EV-S16-030;EV-S16-034,Recepción en vendimia (función crítica) baja a ~60% (compresor 1) durante 3-10 días de reparación: degradación menor a la mitad → un nivel por debajo de 3 → 2.,1,,,reported,EV-S16-030,Ninguna.,2,2,3,observed,EV-S16-030,"Alarma de temperatura por pileta (actuación real 2024-03, detectó en 6 h), reducción de la recepción y reparto del frío, hielo seco y trasiego: en 2024 sólo 3 de 41 piletas superaron 32 °C → probadas, daño acotado → 2.",3,2,3,observed,EV-S16-030,"Servicio técnico con contrato de respuesta en 24 h (llegó a las 18 h en 2024); recepción en otra cooperativa (actuación real 2024, 1.800 t en 5 días) sin acuerdo escrito; sin equipo de frío móvil. Alternativa probada que cubre una parte → 3.",2,econ;cont,"econ:cont,rec(secuencial);pers:cont;cont:cont,rec(secuencial);legal:cont",econ;cont,false,,false,true,,,medium,Fecha de entrega del rodamiento; magnitud de referencia económica elegida por §4.2.3.,20,,45,§2.1;§2.2;§3.2;§3.3;§3.4;§4.1;§4.2;§4.4;§5.1;§5.2;§5.3;§5.4;§5.5;§6;D4;D5;D8;D14;D15;D19,Evento = falla de un compresor en vendimia. P ancla 4 con +1 por el rodamiento en alerta. Degradación de la recepción menor a la mitad. Contención probada.,,pending,,,AN-8-agro-y-alimentos-0019
EV-0023,S16-R04,S16,riesgo,,,agente-8b-agro-y-alimentos,ai,8,F8-AG-01,metodologia v0.2,protocolo v0.2,2026-10-07,inicial,,,,,,,Carga manual de pesos y grados desde tickets y fórmulas de precio cambiadas cada año,Liquidación de la vendimia con un error que paga de más a unos socios y de menos a otros,"Reclamos, reliquidación, costo de corregir, conflicto en asamblea y posible intervención de la autoridad de cooperativas",v0/emi41/fichas/S16/S16-R04.md;v0/emi41/fichas/S16/empresa.md;v0/emi41/fichas/S16/transferencia.md,4,4,5,observed,EV-S16-040;EV-S16-042,"Registro propio 2018-2026: liquidaciones con error de la vendimia 2023 (fórmula) y 2025 (11 entregas mal asignadas, dentro de 36 meses) → ancla 4. Sin ajustes: la carga manual y el cambio anual de tabla existían en el período; la doble carga del 10% (2024) no evitó el error de 2025. Máximo 5 por la tabla 2026 con un adicional nuevo.",1,,,observed,EV-S16-040,"Diferencias de USD 30-100 mil que se compensan entre socios; no recuperado ~USD 5 mil (2023) + reliquidación y auditoría USD 15-25 mil ≈ USD 30 mil / magnitud de referencia: resultado antes de liquidar la uva 2025 = margen de contribución antes de liquidar USD 12,82 M − costos fijos USD 3,14 M = USD 9,68 M (§4.2 magnitud 3: el RO es negativo en los tres ejercicios por diseño; ver anomalía A6) < 2% → 1.",1,,,reported,EV-S16-040,No hay daño a personas.,1,,,reported,EV-S16-040,No se interrumpe ninguna función.,2,2,4,reported,EV-S16-043,Reclamos de socios ante el consejo y la asamblea y denuncia posible ante la autoridad de cooperativas → requerimiento formal / reclamo acotado → 2. La designación de un veedor (pasó en 1 de 3 conflictos del sector) es intervención regulatoria → 4 como máximo.,4,3,4,observed,EV-S16-040;EV-S16-041,"El error se detecta por reclamo del socio en 30 días (actuación real 2023 y 2025, en los dos casos lo detectó un socio): detección por terceros → 4. La auditoría externa es a pedido de la asamblea. Mínimo 3 porque el mecanismo de reclamo es formal y actuó.",2,,,observed,EV-S16-040,"Reliquidación en la cuota siguiente: actuación real 2023-12 y 2025-07, recuperó USD 24 de 29 mil pagados de más → probada, repone la mayor parte → 2.",2,legal,"econ:cont,rec(secuencial);pers:cont;cont:cont,rec(secuencial);legal:cont",legal,false,,false,true,,,medium,Sin registro escrito de la revisión de fórmulas 2026; si el conflicto llegaría a la autoridad de cooperativas.,32,,80,§2.1;§2.2;§3.2;§3.3;§4.1;§4.2;§4.5;§5.2;§5.3;§5.4;§5.5;§6;D4;D5;D8;D14;D15;D19,Evento = liquidación con error. P ancla 4. La consecuencia es sobre todo institucional (legal 2). Detección por terceros (contención 4) y reliquidación probada.,,pending,,,AN-8-agro-y-alimentos-0019;AN-8-agro-y-alimentos-0021
EV-0024,S16-R05,S16,riesgo,,,agente-8b-agro-y-alimentos,ai,8,F8-AG-01,metodologia v0.2,protocolo v0.2,2026-10-07,inicial,,,,,,,Descarga manual sobre tolvas con sinfín abierto (3 de 4 sin rejilla) y vehículos maniobrando marcha atrás,Una persona cae dentro de una tolva o es golpeada o atrapada por un vehículo en maniobra en la playa,"Atrapamiento en el sinfín, aplastamiento o fracturas; clausura de la recepción; causa penal si hay muerte",v0/emi41/fichas/S16/S16-R05.md;v0/emi41/fichas/S16/empresa.md;v0/emi41/fichas/S16/transferencia.md,4,4,5,observed,EV-S16-050;EV-S16-051;EV-S16-052;EV-S16-053,"Registro propio (socios y choferes desde 2018): 2022-03, 2025-02 (temporario golpeado por un camión) y 2026-03 (socio colgado del borde con el sinfín en marcha): 2 en los últimos 36 meses, menos de uno por año → ancla 4. Sin ajustes: la falta de rejillas (desde 2019) y de señalero existían en el período.",2,,,assumed,EV-S16-051;sin_evidencia,"Socio o chofer (sin seguro de la cooperativa): reclamo civil USD 100-400 mil + multa USD 2-60 mil + clausura de 3 días en el pico (~2.550 t desviadas, USD 75/t ≈ USD 0,19 M) ≈ USD 0,3-0,65 M / magnitud de referencia: resultado antes de liquidar la uva 2025 = margen de contribución antes de liquidar USD 12,82 M − costos fijos USD 3,14 M = USD 9,68 M (§4.2 magnitud 3: el RO es negativo en los tres ejercicios por diseño; ver anomalía A6) ≈ 3-7% → 2.",4,3,4,reported,EV-S16-051,"Sinfín de 15 kW a 30 rpm en tolva de 2,2 m sin rejilla: una caída dentro hace plausible una muerte o amputación (provincia 2016-2025: 2 muertes y 5 amputaciones en tolvas) → 4 (safety_critical).",2,2,3,reported,EV-S16-051,Clausura de la recepción en vendimia por la autoridad laboral: 3 días en el antecedente provincial de 2021 → 2.,4,,,reported,EV-S16-051,"Inspección, clausura posible de la recepción y causa penal con posible imputación del consejo y del jefe de recepción → 4.",4,4,5,observed,EV-S16-052;EV-S16-050,"Parada de emergencia probada en 2026-01 pero a 8 m de la tolva, fuera del alcance (en 2026-03 nadie la accionó); primeros auxilios 2 por turno (2026-02); ambulancia a 15 min; sin simulacro de rescate. Funciona parcialmente: se evalúa por lo que hace → 4.",5,,,reported,EV-S16-050,La lesión no se repone y nada acorta una clausura de la recepción → 5 (las otras tolvas sólo siguen si no hay clausura).,4,pers;legal,"econ:cont,rec(secuencial);pers:cont;cont:cont,rec(secuencial);legal:cont",pers;legal,false,,true,true,,,medium,Si el incidente de 2026-03 (colgado del borde) cuenta como caída; proporción de víctimas socios o empleados; magnitud económica elegida por §4.2.3.,64,,100,§2.1;§2.2;§2.3;§3.2;§3.3;§4.1;§4.2;§4.3;§4.4;§4.5;§5.2;§5.3;§5.4;§5.5;§6;§8.2;D4;D5;D8;D14;D15;D19;D23,Evento = caída en tolva o golpe de vehículo. P ancla 4. Una muerte plausible (safety_critical) y legal 4. Contención débil (parada fuera de alcance).,,pending,,,AN-8-agro-y-alimentos-0019
EV-0025,S16-R06,S16,riesgo,,,agente-8b-agro-y-alimentos,ai,8,F8-AG-01,metodologia v0.2,protocolo v0.2,2026-10-07,inicial,,,,,,,"El mayor comprador reduce compras a terceros por caída de ventas, viñedos propios o un problema de calidad",El mayor comprador a granel comunica que no renueva el contrato anual,"Hasta 6,5 M de litros sin comprador; venta a menor precio o stock; menor liquidación a los socios",v0/emi41/fichas/S16/S16-R06.md;v0/emi41/fichas/S16/empresa.md;v0/emi41/fichas/S16/transferencia.md,4,3,4,observed,EV-S16-061;EV-S16-062;EV-S16-063;EV-S16-064,Historia propia 2015-2026: un comprador de 25% del granel no renovó en 2019 (más de 3 años) → ancla 3. Ajuste +1 (§3.4.2): en 2026-06 renovó con 20% menos volumen y anunció 300 ha propias que producen desde 2028; devolución por calidad en 2026-08: cambio de exposición que no estaba en el período. Resultado 4.,3,2,3,inferred,EV-S16-060;EV-S16-064,"Bruto sin vender en spot (V): 6,5 M de litros sin comprador, USD 2,1 M de facturación menos fletes y comisiones (USD 0,01/l) ≈ USD 2,0 M / magnitud de referencia: resultado antes de liquidar la uva 2025 = margen de contribución antes de liquidar USD 12,82 M − costos fijos USD 3,14 M = USD 9,68 M (§4.2 magnitud 3: el RO es negativo en los tres ejercicios por diseño; ver anomalía A6) ≈ 21% → 3. Si se cuenta sólo la caída de precio del spot (18%) más el costo de stock ≈ 5% → 2.",1,,,reported,EV-S16-060,No hay daño a personas.,1,,,inferred,EV-S16-060,"No se interrumpe ninguna función; con 24 M + 6,5 M de litros el stock queda debajo de la capacidad de 38 M → 1.",1,,,reported,EV-S16-060,Ninguna.,5,,,reported,EV-S16-060,No hay medidas que limiten la pérdida una vez que el comprador no renueva → 5.,3,3,4,observed,EV-S16-061;EV-S16-065,"Venta en el mercado spot (actuación real 2019, más de 3 años: presente sin prueba), fraccionado propio con 2,5 M de litros de capacidad libre sin estudio de demanda, destilación a USD 0,08/l: alternativas formales parciales presentes sin prueba → 3.",3,econ,"econ:cont,rec(secuencial);pers:cont;cont:cont,rec(secuencial);legal:cont",econ,false,,false,true,,,medium,Capacidad del mercado spot para absorber el volumen en 2027; magnitud de referencia económica elegida por §4.2.3.,48,,60,§2.1;§3.2;§3.3;§3.4;§4.1;§4.2;§4.4;§5.3;§5.4;§5.5;§6;D4;D5;D8;D14;D15;D19,Evento = comunicación de no renovación. P ancla 3 con +1 por la renovación reducida y los viñedos propios del comprador. Pérdida económica de 21% de la magnitud de referencia. Sin contención; recuperación 3.,,pending,,,AN-8-agro-y-alimentos-0019
EV-0026,S17-R01,S17,riesgo,,,agente-8b-agro-y-alimentos,ai,8,F8-AG-01,metodologia v0.2,protocolo v0.2,2026-10-07,inicial,,,,,,,"Incrustaciones y sobrecalentamiento de tubos por agua fuera de especificación, o corrosión de la placa tubular",Rotura de un componente a presión de una caldera con salida de vapor y agua a presión,Vapor en la sala con operadores expuestos; caldera fuera de servicio; menos vapor; posible clausura de la sala (detiene la planta) y causa penal,v0/emi41/fichas/S17/S17-R01.md;v0/emi41/fichas/S17/empresa.md;v0/emi41/fichas/S17/transferencia.md,5,4,5,observed,EV-S17-010;EV-S17-012;EV-S17-013;EV-S17-014,"Historia propia de 20 años: rotura de un tubo de humo de la caldera 2 en 2024-07 (hace 27 meses) → ancla 4; la fisura de 2019 detectada en prueba hidráulica es precursor. Ajuste +1 (§3.4.2): dureza del agua fuera de límite en 9 de 39 semanas de 2026 con una columna del ablandador fuera de servicio desde 2026-05, incrustaciones de 1,5 mm en la caldera 1 (2026-04) y caldera 3 operando con prueba hidráulica vencida desde 2026-08: condiciones que no estaban en el período. Resultado 5.",3,2,4,assumed,EV-S17-005;sin_evidencia,"En el escenario plausible con una víctima: indemnizaciones y costos legales USD 200-600 mil por persona (asesor legal) + reparación USD 60-250 mil + clausura de la sala de calderas (detiene la planta: USD 178 mil/día × 25% = USD 44,5 mil/día de margen) por algunos días ≈ USD 0,6-0,9 M / RO 2025 USD 5,9 M (último ejercicio cerrado, positivo, sin partidas extraordinarias) ≈ 10-15% → 3. Sin víctimas, sólo reparación y 16% de capacidad en campaña ≈ 2; dos muertos y clausura larga ≈ 30% → 4.",4,3,5,reported,EV-S17-011;EV-S17-003,"2 operadores por turno con el tablero a 6 m del frente de las calderas 1 y 2, más el jefe en 06-14 y 2-6 de mantenimiento en el pasillo; un chorro de vapor a 10 bar quema en segundos. Una muerte plausible → 4 (safety_critical); en la provincia, una rotura con 2 operadores muertos (2021) → máximo 5.",3,2,4,inferred,EV-S17-005;EV-S17-010,"Generación de vapor pierde 38% (52 → 32 t/h) durante 2-4 semanas de reparación: degradación menor a la mitad (un nivel menos que 4) → 3; en el escenario con víctimas, la clausura de la sala detiene toda la planta. Mínimo 2 (reparación de 9 días como en 2024).",4,,,reported,EV-S17-011,"Notificación al organismo de inspección y prohibición de operar la caldera; con lesionados o muertos, inspección laboral, posible clausura de la sala y causa penal → 4.",3,2,3,observed,EV-S17-014;EV-S17-015;EV-S17-010,"Cortes automáticos por bajo nivel y sobrepresión probados en 2026-04 (calderas 1 y 2; caldera 3 en 2025-08, más de 12 meses); corte de gas probado (actuación real 2024-07 en 2 min); simulacro de evacuación 2025-11 (40 s); duchas, enfermería y ambulancia a 12 min. Las otras dos calderas mantienen el vapor (redundancia: contención por F5-2). Para quien está frente a la caldera el vapor ya salió: limitan parte, una parte importante se produce → 3.",4,4,5,reported,EV-S17-010,"Caldera móvil de 10 t/h de otra provincia en 7-10 días, sin contrato ni antecedente; reparación por taller regional (9 días en 2024, reposición normal). Lo que queda para recuperación es improvisado → 4.",4,pers;legal,"econ:cont,rec(secuencial);pers:cont;cont:cont,rec(secuencial);legal:cont",pers;legal,false,,true,true,,,medium,Ensayo de espesores de la placa tubular de la caldera 1; personas frente a la caldera en el momento de la rotura; duración de una clausura.,60,,75,§2.1;§2.2;§2.3;§3.2;§3.3;§3.4;§4.1;§4.2;§4.3;§4.4;§4.5;§5.1;§5.2;§5.3;§5.4;§5.5;§6;§8.2;D4;D5;D8;D14;D15;D17;D19;D23,"Evento = rotura del componente a presión. P ancla 4 con +1 por agua dura, incrustaciones y prueba vencida. Una muerte plausible (safety_critical). Contención probada parcial; la redundancia de calderas va a contención (F5-2).",,pending,,,AN-8-agro-y-alimentos-0022
EV-0027,S17-R02,S17,riesgo,,,agente-8b-agro-y-alimentos,ai,8,F8-AG-01,metodologia v0.2,protocolo v0.2,2026-10-07,inicial,,,,,,,"Contrato interrumpible y alta demanda invernal, o falla del gasoducto regional",La distribuidora corta o restringe el suministro de gas a la planta,"Calderas 1 y 2 detenidas; evaporación reducida; producción postergada, costo de fuel oil y demoras de entrega",v0/emi41/fichas/S17/S17-R02.md;v0/emi41/fichas/S17/empresa.md;v0/emi41/fichas/S17/transferencia.md,5,,,observed,EV-S17-020;EV-S17-021,"Registro propio de 12 años: cortes todos los años salvo 2016; 2023-2026 con 3, 2, 4 y 3 eventos por año → ancla 5.",2,2,3,observed,EV-S17-022;EV-S17-023,"Bruto sin caldera 3 a fuel oil ni recuperación posterior: evaporación detenida durante el corte (promedio 3-4 días por evento): margen de USD 178 mil/día × 25% ≈ USD 44,5 mil/día → USD 0,13-0,18 M + penalidades (USD 18 mil en 2025) / RO 2025 USD 5,9 M (último ejercicio cerrado, positivo, sin partidas extraordinarias) ≈ 2-3% → 2. Un corte como el de 6 días continuos más días encadenados → 3.",1,,,reported,EV-S17-020,No hay personas expuestas.,2,2,3,observed,EV-S17-020,"Bruto sin combustible alternativo: evaporación detenida durante el corte; los eventos registrados duran unos 3-4 días en promedio (2025: 14 días en 4 eventos, el más largo 6) → 2; 3 si supera 3 días.",1,,,reported,EV-S17-020,Ninguna.,2,,,observed,EV-S17-022,"Caldera 3 a fuel oil, cambio en 2 h, actuación real en todos los cortes 2023-2026: mantiene la evaporación a ~45% (contención, F5-2); tanque de 2,5 días con reposición en 48 h (en 2025-07, 10 h detenida). Probada, daño acotado → 2.",1,1,2,observed,EV-S17-024,"Recuperación de la producción con 20% de capacidad ociosa de invierno: actuación real 2025, los 14 días se recuperaron antes de 2025-09-30 (repone casi todo lo perdido) → 1. Reprogramación de embarques (2 demorados).",2,econ;cont,"econ:cont,rec(secuencial);pers:cont;cont:cont,rec(secuencial);legal:cont",econ,false,,false,true,,,low,,20,,30,§2.1;§2.2;§3.2;§3.3;§4.1;§4.2;§4.4;§5.1;§5.2;§5.3;§5.4;§5.5;§6;D4;D5;D8;D14;D15;D19,Evento = corte o restricción de gas. P 5 por frecuencia. Bruto con evaporación detenida algunos días. Fuel oil como contención probada y recuperación de producción probada.,,pending,,,
EV-0028,S17-R03,S17,riesgo,,,agente-8b-agro-y-alimentos,ai,8,F8-AG-01,metodologia v0.2,protocolo v0.2,2026-10-07,inicial,,,,,,,Falla de estanqueidad de una válvula de doble asiento o error de secuencia de la limpieza automática,Ingreso de solución de limpieza (soda cáustica) al mosto en concentración o envasado,"Lote con soda; si se exporta, el cliente lo incorpora a sus bebidas: reclamo, retiro de productos del cliente, alerta sanitaria en destino e indemnización",v0/emi41/fichas/S17/S17-R03.md;v0/emi41/fichas/S17/empresa.md;v0/emi41/fichas/S17/transferencia.md,4,4,5,observed,EV-S17-030;EV-S17-032,Historia propia de 16 años: lotes con soda en 2022-11 y 2025-09 (hace 13 meses) → ancla 4. Sin ajuste: las 2 juntas desgastadas sin cambiar (2026-06) son el mismo tipo de condición que causó el evento de 2025 (estaba en el período). Máximo 5 si se leen como condición nueva.,unknown,2,5,reported,EV-S17-034;EV-S17-035;sin_evidencia,"Bruto sin laboratorio ni retención: el lote llega al mayor cliente. Retiro de un mes de producción del cliente estimado por él en USD 6-9 M (> 100% del RO 2025 USD 5,9 M (último ejercicio cerrado, positivo, sin partidas extraordinarias) → 5) si la cláusula vigente cubre el retiro como la anterior (sin tope); si el tope es el valor del lote (USD 31 mil) quedan lote + multa hasta USD 300 mil ≈ 2-5% → 2. La cláusula renegociada en 2025-12 no se relevó: el rango cubre 4 niveles y no hay base para preferir uno → unknown (§4.2.3, §9.2).",1,1,2,inferred,EV-S17-036,"Diluido como lo usan los clientes, pH 8,5-9 en la bebida: sabor alterado e irritación bucal posible, sin casos registrados en el sector → 1; máximo 2.",1,,,reported,EV-S17-030,No se detiene la planta; el lote y los embarques del período quedan retenidos 2-5 días → 1.,3,3,4,reported,EV-S17-031,"Notificación obligatoria a la autoridad sanitaria, alerta en destino con inspección reforzada de embarques (12 meses en el antecedente sectorial) y sumario → 3; posible suspensión de la habilitación de exportación → 4.",2,1,2,observed,EV-S17-030;EV-S17-033,"Análisis de laboratorio de cada lote antes del envasado final (actuación real 2022-11 y 2025-09, retuvo los dos lotes) y retención de embarques hasta el certificado (ninguno salió sin él) → probadas, limitan el daño al lote → 2. La alarma de pH en línea no actuó nunca (desactivada en 2025) y el procedimiento de retiro nunca se ensayó.",2,,,observed,EV-S17-030,"Reproceso o venta como producto de menor calidad (actuación real 2025-09) y reposición con stock de la cámara (unas 3 semanas): probadas, reponen la mayor parte → 2.",≥ 3,legal,"econ:cont,rec(secuencial);pers:cont;cont:cont,rec(secuencial);legal:cont",,false,,false,false,i_econ unknown (cláusula de indemnización del contrato vigente con el mayor cliente no relevada): su cota P × I_econ_max × V_econ = 4 × 5 × 2 = 40 supera el C_raw de las dimensiones conocidas (§9.3.2).,"Obtener el texto de la cláusula de indemnización del contrato 2025-12 con el mayor cliente (tope: valor del lote, valor anual del contrato o sin tope; si incluye pérdida de ventas) y confirmar si la alarma de pH en línea está activa.",high,Texto de la cláusula de indemnización vigente y estado de la alarma en línea; definen si la pérdida está debajo de 5% o por encima del RO.,,,50,§2.1;§2.2;§3.2;§3.3;§3.4;§4.1;§4.2;§4.3;§4.5;§5.2;§5.3;§5.4;§5.5;§6;§9.2;§9.3;§9.4;§9.5;D4;D5;D8;D9;D14;D15;D19,Evento = ingreso de soda al mosto. P ancla 4. I económico unknown por la cláusula no relevada: la cota supera el C_raw de las dimensiones conocidas y el riesgo es no evaluable (§9.3). Va a la cola de validación.,,pending,,,AN-8-agro-y-alimentos-0023
EV-0029,S17-R04,S17,riesgo,,,agente-8b-agro-y-alimentos,ai,8,F8-AG-01,metodologia v0.2,protocolo v0.2,2026-10-07,inicial,,,,,,,Carga orgánica de campaña sobre la capacidad de tratamiento o falla de aireadores (uno fuera de servicio),Vertido al colector del parque de efluente con DQO o pH por encima del límite del permiso,"Multa agravada por reincidencia, plan de adecuación y posible suspensión del permiso de vuelco con detención del proceso",v0/emi41/fichas/S17/S17-R04.md;v0/emi41/fichas/S17/empresa.md;v0/emi41/fichas/S17/transferencia.md,5,,,observed,EV-S17-040;EV-S17-041,"Vertidos fuera de límite registrados por la autoridad (2024-03, 2025-04) y por autocontrol (4 de 50 en 2024, 5 de 50 en 2025, 3 de 26 en 2026): varios por año → ancla 5.",2,2,3,inferred,EV-S17-045;EV-S17-042,"Plausible: exceso detectado con multa duplicada por reincidencia, USD 90-180 mil (responsable ambiental) / RO 2025 USD 5,9 M (último ejercicio cerrado, positivo, sin partidas extraordinarias) ≈ 1,5-3% → 2. Si la autoridad suspende el permiso por ser la tercera infracción en 3 años (5-30 días en la región): USD 44,5 mil/día de margen → USD 0,2-1,3 M → 3.",1,,,reported,EV-S17-040,No hay personas expuestas en la planta por el evento.,1,1,3,reported,EV-S17-042,Plausible: el vertido no detiene funciones → 1. Con suspensión del permiso el proceso se detiene 5-30 días (3-4); el rango queda acotado a 3.,3,3,4,observed,EV-S17-040;EV-S17-044,"Acta, multa agravada y plan de adecuación obligatorio bajo inspección (ya vigente con prórroga) → 3. La tercera infracción en 3 años habilita la suspensión del permiso (4) y la denuncia penal si hay daño al cauce.",3,3,4,observed,EV-S17-041,"Autocontrol semanal con resultado a 3-7 días (sin medición en línea de DQO); pileta de ecualización de 1.200 m³ (usada en 2026-03, 10 h); reducción de carga (2026-04, bajo límite en 9 días): actúan con demora y limitan parte → 3.",3,,,observed,EV-S17-046,"Transporte de efluente en camiones con acuerdo escrito por hasta 400 m³/día (usado en 2025-04, 4 días) frente a 1.600-2.100 m³/día en campaña: alternativa probada que cubre una parte → 3.",3,legal,"econ:cont,rec(secuencial);pers:cont;cont:cont,rec(secuencial);legal:cont",legal,false,,false,true,,,medium,Si la autoridad suspendería el permiso ante una tercera infracción; caracterización del efluente posterior a 2026-07.,45,,80,§2.1;§2.2;§3.2;§3.3;§4.1;§4.2;§4.4;§4.5;§5.2;§5.3;§5.4;§5.5;§6;§9.1;D4;D5;D8;D14;D15;D19,Evento = vertido fuera de límite. P 5 por frecuencia. Consecuencia plausible: multa agravada y plan obligatorio (legal 3); la suspensión queda en el rango. Contención y recuperación 3.,,pending,,,AN-8-agro-y-alimentos-0024
EV-0030,S17-R05,S17,riesgo,,,agente-8b-agro-y-alimentos,ai,8,F8-AG-01,metodologia v0.2,protocolo v0.2,2026-10-07,inicial,,,,,,,"Conexión manual de mangueras, purgas de trampas y apertura de bridas sin despresurizar",Salida de vapor o condensado caliente sobre un operario durante una tarea en una línea de vapor,"Quemaduras en manos, brazos o cara; días de baja",v0/emi41/fichas/S17/S17-R05.md;v0/emi41/fichas/S17/empresa.md;v0/emi41/fichas/S17/transferencia.md,5,,,observed,EV-S17-050,"Registro propio: quemaduras con atención en 2023-05, 2025-03 y 2 en 2026-04: 3 eventos en los últimos 36 meses (2025-03 y 2026-04 ×2) → al menos uno por año en promedio → ancla 5.",1,1,2,inferred,EV-S17-050;EV-S17-054,"Reemplazo y horas extra USD 3-8 mil + multa posible USD 3-100 mil; plausible ≈ USD 20 mil / RO 2025 USD 5,9 M (último ejercicio cerrado, positivo, sin partidas extraordinarias) < 2% → 1.",3,2,3,observed,EV-S17-050,Quemadura de segundo grado con baja (2023: 12 días; 2025: 6 días de internación y 45 de baja) → incapacidad temporal en una persona → 3. Las de primer grado sin baja (2026) serían 1-2.,1,,,reported,EV-S17-050,La tarea se detiene minutos u horas; la planta sigue → 1.,2,,,observed,EV-S17-054,Denuncia e inspección posible con acta y requerimiento (2025-03) → 2.,2,2,3,observed,EV-S17-050,"4 duchas de emergencia con prueba mensual (última 2026-09) y enfriamiento inmediato (actuación real 2025-03 y 2026-04), enfermería y ambulancia en 11-12 min: probadas, limitan la profundidad de la quemadura a una persona → 2.",no_aplica,,,reported,EV-S17-050,La consecuencia es la lesión de una persona; no hay equipos ni funciones que restablecer → no_aplica.,3,pers,econ:cont;pers:cont;cont:cont;legal:cont,pers,false,,false,true,,,low,,30,,45,§2.1;§3.2;§3.3;§4.1;§4.2;§4.3;§4.5;§5.2;§5.3;§5.5.2;§6;D4;D5;D8;D14;D15;D19,Evento = salida de vapor sobre un operario. P 5 por frecuencia. Lesión con incapacidad temporal. Contención probada; recuperación no aplica.,,pending,,,
EV-0031,S17-R06,S17,riesgo,,,agente-8b-agro-y-alimentos,ai,8,F8-AG-01,metodologia v0.2,protocolo v0.2,2026-10-07,inicial,,,,,,,Corrosión por SO2 residual y fatiga térmica de tubos y placa de la calandria del primer efecto,Rotura de la calandria del primer efecto que deja el evaporador principal fuera de servicio,Planta con el evaporador secundario (30%) 10-14 semanas o 6-8 meses; producción perdida o postergada; recepción detenida en campaña; penalidades,v0/emi41/fichas/S17/S17-R06.md;v0/emi41/fichas/S17/empresa.md;v0/emi41/fichas/S17/transferencia.md,4,3,4,observed,EV-S17-060;EV-S17-061;EV-S17-062;EV-S17-064,"Historia propia de 18 años sin rotura: sólo descarta 4 y 5 (las pérdidas de tubos de 2023 y 2025 son precursores). Comparables de la región: 2 reemplazos de calandria por rotura en 2019-2025 en equipos de 15-17 años → ancla 3; los precursores también dan 3. Ajuste +1 (§3.4.2) contra lo habitual en los comparables: 12,5% de tubos con pérdida de espesor >40% sin reentubar a los 18 años (los comparables reentuban entre 14 y 18), SO2 residual sobre lo recomendado en 18% de los controles y ensayo de 2026 no hecho. Resultado 4.",4,4,5,inferred,EV-S17-005;EV-S17-063,"Reentubado de urgencia USD 1,4 M + 10-14 semanas con 80 t/día menos (margen USD 31 mil/día × ~84 días ≈ USD 2,6 M) + penalidades ≈ USD 4 M / RO 2025 USD 5,9 M (último ejercicio cerrado, positivo, sin partidas extraordinarias) ≈ 68% → 4. Con rotura de placa y calandria nueva (USD 2,8 M, 6-8 meses) > 100% → 5.",1,,,reported,EV-S17-060,No hay personas expuestas: la calandria trabaja a vacío o baja presión y la pérdida es de mosto hacia el lado de vapor.,4,4,5,inferred,EV-S17-005,Evaporación (función crítica) pierde 70% de su capacidad (más de la mitad: interrupción) durante el reentubado de 10-14 semanas → 4; 6-8 meses con calandria nueva → 5.,1,1,2,reported,EV-S17-060,Ninguna consecuencia regulatoria; los reclamos contractuales de clientes son monetarios (Económico) → 1.,3,,,observed,EV-S17-060,Alarma de conductividad del condensado con corte de alimentación y vaciado (probada en las pérdidas de 2023 y 2025) y evaporador secundario disponible que mantiene 30% de la evaporación (redundancia: contención por F5-2). Limitan parte; una parte importante se produce → 3.,4,3,4,reported,EV-S17-060;sin_evidencia,"Taponado de tubos no sirve ante rotura de placa o de muchos tubos; 60 tubos de repuesto (5%); fasón en otra planta por acuerdo verbal, sólo julio-diciembre y hasta 30%; sin plan escrito → capacidad no formal que cubre poco → 4.",4,econ;cont,"econ:cont,rec(secuencial);pers:cont;cont:cont,rec(secuencial);legal:cont",econ;cont,false,,false,true,,,medium,Estado de los tubos posterior a 2025-01; si la rotura sería de tubos (reentubado) o de placa (calandria nueva); capacidad real del fasón.,48,,60,§2.1;§2.2;§2.3;§3.2;§3.3;§3.4;§4.1;§4.2;§4.4;§5.1;§5.2;§5.3;§5.4;§5.5;§6;D4;D5;D8;D14;D15;D17;D19,Evento = rotura de la calandria. P por comparables (3) con +1 por tubos degradados sin reentubar. Pérdida de 70% de la evaporación durante meses. Contención 3 y recuperación 4. El seguro no reduce I (D17).,,pending,,,AN-8-agro-y-alimentos-0022
EV-0032,S18-R01,S18,riesgo,,,agente-8b-agro-y-alimentos,ai,8,F8-AG-01,metodologia v0.2,protocolo v0.2,2026-10-07,inicial,,,,,,,Contaminación fecal de la canal en cuereado o evisceración que pasa a los recortes de elaborados,Ingreso de E. coli STEC en un lote de carne picada o hamburguesas,"Lote en venta, consumidores enfermos (SUH en niños), retiro ordenado, clausura de la línea de elaborados, multas y demandas",v0/emi41/fichas/S18/S18-R01.md;v0/emi41/fichas/S18/empresa.md;v0/emi41/fichas/S18/transferencia.md,5,4,5,observed,EV-S18-010;EV-S18-011;EV-S18-012;EV-S18-014;EV-S18-015,"Registro propio de laboratorio desde 2019: STEC en elaborados o sus recortes en 2021-04, 2023-09 y 2025-06 (hace 16 meses) → ancla 4. Ajuste +1 (§3.4.2): hisopados de playa sobre el límite en aumento (6 de 240 en 2025, 9 de 180 en 2026), presuntivos de PCR 0,9% en 2026, ácido láctico bajo especificación en 3 de 20 días y 4 esterilizadores fuera de temperatura: degradación observada en 2026 que no estaba en el período. Resultado 5; mínimo 4 sin el ajuste.",3,2,4,reported,EV-S18-010;EV-S18-013;EV-S18-003;sin_evidencia,"Bruto sin retención ni retiro: lote de 12 t consumido con casos de SUH. Retiro USD 120-180 mil + reposición USD 70-100 mil + clausura de la línea 10-21 días (USD 121 mil/semana ≈ USD 0,17-0,36 M) + multa hasta USD 0,5 M + demandas (USD 2,4 M en el comparable de 2022) + cliente perdido 8 meses (~USD 0,16 M de margen) ≈ USD 3,2 M / RO 2025 USD 25,6 M (último ejercicio cerrado, positivo, sin partidas extraordinarias) ≈ 12% → 3. Sin enfermos ≈ 2-3% → 2; con más casos que el comparable → 4.",4,3,5,reported,EV-S18-013,Lote de 12 t (unas 48.000 unidades) en 1.100 puntos de venta; STEC produce SUH sobre todo en menores de 5 años. En el comparable regional de 2022: 7 niños con SUH y 1 fallecido. Una muerte o daño renal irreversible plausible → 4 (safety_critical); sin ningún retiro el lote se consume entero → máximo 5.,1,,,reported,EV-S18-003,"La línea de elaborados (7% de las ventas) no figura entre las funciones críticas de la empresa; faena, desposte y exportación siguen → sólo funciones no críticas → 1.",4,3,4,reported,EV-S18-010;EV-S18-013,"Notificación obligatoria y comunicado público, clausura preventiva de la línea y, con casos de enfermedad, investigación penal posible contra responsables de calidad y directivos → 4.",2,2,3,observed,EV-S18-012;EV-S18-016;EV-S18-010,"Retención de cada lote de elaborados hasta la PCR (test-and-hold desde 2024-01; actuación real 2025-06, el lote no salió) y plan de retiro con trazabilidad (simulacro 2025-11: 94% en 6 h). Probadas, limitan el daño a un lote → 2. Sensibilidad limitada (un lote con <2% de piezas contaminadas puede dar negativo) y en 2021 sólo se recuperó 61% → máximo 3.",4,4,5,observed,EV-S18-010,"Reinicio de la línea tras validación (3 semanas en 2021, reposición normal); sin otra planta ni fasón para elaborados; recupero de clientes sin plan escrito (8 meses en 2021) → 4.",4,pers;legal,"econ:cont,rec(secuencial);pers:cont;cont:cont,rec(secuencial);legal:cont",pers;legal,false,,true,true,,,medium,Cantidad de casos plausibles y monto de demandas (dato de prensa); efecto del aumento de faena sobre la tasa de contaminación.,40,,75,§2.1;§2.2;§3.2;§3.3;§3.4;§4.1;§4.2;§4.3;§4.4;§4.5;§5.2;§5.3;§5.4;§5.5;§6;§8.2;D4;D5;D8;D14;D15;D17;D19;D23,"Evento = ingreso de STEC al lote. P ancla 4 con +1 por degradación de la higiene de faena. Una muerte plausible (safety_critical) y legal 4. Contención probada (test-and-hold, retiro). La póliza de retiro no reduce I (D17).",,pending,,,
EV-0033,S18-R02,S18,riesgo,,,agente-8b-agro-y-alimentos,ai,8,F8-AG-01,metodologia v0.2,protocolo v0.2,2026-10-07,inicial,,,,,,,"Trabajo repetitivo con cuchillo y sierras a la velocidad de la línea, con guantes de malla que no siempre se usan",Corte o atrapamiento de la mano o el antebrazo de un operario,"Lesión con atención médica y días de baja; con sierra, posible amputación parcial de dedos",v0/emi41/fichas/S18/S18-R02.md;v0/emi41/fichas/S18/empresa.md;v0/emi41/fichas/S18/transferencia.md,5,,,observed,EV-S18-020,"Registro propio: 41, 38, 44 y 29 (a septiembre) accidentes con baja por año, más ~180 curaciones sin baja → ancla 5.",1,,,inferred,EV-S18-002;EV-S18-020,"USD 600 por caso más horas extra (USD 48 mil en todo 2025); multa ocasional USD 12 mil; demanda en trámite USD 85 mil por la amputación / RO 2025 USD 25,6 M (último ejercicio cerrado, positivo, sin partidas extraordinarias) < 2% → 1.",2,2,4,observed,EV-S18-020,"El evento típico es un corte con atención (unos 220 por año; 180 sin baja) → lesión leve con atención médica → 2. 15% de los casos con baja tienen corte de tendón con cirugía (3) y hubo una amputación parcial con incapacidad permanente de 8% en 8 años (daño irreversible, 4) → máximo 4.",1,,,reported,EV-S18-020,La línea no se detiene: operarios de reserva toman el puesto en minutos → 1.,1,1,2,reported,EV-S18-020,Denuncia obligatoria; inspección sólo en casos con incapacidad permanente (acta posible por las 2 sierras sin sensor) → 1; máximo 2.,2,2,3,observed,EV-S18-023;EV-S18-020,"Sensor de contacto que frena la hoja en 4 de 6 sierras de cinta (actúa al tocar la mano: contención), parada de emergencia verificada mensualmente (10 de 10 en 2026-08), enfermería en turnos A y B con actuación real 2024-06 (atención en 4 min, hospital a los 31 min). Probadas, limitan el daño a una persona → 2. Turno C sin enfermero y 2 sierras sin sensor → máximo 3.",no_aplica,,,reported,EV-S18-020,La lesión no se repone y la producción no se interrumpe (reserva de operarios) → no_aplica.,2,pers,econ:cont;pers:cont;cont:cont;legal:cont,pers,false,,false,true,,,low,,20,,60,§2.1;§2.2;§3.2;§3.3;§4.1;§4.2;§4.3;§4.5;§5.2;§5.3;§5.5.2;§6;D4;D5;D8;D14;D15;D19,Evento = corte o atrapamiento. P 5 por frecuencia. Lesión típica leve; la amputación queda en el máximo. Contención probada; recuperación no aplica.,,pending,,,AN-8-agro-y-alimentos-0025
EV-0034,S18-R03,S18,riesgo,,,agente-8b-agro-y-alimentos,ai,8,F8-AG-01,metodologia v0.2,protocolo v0.2,2026-10-07,inicial,,,,,,,"Corrosión de cañerías, rotura de sellos de válvulas o falla de un compresor",Pérdida de contención de amoníaco en la sala de máquinas o su red de cañerías,"Exposición de operarios de la sala y del desposte, evacuación, posible alcance al barrio, producto contaminado y faena detenida; clausura y causa penal",v0/emi41/fichas/S18/S18-R03.md;v0/emi41/fichas/S18/empresa.md;v0/emi41/fichas/S18/transferencia.md,4,3,4,observed,EV-S18-030;EV-S18-032;EV-S18-033,"Historia propia de 16 años: escape de 2022-11 (15 kg, evacuación; hace 47 meses) → ancla 3; comparable regional 2023 también 3. Ajuste +1 (§3.4.2): 2 de 6 compresores con más de 90.000 h sobre las 80.000 de revisión recomendada (no estaban así en 2022). Resultado 4. Lectura alternativa: la pérdida por la empaquetadura de 2026-06 (<1 kg) es una pérdida de contención y daría ancla 4 por sí sola; con +1 serían 5.",3,3,4,inferred,EV-S18-031;EV-S18-032,"Bruto sin aislamiento del recibidor ni evacuación: decomiso del producto de cámaras contiguas (hasta 600 t, USD 2,9 M) + faena detenida 6 días como en el comparable (USD 251 mil/día ≈ USD 1,5 M) + reparación USD 0,3-1,2 M + multas USD 20-300 mil + demandas ≈ USD 5-6 M / RO 2025 USD 25,6 M (último ejercicio cerrado, positivo, sin partidas extraordinarias) ≈ 20-23% → 3. Con más días detenidos o demandas de vecinos → 4.",4,3,5,inferred,EV-S18-031;EV-S18-032,"Estudio de dispersión: rotura de cañería de líquido con 1.000-2.000 kg en 30 min si nada aísla; >1.000 ppm en la sala en menos de 1 minuto (2-3 operarios) y 300-500 ppm en el desposte (hasta 290 personas). En el comparable de 2023, 1 operario muerto y 22 atendidos. Una muerte plausible → 4 (safety_critical); los 2-3 operarios de la sala → máximo 5.",3,2,4,reported,EV-S18-032;EV-S18-030,"Faena y desposte detenidos durante evacuación, inspección y permiso de reinicio: 6 días en el comparable → 3; 1 turno en 2022 (2).",4,,,reported,EV-S18-032,"Clausura preventiva de la sala, investigación penal por muertes o lesiones y denuncia ambiental si la nube alcanza el barrio → 4.",3,2,3,observed,EV-S18-033;EV-S18-034,"22 detectores con parada automática de compresores y ventilación de emergencia a 150 ppm (19 de 22 en rango, uno fuera en la cámara 14), válvula remota del recibidor ensayada en 2026-02 (8 s), simulacro 2025-11 (desposte en 7 min; en elaborados no se oyó la alarma, sirena nueva sin ensayo), brigada con equipos autónomos (entrenamiento 2025-09), puertas desposte-sala de cierre manual sin verificar, sin aviso al barrio, materiales peligrosos a 90 min. Los operarios de la sala quedan expuestos en menos de un minuto: limitan parte, una parte importante se produce → 3.",3,3,4,observed,EV-S18-033,"Contrato con el representante de compresores (técnico en 48 h, actuación real 2025-01 a las 40 h), repuestos de juntas, sellos y válvulas; el reinicio depende de la autoridad; nada repone el producto decomisado → alternativa parcial formal → 3.",4,pers;legal,"econ:cont,rec(secuencial);pers:cont;cont:cont,rec(secuencial);legal:cont",pers;legal,false,,true,true,,,medium,Si la pérdida de 2026-06 cuenta como antecedente; tamaño plausible de la liberación; puertas del desposte abiertas en el momento.,48,,60,§2.1;§2.2;§2.3;§3.2;§3.3;§3.4;§4.1;§4.2;§4.3;§4.4;§4.5;§5.2;§5.3;§5.4;§5.5;§6;§8.2;D4;D5;D8;D14;D15;D19;D23,"Evento = pérdida de contención de amoníaco. P ancla 3 con +1 por compresores con horas vencidas. Una muerte plausible (safety_critical), legal 4. Contención 3 y recuperación 3.",,pending,,,AN-8-agro-y-alimentos-0026
EV-0035,S18-R04,S18,riesgo,,,agente-8b-agro-y-alimentos,ai,8,F8-AG-01,metodologia v0.2,protocolo v0.2,2026-10-07,inicial,,,,,,,"Residuos de medicamentos veterinarios o patógenos en embarques, o no conformidades mayores abiertas",La autoridad del mercado A (o la nacional a su pedido) suspende a la planta de su lista de habilitados,Sin certificación al mercado A hasta la rehabilitación (2-7 meses en el sector); producto redirigido a menor precio; embarques en tránsito fuera de plazo; sumario,v0/emi41/fichas/S18/S18-R04.md;v0/emi41/fichas/S18/empresa.md;v0/emi41/fichas/S18/transferencia.md,2,1,3,reported,EV-S18-043;EV-S18-040;EV-S18-041;EV-S18-042,"Fuente de jerarquía 1: lista pública del mercado A, 6 suspensiones en unas 35 plantas habilitadas en 2021-2025 (≈175 plantas-año) → 3,4% anual → nivel 1 (<5%). Historia propia (desde 2015) sin suspensión del mercado A, con precursor: rechazo de 2026-05 (primero de la ventana que activa la suspensión con el segundo) → ancla 3; fuentes de jerarquía 1 y 2 divergen → rango 1-3 (§3.2). Ajuste +1 (§3.4.2) sobre el dato de jerarquía 1, que no refleja la situación de la planta: un rechazo ya en la ventana hasta 2027-05 y 2 no conformidades mayores abiertas con plazo 2026-12-31. Resultado 2. La suspensión de 2019 fue del mercado B (otro evento).",4,3,4,reported,EV-S18-003;EV-S18-043,"Bruto sin redirección: el mercado A es 34% de las ventas; con faena reducida en ese volumen se pierde su margen de contribución (34% × USD 61,5 M / 12 ≈ USD 1,74 M por mes). Suspensión plausible de 3-4 meses (sector 2-7) ≈ USD 5-7 M + embarques en tránsito USD 2,3 M + rehabilitación USD 0,2 M ≈ USD 8 M / RO 2025 USD 25,6 M (último ejercicio cerrado, positivo, sin partidas extraordinarias) ≈ 31% → 4. Con 2 meses ≈ 23% → 3.",1,,,reported,EV-S18-043,No hay daño a personas.,4,4,5,reported,EV-S18-043,"Certificación y expedición para exportación (función crítica): el mercado A es 55% de la exportación (34 de 62 puntos), se detiene por completo → pérdida de más de la mitad de la función durante 2-7 meses. Plausible 2 semanas a 3 meses → 4; más de 3 meses → 5.",4,,,reported,EV-S18-043,"Suspensión temporal de la habilitación para el mercado A, publicada, y sumario nacional → 4.",3,3,4,observed,EV-S18-040,"Procedimiento escrito de redirección comercial: actuación real en 2019 (85% del volumen en 3 semanas), hace más de 3 años → presente sin prueba → 3. Retención de embarques en preparación nunca ensayada.",4,4,5,observed,EV-S18-040,"Plan de rehabilitación con la consultora de 2019, sin contrato vigente; la fecha la fija el calendario de auditorías del mercado A → capacidad no formal que cubre poco → 4.",4,econ;cont;legal,"econ:cont,rec(secuencial);pers:cont;cont:cont,rec(secuencial);legal:cont",econ;cont;legal,false,,false,true,,,medium,Divergencia entre la estadística del mercado A y el precursor propio; si las no conformidades se cierran antes de 2026-12-31; duración de una suspensión.,24,,60,§2.1;§2.2;§3.2;§3.3;§3.4;§4.1;§4.2;§4.4;§4.5;§5.2;§5.3;§5.4;§5.5;§6;D4;D5;D8;D14;D15;D19,"Evento = suspensión por el mercado A. P por el dato de jerarquía 1 (ancla 1) con +1 por el rechazo en la ventana y las no conformidades abiertas; rango hasta 3 por el precursor. Exportación al mercado A detenida meses (cont 4, legal 4, econ 4). Contención presente sin prueba.",,pending,,,AN-8-agro-y-alimentos-0027
EV-0036,S18-R05,S18,riesgo,,,agente-8b-agro-y-alimentos,ai,8,F8-AG-01,metodologia v0.2,protocolo v0.2,2026-10-07,inicial,,,,,,,"Rotura de compresores o corte prolongado de la red eléctrica (una sola línea de 13,2 kV)","La planta pierde capacidad de frío en cámaras de oreo, conservación y congelado","Producto fuera de rango de temperatura, reclasificado o decomisado; faena detenida porque no se pueden orear las canales",v0/emi41/fichas/S18/S18-R05.md;v0/emi41/fichas/S18/empresa.md;v0/emi41/fichas/S18/transferencia.md,5,4,5,observed,EV-S18-050;EV-S18-052,"Registro propio: pérdidas de capacidad relevantes en 2024-02 (corte de red de 5 h) y 2025-01 (dos compresores fuera en ola de calor): 2 en los últimos 36 meses → ancla 4 (los cortes de menos de 1 h, 6-10 por año, no se tomaron como evento relevante; con ellos el ancla sería 5). Ajuste +1 (§3.4.2): compresores 1 y 4 con vibración en zona de alerta (2026-07, más de 90.000 h), degradación que no estaba en el período. Resultado 5.",2,2,4,observed,EV-S18-050;EV-S18-003,"Escenario plausible: pérdida parcial de frío de horas a pocos días (corte de red de 5-7 h o un compresor fuera en verano), sin grupos ni compresor de reserva: reclasificación de parte del stock y faena reducida o detenida un día ≈ USD 0,5-1 M / RO 2025 USD 25,6 M (último ejercicio cerrado, positivo, sin partidas extraordinarias) ≈ 2-4% → 2. 24 h sin frío ≈ USD 2,75 M (11%, 3); 72 h ≈ USD 10 M (39%, 4) como máximo.",1,,,reported,EV-S18-050,No hay personas expuestas por la pérdida de frío.,2,1,3,observed,EV-S18-050,"Conservación en frío y faena: corte de horas (<1 día, 1) o un compresor fuera en verano con faena a 82% durante días (degradación menor a la mitad) → 2; 24-72 h sin frío detienen la faena 1-3 días (2-3).",2,1,2,observed,EV-S18-050,Inmovilización del producto por la inspección veterinaria hasta su evaluación (85 t durante 4 días en 2025-01) → requerimiento formal → 2.,3,2,3,observed,EV-S18-050;EV-S18-054,"Compresor de reserva (actuación real 2023-08 sin pérdida; en 2025-01 no alcanzó), grupos con transferencia automática que cubren 40% de la carga (ensayo 2026-05 sólo en vacío; en 2024-02 uno no arrancó), alarmas en 20 de 22 cámaras, traslado a frío de terceros sin contrato (120 t en 2025). Fallan parcialmente: se evalúan por lo que hacen → 3.",3,3,4,observed,EV-S18-050,"Contrato de asistencia de compresores (técnico en 48 h) y repuestos de rodamientos y sellos para 2 compresores (más rápido que las 10-14 semanas de importación); para la energía, se depende de la red → alternativa parcial formal → 3.",2,econ;cont;legal,"econ:cont,rec(secuencial);pers:cont;cont:cont,rec(secuencial);legal:cont",econ;cont;legal,false,,false,true,,,medium,"Cobertura real de los grupos (carga creció desde 2018, sin ensayo con carga); qué evento se toma como pérdida de capacidad (cortes cortos o largos).",30,,60,§2.1;§2.2;§3.2;§3.3;§3.4;§4.1;§4.2;§4.4;§4.5;§5.1;§5.2;§5.3;§5.4;§5.5;§6;§9.1;D4;D5;D8;D14;D15;D19,Evento = pérdida de capacidad de frío. P ancla 4 con +1 por compresores en alerta. Escenario plausible de horas o días parciales; 72 h al techo. Contención con fallas parciales.,,pending,,,AN-8-agro-y-alimentos-0028
EV-0037,S18-R06,S18,riesgo,,,agente-8b-agro-y-alimentos,ai,8,F8-AG-01,metodologia v0.2,protocolo v0.2,2026-10-07,inicial,,,,,,,Ingreso de un virus vesicular (tipo aftosa) al rodeo del país desde países vecinos,La autoridad sanitaria nacional confirma un foco en el país,Mercados de exportación suspenden la importación del país o de la zona; la planta vende en el mercado interno con precios en baja,v0/emi41/fichas/S18/S18-R06.md;v0/emi41/fichas/S18/empresa.md;v0/emi41/fichas/S18/transferencia.md,2,1,3,reported,EV-S18-060;EV-S18-062,"Sin historia propia. País: último foco anterior a 2010. Región: focos en dos países vecinos en 15 años, el último en 2021 → ocurrió en el sector en los últimos 10 años, no en comparables cercanas del país → ancla 2. Sin ajustes: el movimiento informal en la frontera y la cobertura de vacunación (97%, igual a la media) no son peores que lo habitual en la región. La sospecha descartada de 2025-10 podría leerse como precursor (3); sin ella y sin contar a los vecinos, ancla 1.",4,3,5,inferred,EV-S18-064;EV-S18-060,"Sólo cierra el mercado B (foco fuera de la zona, A y C regionalizan): USD 1,3 M por mes durante 4 meses a 3 años; cierran los tres: USD 4-6 M por mes. Plausible: cierre de B por ~12 meses (USD 15,6 M) o de los tres por ~4 meses (USD 16-24 M) / RO 2025 USD 25,6 M (último ejercicio cerrado, positivo, sin partidas extraordinarias) ≈ 60-90% → 4. Cierres más largos → 5; B sólo 4 meses ≈ 20% → 3.",1,,,reported,EV-S18-060,No hay daño a personas (no se transmite por consumo de carne).,4,4,5,inferred,EV-S18-063;EV-S18-060,"Exportación: si sólo cierra B se pierde 29% de la función (degradación menor a la mitad) durante 4 meses a 3 años → un nivel menos que 5 → 4; si cierran los tres, interrupción de más de 3 meses → 5.",1,1,2,reported,EV-S18-063,La habilitación de la planta no se suspende (se suspende la certificación del país o zona); restricciones de movimiento de hacienda → 1.,3,3,4,observed,EV-S18-063,"Procedimiento de redirección de 2019 (actuación real hace más de 3 años), no escrito para un cierre simultáneo de tres mercados; producto en tránsito aceptado por A y C → presente sin prueba → 3.",5,,,reported,EV-S18-060,La reapertura depende de la autoridad y de cada mercado; habilitar un mercado nuevo lleva 12-24 meses: nada acorta ni repone → 5.,4,econ;cont,"econ:cont,rec(secuencial);pers:cont;cont:cont,rec(secuencial);legal:cont",econ;cont,false,,false,true,,,high,"Ubicación del foco, qué mercados regionalizarían y por cuánto tiempo; probabilidad basada en ocurrencias regionales sin denominador.",24,,60,§2.1;§2.2;§3.2;§3.3;§4.1;§4.2;§4.4;§4.5;§5.2;§5.3;§5.4;§5.5;§6;D4;D5;D8;D14;D15;D19,"Evento = confirmación de un foco en el país. P ancla 2 por focos regionales en 10 años. Cierre de mercados por meses (econ 4, cont 4). Contención presente sin prueba; sin recuperación propia.",,pending,,,AN-8-agro-y-alimentos-0029
EV-0038,S18-R07,S18,riesgo,,,agente-8b-agro-y-alimentos,ai,8,F8-AG-01,metodologia v0.2,protocolo v0.2,2026-10-07,inicial,,,,,,,"Caudal y carga orgánica sobre la capacidad de tratamiento, o falla de un equipo de la planta de efluentes","Vuelco al arroyo de efluente con DBO, aceites y grasas o nitrógeno amoniacal sobre los límites del permiso","Multa, intimación, reclamos de regantes y, ante reincidencia, clausura preventiva del vuelco que detiene la faena",v0/emi41/fichas/S18/S18-R07.md;v0/emi41/fichas/S18/empresa.md;v0/emi41/fichas/S18/transferencia.md,5,,,observed,EV-S18-070;EV-S18-071,"Monitoreo propio semanal: 7 de 52 (2024), 11 de 52 (2025) y 9 de 38 (2026) muestras fuera de algún límite; 3 de 4 muestras oficiales de 2025 fuera de límite → varios por año → ancla 5.",1,1,2,reported,EV-S18-074;EV-S18-072,"Plausible: nueva infracción calificada como reincidencia, multa ≥ USD 90 mil (hasta USD 250 mil) / RO 2025 USD 25,6 M (último ejercicio cerrado, positivo, sin partidas extraordinarias) < 1% → 1. Si la autoridad clausura el vuelco (6 días en el caso del sector): USD 251 mil/día ≈ USD 1,5 M ≈ 6% → 2 como máximo.",1,,,reported,EV-S18-070,No hay exposición de trabajadores.,1,1,3,reported,EV-S18-072,"Sin clausura no hay interrupción → 1. Con clausura preventiva del vuelco, faena y desposte detenidos ~6 días → 3 como máximo.",3,3,4,reported,EV-S18-070;EV-S18-074;EV-S18-075,"Acta, multa, intimación y plan de adecuación obligatorio en curso bajo control de la autoridad → 3. La tercera infracción en 24 meses habilita la clausura preventiva del vuelco (4) y hay riesgo de denuncia penal ambiental.",3,,,observed,EV-S18-073,"Pileta de emergencia de 2.500 m³ (en 2026-03 se llenó el primer día y se volcó 3 días sin flotador), reducción de faena a 1.000 cabezas (aplicada 2 días en 2026-03), pH y caudal en continuo pero DBO semanal con resultado a 5 días: limitan parte; una parte importante se produce → 3.",4,,,observed,EV-S18-073,Una bomba de recirculación de repuesto; sopladores sin repuesto (6-8 semanas); sin procedimiento para pedir la reinspección ante una clausura → 4.,3,legal,"econ:cont,rec(secuencial);pers:cont;cont:cont,rec(secuencial);legal:cont",legal,false,,false,true,,,medium,Si la autoridad cuenta las tres muestras de 2025 como infracciones separadas (clausura habilitada) y si clausuraría.,45,,60,§2.1;§2.2;§3.2;§3.3;§4.1;§4.2;§4.4;§4.5;§5.2;§5.3;§5.4;§5.5;§6;§9.1;D4;D5;D8;D14;D15;D19,Evento = vuelco fuera de límites. P 5 por frecuencia. Consecuencia plausible regulatoria (legal 3); la clausura del vuelco queda en el rango. Contención 3.,,pending,,,AN-8-agro-y-alimentos-0030
EV-0039,S19-R01,S19,riesgo,,,agente-8b-agro-y-alimentos,ai,8,F8-AG-01,metodologia v0.2,protocolo v0.2,2026-10-07,inicial,,,,,,,"Presencia de Listeria monocytogenes en el ambiente de la quesería (desagües, cintas, cámaras de oreo)",Contaminación posterior a la pasteurización de un lote de queso fresco,"Lote distribuido antes del resultado de laboratorio, consumidores enfermos, retiro, línea 2 detenida hasta validar, multas y demandas",v0/emi41/fichas/S19/S19-R01.md;v0/emi41/fichas/S19/empresa.md;v0/emi41/fichas/S19/transferencia.md,4,3,4,observed,EV-S19-010;EV-S19-011;EV-S19-012;EV-S19-013,"Historia propia de 14 años: retiro de 2022-05 por L. monocytogenes en queso cremoso (hace 52 meses) → ancla 3; comparables de la región con retiros en 2023 y 2025 (últimos 5 años) también 3; precursores (hisopados positivos, 2026-04 en el desagüe de la línea 2). Ajuste +1 (§3.4.2) contra el período de la historia propia: producción de queso fresco +18% en 2026 sin cambiar la cámara de oreo (cambio de exposición) y positivos ambientales en aumento (6/1.100 en 2024, 11/1.200 en 2025, 9/850 a septiembre de 2026), más desvíos de zonificación en la auditoría 2026-06. Resultado 4; sin el ajuste, 3.",3,2,3,inferred,EV-S19-010;EV-S19-011;EV-S19-003,"Bruto sin retiro ni producción alternativa: retiro USD 150-250 mil + reposición USD 60-90 mil + línea 2 detenida 2-4 semanas (USD 96 mil/semana ≈ USD 0,19-0,38 M) + multa hasta USD 0,4 M (0,035 M en 2022) + demandas con casos (USD 1,2 M en el comparable de 2025) ≈ USD 2,0-2,3 M / RO 2025 USD 15,3 M (último ejercicio cerrado, positivo, sin partidas extraordinarias) ≈ 13-15% → 3. Sin casos de enfermedad ≈ USD 0,6-0,9 M (4-6%) → 2.",4,3,5,reported,EV-S19-011,"Lote de 9 t (36.000 hormas) en unos 2.500 puntos de venta, consumido antes del resultado (72 h). Listeriosis grave en embarazadas, recién nacidos, mayores e inmunodeprimidos; en el comparable de 2025, 4 casos y una pérdida de embarazo. Una muerte o daño irreversible grave plausible → 4 (safety_critical); más de una muerte en un lote sin ningún retiro → máximo 5.",3,2,3,reported,EV-S19-010;EV-S19-003,Elaboración (función crítica): se detiene la línea 2 de quesería (10% de las ventas; el resto de la planta sigue) → degradación menor a la mitad de la función durante 2-4 semanas; como interrupción sería 4 (2 semanas a 3 meses) → un nivel menos → 3. Con 2 semanas justas → 2.,4,,,reported,EV-S19-010,"Retiro obligatorio con notificación a la autoridad y comunicado público, clausura preventiva de la línea por la autoridad provincial hasta validar y, con casos, investigación penal posible → 4.",3,3,4,observed,EV-S19-014;EV-S19-010,Sin retención del lote hasta el resultado (el lote ya está en distribución a las 72 h). Plan de retiro con trazabilidad probado (simulacro 2026-03: 89% del lote ubicado en 8 h); en la actuación real de 2022 se recuperó el 58%. Limita parte del daño pero una parte importante se consume → 3. Máximo 4 si el retiro llega tarde.,3,,,observed,EV-S19-010,"Línea 1 elabora hasta el 40% del volumen de la línea 2 con turno adicional (actuación 2022-05, hace más de 3 años: presente sin prueba) y reinicio por limpieza profunda y hisopados → alternativa parcial propia sin prueba → 3.",4,pers;legal,"econ:cont,rec(secuencial);pers:cont;cont:cont,rec(secuencial);legal:cont",pers;legal,false,,true,true,,,medium,Cantidad de casos plausibles por lote y monto de demandas (dato de un comparable); efecto del aumento de producción sobre la contaminación ambiental.,48,,80,§2.1;§2.2;§3.2;§3.3;§3.4;§4.1;§4.2;§4.3;§4.4;§4.5;§5.2;§5.3;§5.4;§5.5;§6;§8.2;D4;D5;D8;D14;D15;D17;D19;D23,"Evento = contaminación posterior a la pasteurización de un lote. P ancla 3 (retiro de 2022, comparables y precursores) con +1 por aumento de producción sin cambiar la cámara de oreo. Una muerte plausible (safety_critical) y legal 4. Contención sin retención del lote. La póliza de retiro no reduce I (D17).",,pending,,,
EV-0040,S19-R02,S19,riesgo,,,agente-8b-agro-y-alimentos,ai,8,F8-AG-01,metodologia v0.2,protocolo v0.2,2026-10-07,inicial,,,,,,,Corrosión y fatiga de placas o falla del sistema de control de P1 o P2,Perforación de placas o falla que obliga a sacar de servicio P1 o P2,"Pasteurización de leche fluida a la mitad hasta la reparación, leche vendida cruda a menor precio, faltante a las cadenas; con pasaje de leche cruda, retiro",v0/emi41/fichas/S19/S19-R02.md;v0/emi41/fichas/S19/empresa.md;v0/emi41/fichas/S19/transferencia.md,5,4,5,observed,EV-S19-020;EV-S19-021,"Registro propio de mantenimiento de 12 años: falla del controlador de la válvula de desvío de P1 en 2025-02 (fuera de servicio 1 día; hace 20 meses) → ocurrió en los últimos 36 meses → ancla 4; la perforación de P2 de 2023-07 queda a 39 meses. Tasa del proveedor (0,15 por equipo-año, ≈28% para dos equipos → 3; base no publicada, se usa como comparables). Ajuste +1 (§3.4.2): paquete de placas de P1 con 10 años y pérdida de espesor del 20% medida en 2026-03, prueba de presión de P2 atrasada desde 2026-05 y 4 resultados de cloruros sobre especificación en 2026; placas más viejas que el parque regional (6 años): degradación que no estaba en el período. Resultado 5; sin el ajuste, 4.",2,2,3,inferred,EV-S19-022;EV-S19-003,"Bruto sin repuesto en stock ni façon: reposición normal del paquete de placas 3-5 semanas. Pérdida diaria USD 53 mil en primavera (octubre-noviembre) y USD 16 mil en otoño; con una pérdida media anual de unos USD 30 mil/día: USD 0,6-1,05 M + placas USD 0,18 M + retiro de los lotes con pasaje (sin fosfatasa) ≈ USD 0,9-1,4 M / RO 2025 USD 15,3 M (último ejercicio cerrado, positivo, sin partidas extraordinarias) ≈ 6-9% → 2. En primavera con 5 semanas ≈ USD 2,1 M (14%) → 3.",1,1,3,reported,EV-S19-020,La falla mecánica no expone a trabajadores. Bruto sin válvula de desvío ni fosfatasa: leche cruda mezclada con la pasteurizada llega al consumidor; la ficha no registra casos ni estima su número → 1 plausible; enfermedad por leche sin pasteurizar en varios consumidores → máximo 3.,3,3,4,reported,EV-S19-020,"Recepción y pasteurización (función crítica): sale P1 o P2, 30.000 de 80.000 L/h (37,5%; en primavera 300.000 L/día de 1,35 M) → degradación menor a la mitad durante 3-5 semanas (reposición normal); como interrupción sería 4 → un nivel menos → 3. Si se toma ""pasteurización de leche fluida"" como función, pierde la mitad → 4.",3,2,3,reported,EV-S19-020,"Bruto sin desvío ni fosfatasa: el pasaje de leche cruda a producto despachado obliga a retiro con notificación a la autoridad y al público → 3. Sin pasaje (falla del control con la válvula actuando), sólo penalidades contractuales (económicas) → 2 como mínimo por requerimiento de la autoridad.",3,2,3,observed,EV-S19-020,"Válvula de desvío con verificación diaria y actuación real 2025-02 (probada) y fosfatasa por lote (detectó el pasaje en 2023; retuvo 2 lotes): evitan que el pasaje llegue al mercado. No limitan la pérdida de capacidad, que es la mayor parte del daño bruto → limitan parte, una parte importante se produce → 3.",3,2,3,observed,EV-S19-020,"Paquete de placas en stock para P1 o P2 (cambio en 6 días en 2023-07, hace 39 meses: presente sin prueba) que acorta 3-5 semanas a días; façon verbal hasta 150.000 L/día (no formal); P3 para leche fluida sin ensayar → alternativa propia como la de 2 presente sin prueba → 3.",3,cont;legal,"econ:cont,rec(secuencial);pers:cont;cont:cont,rec(secuencial);legal:cont",cont;legal,false,,false,true,,,medium,Estado de las placas de P2 (prueba atrasada); temporada en que ocurra la falla; si el pasaje de leche cruda forma parte del escenario bruto.,45,,60,§2.1;§2.2;§3.2;§3.3;§3.4;§4.1;§4.2;§4.4;§4.5;§5.1;§5.2;§5.3;§5.4;§5.5;§6;D4;D5;D8;D14;D15;D19,Evento = perforación o falla que saca de servicio P1 o P2. P ancla 4 por la falla de 2025-02 con +1 por placas degradadas y prueba atrasada. Pérdida de capacidad parcial por semanas (cont 3) y retiro en el bruto sin fosfatasa (legal 3). Repuesto propio sin prueba reciente.,,pending,,,AN-8-agro-y-alimentos-0031;AN-8-agro-y-alimentos-0032
EV-0041,S19-R03,S19,riesgo,,,agente-8b-agro-y-alimentos,ai,8,F8-AG-01,metodologia v0.2,protocolo v0.2,2026-10-07,inicial,,,,,,,"Falla de la línea de 33 kV o de la estación transformadora regional (tormentas, fallas de la distribuidora)",La planta queda sin energía de la red por más de 4 horas,"Proceso y envasado detenidos, producto en proceso perdido, silos y depósito sin frío, leche a granel y faltante a clientes",v0/emi41/fichas/S19/S19-R03.md;v0/emi41/fichas/S19/empresa.md;v0/emi41/fichas/S19/transferencia.md,4,3,4,observed,EV-S19-030;EV-S19-031,"Registro propio de cortes (10 años): más de 4 h en 2020-08, 2021-01, 2024-12 y 2026-02; dos en los últimos 36 meses, sin llegar a uno por año → ancla 4. El indicador de la distribuidora (2,4 interrupciones/año de 3,1 h de media) no mide cortes de más de 4 h. Sin ajustes: la alimentación única y los microcortes estaban durante todo el período. Leído como frecuencia de jerarquía 1 (0,4 por año ≈ 33%) daría 3.",2,2,4,inferred,EV-S19-030;EV-S19-003;EV-S19-004,"Escenario plausible: corte de 6 a 19 h como los registrados (mediana ≈ 10 h), sin grupos: producto en proceso USD 0,1 M + leche de silos sobre 10 °C a las 8 h (USD 0,25 M) + horas extra ≈ USD 0,35-0,5 M / RO 2025 USD 15,3 M (último ejercicio cerrado, positivo, sin partidas extraordinarias) ≈ 2,3-3,3% → 2. Corte de 24 h: depósito y silos perdidos, USD 4,3 M (28%) → 3; 48 h: USD 4,6 M (30,1%) → 4 como máximo.",1,,,reported,EV-S19-030,"No hay personas expuestas por el corte; iluminación de emergencia en vías de evacuación (exposición, no barrera).",1,1,2,reported,EV-S19-030,Elaboración y envasado detenidos durante el corte más 6-8 h de reinicio con CIP: corte plausible de ~10 h → menos de 1 día → 1; un corte de 19-24 h más el reinicio supera el día → 2.,1,,,reported,EV-S19-030,Sin consecuencias regulatorias si el producto fuera de temperatura se destruye; las penalidades de las cadenas son contractuales y van a Económico → 1.,2,2,3,observed,EV-S19-033;EV-S19-032,"Grupos electrógenos con transferencia automática (contención según F5-2): 35% de la demanda, sostienen frío del depósito, silos y recepción; ensayo con carga 2026-03 y actuación real 2026-02 (11 h, pérdida USD 140 mil) → probados; gasoil para 40 h. Procedimiento de corte aplicado en 2026-02. Limitan el daño al producto en proceso → parte acotada → 2. No sostienen el proceso; más de 40 h sin reposición de gasoil → 3.",3,3,4,observed,EV-S19-034,"Venta a granel de la leche excedente a dos industrias, sin volumen garantizado (actuación real 2026-02: 380.000 L en 2 días) → probada, repone sólo una parte; façon verbal (no formal); sin generación que permita procesar → 3.",2,econ,"econ:cont,rec(secuencial);pers:cont;cont:cont,rec(secuencial);legal:cont",econ,false,,false,true,,,medium,Duración plausible de un corte (de ella depende si se pierde el depósito); fuente de P (registro propio como historia o como frecuencia).,16,,48,§2.1;§2.2;§2.3;§3.2;§3.3;§4.1;§4.2;§4.4;§4.5;§5.1;§5.2;§5.3;§5.4;§5.5;§6;§9.1;D4;D5;D8;D14;D15;D19,Evento = planta sin red más de 4 h. P ancla 4 por dos cortes en 36 meses. Escenario plausible de horas (econ 2); 24-48 h al máximo. Grupos probados como contención (F5-2); recuperación parcial probada.,,pending,,,AN-8-agro-y-alimentos-0033
EV-0042,S19-R04,S19,riesgo,,,agente-8b-agro-y-alimentos,ai,8,F8-AG-01,metodologia v0.2,protocolo v0.2,2026-10-07,inicial,,,,,,,Corte prolongado de energía en los alimentadores rurales de una cuenca,Los tambos de la cuenca sin generador no pueden ordeñar ni enfriar y la recolección de esa cuenca se interrumpe,"La planta deja de recibir esa leche, paga compensación por leche descartada y recibe menos leche durante semanas por mastitis",v0/emi41/fichas/S19/S19-R04.md;v0/emi41/fichas/S19/empresa.md;v0/emi41/fichas/S19/transferencia.md,4,4,5,observed,EV-S19-004;EV-S19-042;EV-S19-041,"Registro propio de compras: 2026-02 (cuenca sur, hasta 30 h; hace 8 meses) → ancla 4; 2023-01 (cuenca norte, 14 h) queda a 45 meses. Sector: la cámara de productores registró 11 cortes rurales de más de 12 h en 2025 en las cuencas de la zona. Sin ajustes: la línea de crédito para generadores (desde 2024) ya existía en 2026-02 y los postes viejos ya estaban. Los días de 2025-2026 con más del 10% de leche no recolectada (4 y 3) no tienen causa registrada; si fueran este evento, ancla 5.",1,1,2,inferred,EV-S19-003;EV-S19-006;EV-S19-040,"Escenario de la ficha: corte de 36 h en la cuenca norte, sin generadores prestados ni compra spot: compensación USD 96 mil + margen de la leche no recibida USD 45 mil + mastitis USD 90 mil ≈ USD 0,23 M / RO 2025 USD 15,3 M (último ejercicio cerrado, positivo, sin partidas extraordinarias) ≈ 1,5% → 1. Si ningún tambo sin relevar tiene generador, USD 0,32 M (2,1%) → 2.",1,,,reported,EV-S19-042,No hay personas expuestas.,1,1,2,reported,EV-S19-042;EV-S19-006,Abastecimiento de leche cruda (función crítica): la planta sigue con el 54-80% de la leche durante el corte (1-2 días) y 3-5% menos el mes siguiente → degradación menor a la mitad; como interrupción de 1-3 días sería 2 → un nivel menos → 1. Si el corte se extiende a más de una cuenca → 2.,1,,,reported,EV-S19-042,Sin consecuencias regulatorias para la empresa.,4,3,4,observed,EV-S19-042,"Préstamo de 6 generadores portátiles (actuación real 2026-02, entregados en 14 h) que alcanzan para 6 de unos 110 tambos sin generador de la cuenca norte, y reprogramación de rutas (aplicada en 2026-02). Probadas pero cubren muy poco: el daño se produce casi completo → 4.",3,3,4,observed,EV-S19-042,"Compra de leche spot (actuación real 2026-02: 150.000 L a USD 0,47) y asistencia veterinaria (31 de 140 tambos) → alternativa probada que repone sólo una parte → 3. Sin contrato de compra spot → 4 como máximo.",1,econ;pers;cont;legal,"econ:cont,rec(secuencial);pers:cont;cont:cont,rec(secuencial);legal:cont",econ;pers;legal,false,,false,true,,,medium,Cuántos de los 240 tambos sin relevar tienen generador; causa de los días sin recolección de 2025-2026.,16,,40,§2.1;§2.2;§2.3;§3.2;§3.3;§4.1;§4.2;§4.4;§4.5;§5.2;§5.3;§5.4;§5.5;§6;D4;D5;D8;D14;D15;D19,Evento = recolección interrumpida en una cuenca. P ancla 4 por 2026-02. Pérdida económica menor al 2% del RO y degradación parcial de la recepción. Contención débil (6 generadores); recuperación parcial probada.,,pending,,,AN-8-agro-y-alimentos-0034
EV-0043,S19-R05,S19,riesgo,,,agente-8b-agro-y-alimentos,ai,8,F8-AG-01,metodologia v0.2,protocolo v0.2,2026-10-07,inicial,,,,,,,"Falla eléctrica en evaporadores, tableros o en la carga de baterías de autoelevadores dentro del depósito",Ignición dentro del depósito de producto terminado,"Propagación por paneles de poliestireno y empaques, destrucción del depósito y su stock, planta sin capacidad de almacenar y expedir producto refrigerado hasta la reconstrucción",v0/emi41/fichas/S19/S19-R05.md;v0/emi41/fichas/S19/empresa.md;v0/emi41/fichas/S19/transferencia.md,4,3,4,observed,EV-S19-060;EV-S19-061;EV-S19-062;EV-S19-063;EV-S19-064,"Registro propio desde 2010: ignición en un cargador de baterías en 2021-11 (hace 59 meses) → ancla 3; comparables de la región (incendios totales en 2019 y 2023) también 3. El cortocircuito de 2024-09 fue humo sin llama: se tomó como precursor, no como ignición. La estadística de aseguradores (1,2 incendios con pérdida mayor a USD 1 M por 1.000 depósitos-año) mide un incendio grande, no la ignición; se escribe y no fija el nivel. Ajuste +1 (§3.4.2): punto caliente pendiente en el tablero de la sala de carga (termografía 2026-05), 8 de 22 cargadores sin desconexión por temperatura y 2 soldaduras sin permiso en 2026: degradación y control preventivo fallando que no estaban en el período. Resultado 4; sin el ajuste, 3.",5,4,5,inferred,EV-S19-005;EV-S19-065,"Bruto sin brigada, hidrantes ni alternativas: paneles de núcleo combustible sin rociadores, incendio total como en los comparables. Daño directo USD 18,9 M (edificio y cámaras 14, stock 3,8, empaques 1,1) + pérdida por interrupción de unos USD 3,5 M por mes durante 8-12 meses de reconstrucción (USD 28-42 M) ≈ USD 47-61 M / RO 2025 USD 15,3 M (último ejercicio cerrado, positivo, sin partidas extraordinarias) ≈ 300-400% → 5. El daño directo solo ya supera el RO (124%). Incendio limitado al sector de empaques → 4 como mínimo.",4,3,5,inferred,EV-S19-001;EV-S19-062,"Hasta 55 personas en el depósito en turno A más 10-20 choferes en la playa; los paneles de poliestireno producen humo denso y negro en minutos. Sin detección ni evacuación organizada (bruto), una muerte por humo es plausible → 4 (safety_critical); en el comparable de 2019 no hubo víctimas (3 como mínimo); varias víctimas atrapadas → máximo 5.",5,,,inferred,EV-S19-005;EV-S19-065,"Conservación en frío y expedición (función crítica): sin depósito, interrupción de 8-12 meses (reconstrucción a plazo normal). El despacho directo al 40% es una medida de recuperación, no se toma en el bruto; aun con él, la pérdida es del 60% (interrupción) → más de 3 meses → 5. La nave de proceso está a 25 m sin muro cortafuego.",4,3,4,reported,EV-S19-001,"Inspección de bomberos y de la autoridad laboral; clausura del sector hasta la nueva habilitación de bomberos y, con una muerte plausible, responsabilidad penal posible de directivos → 4. Sin víctimas, plan de adecuación bajo inspección → 3.",3,3,4,observed,EV-S19-066,"Detección por aspiración sólo en empaques y sala de carga (prueba 2026-04, probada); en las cámaras sólo alarma de temperatura; sin rociadores; hidrantes con bomba ensayada en 2026-06 (90 min de agua); brigada con simulacro de 2025-10 (evacuación en 4 min, probada); bomberos a 14 min; pared de paneles sin resistencia al fuego verificada (barrera pasiva sin prueba). La evacuación limita el daño a personas, pero contra un incendio de poliestireno sin rociadores una parte importante del daño a bienes se produce → 3. Máximo 4.",3,3,4,observed,EV-S19-065,"Despacho directo a camiones refrigerados, procedimiento escrito en 2024 y nunca ensayado (alternativa parcial formal presente sin prueba, 40% del volumen); cámaras de terceros sin contrato (relevamiento de 2024, 600 t libres en temporada baja: improvisado); sin proyecto de reconstrucción → 3.",5,econ;cont,"econ:cont,rec(secuencial);pers:cont;cont:cont,rec(secuencial);legal:cont",econ;cont,true,econ;cont,true,true,,,medium,Capacidad del despacho directo (nunca probada) y de cámaras de terceros en primavera; resistencia real de la pared de paneles; número de víctimas plausible.,60,,80,§2.1;§2.2;§2.3;§2.4;§3.1;§3.2;§3.3;§3.4;§4.1;§4.2;§4.3;§4.4;§4.5;§5.1;§5.2;§5.3;§5.4;§5.5;§6;§8.1;§8.2;D4;D5;D8;D14;D15;D19;D20;D23,"Evento = ignición en el depósito. P ancla 3 (ignición de 2021) con +1 por el punto caliente pendiente y cargadores sin corte. Incendio total de paneles combustibles: econ 5 y cont 5 (consecuencia_extrema), una muerte plausible (safety_critical). Contención parcial; despacho directo formal sin prueba.",,pending,,,AN-8-agro-y-alimentos-0035;AN-8-agro-y-alimentos-0036;AN-8-agro-y-alimentos-0037
EV-0044,S19-R06,S19,riesgo,,,agente-8b-agro-y-alimentos,ai,8,F8-AG-01,metodologia v0.2,protocolo v0.2,2026-10-07,inicial,,,,,,,"Manipulación de soda cáustica y ácido nítrico concentrados en descarga de cisternas, preparación de soluciones y apertura de circuitos CIP",Salpicadura o contacto del químico con los ojos o la piel de un operario,"Quemadura química con atención médica y días de baja; en los ojos, posible pérdida parcial de la visión",v0/emi41/fichas/S19/S19-R06.md;v0/emi41/fichas/S19/empresa.md;v0/emi41/fichas/S19/transferencia.md,5,,,observed,EV-S19-070;EV-S19-071,"Registro propio de accidentes (10 años): salpicaduras con atención médica 3 (2023), 2 (2024), 4 (2025) y 2 (2026 a septiembre) → varias por año en los últimos tres años → ancla 5. La estadística sectorial (0,4 accidentes con baja por químicos por 100 trabajadores-año) para 800 trabajadores también da más del 70% anual.",1,,,reported,EV-S19-070,"USD 500-1.500 por caso más multa de USD 2-60 mil si hay secuelas; demanda civil posible por secuelas permanentes, sin monto / RO 2025 USD 15,3 M (último ejercicio cerrado, positivo, sin partidas extraordinarias) < 1% → 1.",3,2,4,reported,EV-S19-070;EV-S19-073,"Un operario por evento (dos en la descarga de cisterna). Las lesiones registradas (atención médica, baja de 3 y 12 días) ocurrieron con duchas y enfermería actuando. Bruto sin lavado: la salpicadura de soda sobre piel u ojos produce quemadura con incapacidad temporal → 3. Salpicadura ocular con soda al 50% sin lavado en 10 s: pérdida parcial de la visión (daño irreversible) → máximo 4; salpicadura de solución diluida → 2.",1,,,reported,EV-S19-070,La limpieza CIP sigue con el operario de reemplazo; en 2025-03 la descarga se suspendió 2 h → menos de 1 día → 1.,1,1,2,reported,EV-S19-070,Denuncia obligatoria del accidente; inspección de la autoridad laboral sólo con secuelas (acta posible por la descarga de ácido sin conexión seca) → 1; máximo 2.,3,2,3,observed,EV-S19-072;EV-S19-070,"11 lavaojos y duchas: 9 con caudal correcto, pero los 2 de la sala de químicos y de la quesería (los puestos de mayor exposición) con baja presión y reparación pendiente (inspección 2026-06). Enfermería en turnos A y B, actuación real 2025-03 (ducha a los 15 s, más que los 10 s que indica el oftalmólogo); turno C sólo con brigadistas. Falla parcial evaluada por lo que hace → 3. Con los dos equipos reparados → 2.",no_aplica,,,reported,EV-S19-070,No hay función interrumpida que restablecer (la limpieza sigue con otro operario) y la lesión no se repone; el seguro de riesgos del trabajo no es V (D17) → no_aplica.,3,pers,econ:cont;pers:cont;cont:cont;legal:cont,pers,false,,false,true,,,medium,Concentración del químico en el evento típico (soluciones diluidas o producto al 50%); cantidad de preparaciones manuales en quesería.,45,,60,§2.1;§2.2;§3.2;§3.3;§4.1;§4.3;§4.5;§5.2;§5.3;§5.5.2;§6;D4;D5;D8;D14;D15;D17;D19,Evento = salpicadura o contacto con el químico. P 5 por frecuencia. Bruto sin lavado: lesión con incapacidad temporal; la pérdida de visión queda en el máximo. Contención con fallas en los puestos de mayor exposición; recuperación no aplica.,,pending,,,AN-8-agro-y-alimentos-0038
EV-0045,S19-E01,S19,escenario,,S19-R03;S19-R04,agente-8b-agro-y-alimentos,ai,8,F8-AG-01,metodologia v0.2,protocolo v0.2,2026-10-07,inicial,,,,,,,Falla mayor de la estación transformadora regional o tormenta que daña a la vez la línea de 33 kV de la planta y los alimentadores rurales de las cuencas norte y sur,"La planta queda sin energía de la red (S19-R03) y, a la vez, se interrumpe la recolección en los tambos sin generador de las cuencas norte y sur (S19-R04)","Planta sin procesar durante el corte, media leche durante días, compensación a tambos, mastitis y faltante de leche fluida a las cadenas más allá de 48 h",v0/emi41/fichas/S19/S19-E01.md;v0/emi41/fichas/S19/empresa.md;v0/emi41/fichas/S19/transferencia.md,3,3,4,observed,EV-S19-050;EV-S19-032;EV-S19-042;EV-S19-031,"Plausible: una falla de la estación regional produce los eventos de los dos miembros sin coincidencias independientes (misma estación para planta y cuencas norte y sur). Material: la pérdida conjunta llega a Económico 4 y Continuidad 3, por encima de los miembros (2 y 1). P de la causa común tal como está definida (planta y cuencas norte y sur a la vez): sólo 2020-08 en 10 años (hace 74 meses) → ancla 3; la distribuidora informa una sola falla mayor de la estación en 10 años. 2026-02 cortó la planta y sólo la cuenca sur: si cuenta como materialización conjunta, ancla 4. Sin ajustes: el segundo transformador es para 2028 y la alimentación única ya estaba.",4,3,4,inferred,EV-S19-050;EV-S19-003;EV-S19-006;EV-S19-052,"Escenario de referencia (2020-08): planta 24 h y alimentadores rurales 48 h sin energía, sin grupos ni generadores prestados, sin contar dos veces: depósito y silos USD 4,05 M + proceso 0,10 + compensación 0,22 + margen de leche no recibida 0,10 + mastitis 0,44 + sobreprecio spot 0,11 + penalidades 0,18-0,36 = USD 5,2-5,4 M / RO 2025 USD 15,3 M (último ejercicio cerrado, positivo, sin partidas extraordinarias) ≈ 34-35% → 4. Con la planta 19 h y menos días rurales, por debajo del 30% → 3.",1,,,reported,EV-S19-050,No hay personas expuestas por los eventos.,3,2,3,inferred,EV-S19-050,"Interrupción conjunta: día 1 sin proceso y días 2-3 al 50% (al menos la mitad perdida → interrupción de 3 días → 2); después degradación menor a la mitad (75% y 88%) durante 6 semanas: como interrupción sería 4 → un nivel menos → 3. Se toma 3; si la mastitis es menor que el 20% supuesto, 2.",1,,,reported,EV-S19-050,Máximo de los miembros (§10.3.3): sin consecuencias regulatorias; penalidades contractuales a Económico → 1.,3,2,3,observed,EV-S19-033;EV-S19-032;EV-S19-042,"Grupos de la planta (probados: ensayo con carga 2026-03 y actuación real 2026-02) conservan depósito y silos, la mayor parte del daño bruto, y bajan el total a USD 1,15-1,33 M; con más de 40 h se agota el gasoil y el proveedor está en la zona del corte (entregó a las 30 h en 2020). Los 6 generadores alcanzan para 6 de 198 tambos y los entrega el mismo equipo que reprograma rutas (aplicado en una sola cuenca). Una parte importante se produce → 3.",4,4,5,observed,EV-S19-050;EV-S19-042,Frente al escenario conjunto: sin leche spot en la región durante 3 días en 2020-08; la façon está en la zona de la misma estación; asistencia veterinaria tomada por 31 de 140 tambos; sin plan de continuidad para un corte regional → capacidad improvisada que cubre poco → 4; 5 si no hay spot.,4,econ,"econ:cont,rec(secuencial);pers:cont;cont:cont,rec(secuencial);legal:cont",econ,false,,false,true,,,medium,Si el episodio de 2026-02 cuenta como materialización conjunta; tambos sin relevar con generador; baja por mastitis para 48 h (medida sólo para 30 h).,36,,48,§1;§3.2;§3.3;§4.2;§4.4;§5.2;§5.3;§5.4;§5.5;§6;§10.2;§10.3;§10.4;D5;D8;D13;D15;D17;D19,"Escenario por causa común plausible (misma estación) y material (econ 4 frente a 2 y 1 de los miembros). P ancla 3 por 2020-08. Pérdida conjunta del 34-35% del RO y degradación de semanas. Contención probada en la planta, débil en los tambos; recuperación improvisada. Fuera del ranking (§10.4).",,pending,,,AN-8-agro-y-alimentos-0039
EV-0046,S20-R01,S20,riesgo,,,agente-8b-agro-y-alimentos,ai,8,F8-AG-01,metodologia v0.2,protocolo v0.2,2026-10-07,inicial,,,,,,,"Nube de polvo de grano en una noria o en la galería superior y una fuente de ignición (rodamiento, cinta que patina, chispa, trabajo en caliente)",Ignición del polvo en suspensión dentro del elevador (explosión primaria),"Explosiones secundarias en la galería y cabezas de silos, destrucción del elevador y de silos, muertos y heridos, restos hacia el pueblo, planta sin recibir ni despachar",v0/emi41/fichas/S20/S20-R01.md;v0/emi41/fichas/S20/empresa.md;v0/emi41/fichas/S20/transferencia.md,4,3,4,observed,EV-S20-010;EV-S20-011;EV-S20-012;EV-S20-013;EV-S20-014,"Historia propia de 28 años sin explosiones (no corresponden 4 ni 5 por historia propia). Comparable regional de 2018 (8 años: fuera de los 5); sector con 6 explosiones en el país en 2015-2025 (ancla 2). Precursores propios: principio de incendio en la noria 2 (2019-05), rodamiento de la noria 1 en alarma a 70 °C (2025-04) y cinta de la noria 2 rozando la caja (2026-03) → ancla 3. Ajuste +1 (§3.4.2) por condiciones que no estaban cuando se observaron los precursores: filtro de mangas fuera de servicio desde 2026-08, polvo acumulado de más de 3 mm en la galería en 4 de 10 inspecciones (2026-06) y 2 motores sin certificación en fosas, con la cosecha de maíz. Resultado 4; sin el ajuste, 3.",5,,,inferred,EV-S20-003;EV-S20-004;EV-S20-011,"Bruto sin silos bolsa: elevador USD 3,8 M + 2-4 silos USD 1,2-2,4 M + grano de esos silos USD 1,7-3,8 M (la empresa responde por el 60% de depositantes) + margen del grano que no se puede recibir hasta USD 2,9 M + indemnizaciones y multas USD 0,05-1 M ≈ USD 9,6-13,9 M / RO 2025 USD 3,0 M (último ejercicio cerrado, positivo, sin partidas extraordinarias) ≈ 320-460% → 5. Sólo el elevador ya supera el RO.",5,4,5,reported,EV-S20-001;EV-S20-011,"En cosecha (las norias trabajan 20 h/día con polvo de maíz): 4 operarios en fosas, torre y galería, 2 en la secadora a 35 m y 10-40 choferes en la cola a 30-120 m; en el comparable de 2018 murieron 2 (un operario de la torre y un chofer); el sector registra 9 muertos en 6 explosiones. Más de una muerte plausible → 5 (safety_critical y consecuencia_extrema). Fuera de cosecha, 3-5 personas → 4.",5,,,reported,EV-S20-004,"Recepción con secado, almacenaje en silos y despacho por el elevador (funciones críticas) detenidos hasta reconstruir el elevador: 8-12 meses a plazo normal → más de 3 meses → 5.",4,,,reported,EV-S20-011,Clausura de la planta por la autoridad laboral hasta el peritaje e investigación penal por las muertes → 4. La suspensión de la inscripción como operador si no devuelve el grano también es temporal (4).,5,4,5,observed,EV-S20-015,"Sin venteos de explosión, sin supresión ni aislamiento entre noria y galería. Plan de evacuación con simulacro de 2025-03 (más de 12 meses: sin prueba) sólo con personal propio; choferes sin instrucciones; bomberos a 10 min sin rescate en altura; sin aviso al pueblo. Una vez iniciada la explosión, nada limita la propagación → 5; la evacuación podría reducir víctimas en secundarias → 4.",3,3,4,observed,EV-S20-003,"Recepción en silos bolsa (2.500 t/día, usada cada campaña: probada) y despacho desde silos bolsa con extractora (usado cada año). Sin elevador no hay secado y el grano húmedo no se embolsa; sin acuerdo con otro acopio → alternativa probada que cubre sólo una parte → 3.",5,econ;pers;cont,"econ:cont,rec(secuencial);pers:cont;cont:cont,rec(secuencial);legal:cont",pers,true,econ;pers;cont,true,true,,,medium,Sin estudio de clasificación de áreas ni cálculo del alcance de una explosión; cuántos silos alcanzan las secundarias; personas presentes en el momento.,100,,100,§2.1;§2.2;§2.3;§3.1;§3.2;§3.3;§3.4;§4.1;§4.2;§4.3;§4.4;§4.5;§5.1;§5.2;§5.3;§5.4;§5.5;§6;§8.1;§8.2;D4;D5;D8;D14;D15;D17;D19;D20;D23,"Evento = ignición del polvo en el elevador. P ancla 3 por precursores con +1 por filtro roto y polvo acumulado. Destrucción del elevador y muertes múltiples plausibles (econ, pers y cont 5). Sin venteos ni supresión; silos bolsa como recuperación parcial.",,pending,,,AN-8-agro-y-alimentos-0040
EV-0047,S20-R02,S20,riesgo,,,agente-8b-agro-y-alimentos,ai,8,F8-AG-01,metodologia v0.2,protocolo v0.2,2026-10-07,inicial,,,,,,,"Grano almacenado con humedad sobre la de recibo o con insectos, que se calienta durante semanas",El calentamiento llega a la combustión dentro de la masa de grano,"Pérdida del grano del silo, daño de la estructura y riesgo de explosión al abrir o vaciar el silo",v0/emi41/fichas/S20/S20-R02.md;v0/emi41/fichas/S20/empresa.md;v0/emi41/fichas/S20/transferencia.md,4,3,4,observed,EV-S20-020;EV-S20-021;EV-S20-022;EV-S20-023;EV-S20-024,"Historia propia (incidentes desde 1998): combustión sin llama en el silo 9 en 2017-08 (9 años) → ancla 3; comparable regional de 2024 (combustión y explosión en un silo de girasol) también 3; el calentamiento de 2022 a 48 °C y las 3 lecturas sobre 40 °C de 2026 son precursores. Ajuste +1 (§3.4.2): cables de termometría de los silos 10 y 12 cortados desde 2025-11 (control preventivo fuera de servicio) y 22% del maíz de 2026 con más del 17% de humedad (9% en 2025) esperando secado hasta 10 días en el silo 11. Resultado 4; sin el ajuste, 3.",4,3,4,inferred,EV-S20-020;EV-S20-003,"Bruto sin vaciado ni venta con castigo: silo 11 con 5.000 t de maíz húmedo (USD 0,88 M) o silo de soja (USD 1,16 M) perdido en su mayor parte + daño del silo USD 0,1-0,6 M; la empresa repone el grano de depositantes ≈ USD 1,0-1,5 M / RO 2025 USD 3,0 M (último ejercicio cerrado, positivo, sin partidas extraordinarias) ≈ 33-50% → 4. Con el 25% del grano perdido (piso de 2017) ≈ USD 0,3-0,4 M (10-14%) → 3.",1,1,3,reported,EV-S20-022,"Las personas se exponen al abrir o vaciar el silo (operarios y bomberos). En 2017 se vació sin heridos → 1. En el comparable de 2024, 2 bomberos heridos por la explosión al abrir la boca inferior → 3 como máximo.",3,3,4,observed,EV-S20-020,Almacenaje (función crítica): un silo de 12 (8-10% de la capacidad) fuera de servicio 1 a 5 meses; recepción y despacho siguen → degradación menor a la mitad; como interrupción sería 4 (hasta 3 meses) o 5 → un nivel menos → 3; con más de 3 meses → 4.,1,1,2,reported,EV-S20-020,"Reclamos de depositantes resueltos por reposición (económico) e intervención de bomberos → 1; con heridos, acta de la autoridad laboral → 2.",4,3,4,observed,EV-S20-020,"Procedimiento de vaciado de silos con combustión escrito en 2018, nunca ensayado y sin inertización; bomberos a 2 km (actuación en 2017, hace más de 3 años). La termometría se cargó en P (detecta el calentamiento antes de la combustión). Respuesta con plan no ensayado → 4.",3,3,4,observed,EV-S20-021;EV-S20-040,Venta del grano dañado con castigo (práctica usada cada campaña con el grano deteriorado; 60% del valor en 2022) y chapas del fabricante en 6-8 semanas → repone sólo una parte → 3.,4,econ,"econ:cont,rec(secuencial);pers:cont;cont:cont,rec(secuencial);legal:cont",econ,false,,false,true,,,medium,Proporción del grano del silo que se pierde sin vaciado; temperatura de los silos 10 y 12 (sin lectura).,64,,64,§2.1;§2.2;§2.3;§3.1;§3.2;§3.3;§3.4;§4.1;§4.2;§4.3;§4.4;§4.5;§5.2;§5.3;§5.4;§5.5;§6;D4;D5;D8;D14;D15;D17;D19,Evento = combustión dentro de la masa. P ancla 3 (2017 y comparable) con +1 por termometría cortada y maíz más húmedo. Pérdida de un silo lleno (econ 4) y degradación del almacenaje. Vaciado sin ensayar.,,pending,,,AN-8-agro-y-alimentos-0041;AN-8-agro-y-alimentos-0042;AN-8-agro-y-alimentos-0043
EV-0048,S20-R03,S20,riesgo,,,agente-8b-agro-y-alimentos,ai,8,F8-AG-01,metodologia v0.2,protocolo v0.2,2026-10-07,inicial,,,,,,,Ingreso a un silo para romper costras o destrabar la descarga sin bloqueo o sin línea de vida anclada,El grano cede bajo el operario y lo hunde (hundimiento o derrumbe de costra),Asfixia o compresión del tórax; muerte o lesión con internación,v0/emi41/fichas/S20/S20-R03.md;v0/emi41/fichas/S20/empresa.md;v0/emi41/fichas/S20/transferencia.md,3,3,4,observed,EV-S20-030;EV-S20-031;EV-S20-032,"Historia propia: hundimiento hasta el pecho en el silo 3 en 2021-07 (63 meses) → ancla 3; comparable de la provincia en 2023 (una muerte) también 3. Ajuste −1 (§3.4.1): procedimiento de espacio confinado con permiso, vigía, línea anclada y bloqueo (2023), candados en las 12 descargas y reentrenamiento (2026-04), que no existían en 2021. Ajuste +1 (§3.4.2): 2 de 9 ingresos de 2026 sin permiso (uno sin vigía) y campaña con grano húmedo (más costras). Se compensan → 3.",2,1,3,reported,EV-S20-031,"Indemnizaciones fuera del régimen legal USD 50-300 mil en muertes del sector + multas USD 2-50 mil + silo clausurado 3-10 días (la planta sigue) ≈ USD 0,1-0,35 M / RO 2025 USD 3,0 M (último ejercicio cerrado, positivo, sin partidas extraordinarias) ≈ 3-12% → 2 plausible; con indemnización baja < 2% → 1; con la alta, 3.",4,3,5,reported,EV-S20-031,Un operario por ingreso; hundido hasta el pecho no puede salir y la presión impide respirar en minutos; en el comparable de 2023 murió el operario y el rescatista se lesionó. Una muerte plausible → 4 (safety_critical); con un rescatista también atrapado → 5.,2,1,2,reported,EV-S20-031,Almacenaje: un silo clausurado 3-10 días durante el peritaje; la planta sigue con 11 → degradación menor a la mitad; como interrupción de más de 3 días sería 3 → 2; con 3 días o menos → 1.,4,,,reported,EV-S20-031,Clausura del silo y peritaje de la autoridad laboral; investigación penal por la muerte (supervisión y dirección) → 4.,4,3,4,observed,EV-S20-030;EV-S20-032,"Vigía con trípode y malacate apto sólo para silos de 3.500 t (no para los de 5.000 t), sin paneles de contención; último ejercicio de rescate en 2024-08 (más de 12 meses); bomberos sin equipos de rescate en silos; la actuación de 2021 fue improvisada (25 min) y hace más de 3 años → respuesta sin entrenamiento vigente, el daño se produce casi completo → 4.",no_aplica,,,reported,EV-S20-031,No hay función que restablecer (el silo vuelve a usarse tras el peritaje) y la lesión o la muerte no se reponen → no_aplica.,4,pers;legal,econ:cont;pers:cont;cont:cont;legal:cont,pers;legal,false,,true,true,,,medium,Cumplimiento real del permiso de ingreso; si los ajustes −1 y +1 se compensan.,48,,80,§2.1;§2.2;§3.2;§3.3;§3.4;§4.1;§4.2;§4.3;§4.4;§4.5;§5.2;§5.3;§5.5.2;§6;§8.2;D4;D5;D8;D14;D15;D19;D23,"Evento = hundimiento del operario en el grano. P ancla 3 con −1 y +1 compensados. Una muerte plausible (safety_critical), legal 4. Rescate sin entrenamiento vigente; recuperación no aplica.",,pending,,,
EV-0049,S20-R04,S20,riesgo,,,agente-8b-agro-y-alimentos,ai,8,F8-AG-01,metodologia v0.2,protocolo v0.2,2026-10-07,inicial,,,,,,,"Grano recibido con más humedad que la que la secadora baja a tiempo, o agua en silos bolsa rotos",El grano almacenado se moja o se mantiene húmedo y empieza a deteriorarse,"Merma de cantidad y castigo de calidad al venderlo, y compensación a depositantes",v0/emi41/fichas/S20/S20-R04.md;v0/emi41/fichas/S20/empresa.md;v0/emi41/fichas/S20/transferencia.md,5,,,observed,EV-S20-040;EV-S20-041,"Registro propio de mermas (9 campañas): deterioro en todas las campañas de 2023, 2024, 2025 y 2026 → al menos una vez por año en los últimos tres años → ancla 5. Mermas propias de 0,27-0,51%, dentro del rango sectorial (0,2-0,8%).",2,2,3,observed,EV-S20-040,"Las pérdidas registradas son netas de detección y venta con castigo; el bruto vale 1,4-2 veces. Episodio típico de una campaña (granizo de 2025: neto USD 160 mil; 2023: USD 95 mil) → bruto USD 0,13-0,32 M / RO 2025 USD 3,0 M (último ejercicio cerrado, positivo, sin partidas extraordinarias) ≈ 4-11% → 2. Campaña con lluvias y secadora saturada como 2024 (neto USD 290 mil) → bruto USD 0,41-0,58 M (14-19%) → 3 como máximo.",1,,,reported,EV-S20-040,No hay personas expuestas.,1,,,reported,EV-S20-040,"No hay interrupción: la planta sigue recibiendo, secando y despachando; el grano deteriorado se separa → 1.",1,1,2,reported,EV-S20-040,Reclamos de depositantes resueltos por compensación (económico); ninguno judicial en 2018-2026 → 1.,3,2,3,observed,EV-S20-042,"Termometría en 10 de 12 silos, CO₂ en el 30% de los silos bolsa (actuación real 2026: 11 bolsas extraídas antes del daño), prioridad de secado o venta aplicada cada campaña y parcheo de bolsas en la recorrida semanal. Probadas pero con cobertura parcial (70% de las bolsas sin CO₂, roturas que esperan hasta una semana) → una parte importante se produce → 3.",2,2,3,observed,EV-S20-040,"Venta del grano deteriorado con castigo, usada cada campaña: recupera el 50-70% del valor → alternativa probada que repone la mayor parte de lo perdido → 2; con el 50%, 3.",2,econ,"econ:cont,rec(secuencial);pers:cont;cont:cont,rec(secuencial);legal:cont",econ,false,,false,true,,,medium,"Qué se toma como un evento (bolsa, silo o campaña); relación bruto/neto (1,4-2 veces).",30,,45,§2.1;§2.2;§3.2;§3.3;§4.1;§4.2;§4.4;§4.5;§5.2;§5.3;§5.4;§5.5;§6;D4;D5;D8;D14;D15;D19,"Evento = grano que se moja o queda húmedo y se deteriora. P 5 por frecuencia. Pérdida bruta típica de una campaña (econ 2), sin interrupción. Contención parcial y venta con castigo probada.",,pending,,,AN-8-agro-y-alimentos-0044
EV-0050,S20-R05,S20,riesgo,,,agente-8b-agro-y-alimentos,ai,8,F8-AG-01,metodologia v0.2,protocolo v0.2,2026-10-07,inicial,,,,,,,Corrosión en anillos inferiores y pernos de anclaje de silos de 1998 y descarga excéntrica,Rotura de la pared o del anclaje de un silo lleno,"Silo abierto o volcado, grano derramado sobre la playa, caída sobre la galería o el silo vecino, víctimas, pérdida de grano y de la carga de silos durante la reparación",v0/emi41/fichas/S20/S20-R05.md;v0/emi41/fichas/S20/empresa.md;v0/emi41/fichas/S20/transferencia.md,3,3,4,observed,EV-S20-050;EV-S20-051;EV-S20-052;EV-S20-053,"Sin colapsos propios desde 1998. Comparables de la región: apertura de un silo por descarga excéntrica en 2021 y colapso por corrosión en la base en 2024 (últimos 5 años) → ancla 3; también hay precursores propios (pérdida de espesor de 18-25% en los silos 2, 4 y 7, pernos corroídos, descarga lateral del silo 7 en 2025). Sin ajuste +1: la ficha dice que no se sabe cómo se compara el estado de estos silos con los de la región (la fuente que fijó el nivel son comparables, y el comparable de 2024 también tenía corrosión). Si se toman la corrosión sin refuerzo y el silo 4 al 95% (límite transitorio 80%) como peores que lo habitual → 4.",4,4,5,inferred,EV-S20-004;EV-S20-051;EV-S20-003,"Bruto sin silos bolsa: silo USD 0,6 M + galería y cintas USD 0,3-0,6 M + 40% de 3.500 t de grano (USD 0,25-0,46 M) + limpieza USD 0,1-0,2 M ≈ USD 1,25-1,86 M / RO 2025 USD 3,0 M (último ejercicio cerrado, positivo, sin partidas extraordinarias) ≈ 42-62% → 4. En cosecha, sin galería no se cargan silos 6-10 semanas: margen de USD 32/t sobre 50-80 mil t no recibidas (USD 1,6-2,6 M) → total ≥ 100% → 5 como máximo.",4,3,5,reported,EV-S20-051;EV-S20-001,"Silos 2, 4 y 7 junto a la playa de carga: 5-15 personas a menos de 30 m en despacho y un operario en el túnel de descarga; en el comparable de 2024 murió un chofer en su cabina a 15 m. Una muerte plausible → 4 (safety_critical); varias víctimas en la playa → 5.",4,,,inferred,EV-S20-004,"Si la galería queda dañada (apoya sobre los techos de los silos): almacenaje en silos aéreos detenido 6-10 semanas → interrupción de 2 semanas a 3 meses → 4. Si sólo cae el silo: un silo menos durante 4-6 meses, degradación menor a la mitad (5 → 4). En los dos casos, 4.",4,,,reported,EV-S20-051,Clausura del sector y peritaje; investigación penal si hay víctimas → 4.,5,,,observed,EV-S20-050,"Sin zona de exclusión alrededor de los silos 2, 4 y 7 (la playa funciona igual) y plan de evacuación que no prevé colapso → nada contiene → 5.",3,3,4,observed,EV-S20-003,"Recepción y almacenaje en silos bolsa (2.500 t/día sin secado, usada cada campaña: probada) → cubre una parte; reparación de la galería sin proyecto ni proveedor → 3.",4,econ;pers;cont;legal,"econ:cont,rec(secuencial);pers:cont;cont:cont,rec(secuencial);legal:cont",pers;legal,false,,true,true,,,medium,Sin inspección de los silos 9 a 12 ni cálculo de hacia dónde caería cada silo; comparación del estado de los silos con los de la región.,60,,100,§2.1;§2.2;§2.3;§3.2;§3.3;§3.4;§4.1;§4.2;§4.3;§4.4;§4.5;§5.2;§5.3;§5.4;§5.5;§6;§8.2;D4;D5;D8;D14;D15;D17;D19;D23,"Evento = rotura de pared o anclaje de un silo lleno. P ancla 3 por comparables y precursores, sin ajuste. Una muerte plausible (safety_critical), econ 4, cont 4, legal 4. Nada contiene; silos bolsa como recuperación parcial.",,pending,,,AN-8-agro-y-alimentos-0045
EV-0051,S20-R06,S20,riesgo,,,agente-8b-agro-y-alimentos,ai,8,F8-AG-01,metodologia v0.2,protocolo v0.2,2026-10-07,inicial,,,,,,,Acuerdo entre un balancero o calador y transportistas o productores,Registro de un peso o una calidad que no corresponden en la recepción de grano,La empresa paga o certifica grano que no recibió; faltante de stock que se descubre en la auditoría y se pierde,v0/emi41/fichas/S20/S20-R06.md;v0/emi41/fichas/S20/empresa.md;v0/emi41/fichas/S20/transferencia.md,3,3,4,observed,EV-S20-060;EV-S20-061;EV-S20-062,"Historia propia (auditorías desde 2015): manipulación de taras detectada en 2024-11 (dentro de 36 meses) → ancla 4. Ajuste −1 (§3.4.1): software de balanza inmodificable y cámaras con lectura de patente (2025-03) y conciliación de taras por patente (2025-06), que no existían durante el antecedente y generan alertas verificables (14 en 2026). Resultado 3. Las 2 alertas sin explicación de 2026 se tomaron como precursores; si fueran registros indebidos, el +1 o un nuevo antecedente llevarían a 4.",2,2,3,inferred,EV-S20-060;sin_evidencia,"Bruto sin auditoría ni conciliación: el fraude sigue hasta el cierre del ejercicio. Con la escala de 2024 (380 t por trimestre, de las que una parte fue merma) durante 3-4 trimestres: 600-1.100 t de soja ≈ USD 0,2-0,36 M / RO 2025 USD 3,0 M (último ejercicio cerrado, positivo, sin partidas extraordinarias) ≈ 7-12% → 2. Si todo el faltante de 2024 fue fraude y dura un año → 3.",1,,,reported,EV-S20-060,No hay personas expuestas.,1,,,reported,EV-S20-060,No hay interrupción.,2,1,2,reported,EV-S20-060,"Si el faltante afecta grano de depositantes, la autoridad de control comercial puede intimar a reponerlo (requerimiento formal) → 2; la denuncia penal es contra los responsables, no contra la empresa.",2,2,3,observed,EV-S20-060;EV-S20-062,"Auditoría de stock trimestral con láser (actuación real 2024-11: detectó a los 3 meses; umbral 0,3% del stock) → probada, limita el fraude a un trimestre; conciliación diaria de taras con alerta en el día, pero las 2 alertas sin explicación no se investigaron (falla parcial) → 2; si la conciliación no actúa, 3.",4,4,5,observed,EV-S20-060,"Recupero de lo defraudado por reclamo civil a los transportistas de 2024, en trámite y sin cobro a 2026-09 → capacidad no probada que repone poco → 4; 5 si no se cobra nada.",2,econ;legal,"econ:cont,rec(secuencial);pers:cont;cont:cont,rec(secuencial);legal:cont",econ;legal,false,,false,true,,,medium,Qué parte del faltante de 2024 fue fraude; explicación de las 2 alertas de 2026; estimación de 150 t por trimestre sin evidencia.,12,,36,§2.1;§2.2;§3.2;§3.3;§3.4;§4.1;§4.2;§4.5;§5.2;§5.3;§5.4;§5.5;§6;D4;D5;D8;D14;D15;D19,Evento = registro indebido de peso o calidad. P ancla 4 (2024) con −1 por controles nuevos. Pérdida bruta de un ejercicio (econ 2). Auditoría trimestral probada; recupero sin cobro.,,pending,,,AN-8-agro-y-alimentos-0046
EV-0052,S21-R01,S21,riesgo,,,agente-8b-agro-y-alimentos,ai,8,F8-AG-01,metodologia v0.2,protocolo v0.2,2026-10-07,inicial,,,,,,,Tormentas convectivas de primavera y verano en el valle,Caída de granizo sobre una finca con fruta en la planta,Fruta golpeada que pierde calidad de exportación o cae; menos fruta para empacar y exportar en la campaña,v0/emi41/fichas/S21/S21-R01.md;v0/emi41/fichas/S21/empresa.md;v0/emi41/fichas/S21/transferencia.md,4,3,4,observed,EV-S21-010;EV-S21-011,"Registro propio de 12 campañas: granizo con daño en 2019-12, 2022-01, 2024-11 y 2025-02; dos en los últimos 36 meses, sin llegar a uno por año → ancla 4. Fuentes de frecuencia: 3 campañas con daño en 12 (25%) y 12% de la superficie del valle dañada por temporada (≈32% de que alguna de tres fincas separadas sea alcanzada) → nivel 3; divergen → rango 3-4 (§3.2). Sin ajustes: la empresa no actúa sobre la causa y la temporada de tormentas es la habitual.",3,2,4,assumed,EV-S21-010;EV-S21-002;EV-S21-003;sin_evidencia,"Escenario plausible: daño típico del registro (8-45%; se toma 25% de una finca, unas 1.940 t), sin red ni compra de fruta: facturación perdida ≈ USD 2,24 M (USD 1.273/t menos descarte a USD 120/t). Margen de contribución no conocido (estimación de la gerencia 25-35% sin respaldo): F5-1, mínimo con el margen operativo 2025 (RO/facturación = 9,7%), máximo con la facturación perdida entera, valor con la estimación de la gerencia (actividad con mano de obra por tarea, fruta comprada, cartón, flete y comisiones variables). Margen operativo: USD 0,22 M (5,6% del RO) → 2; gerencia 25-35%: USD 0,56-0,78 M (14-20%) → 3; facturación entera USD 2,24 M (57%) → 4. Referencia de la ficha (45% de la finca 2, USD 4,6 M de facturación): con la gerencia 30-41% del RO 2025 USD 3,9 M (último ejercicio cerrado, positivo, sin partidas extraordinarias).",1,1,2,observed,EV-S21-010,"Cosechadores en el campo durante una tormenta en enero-abril: en 2022-01, dos con contusiones leves (primeros auxilios) → 1; lesiones con atención → 2.",1,1,2,reported,EV-S21-003,"La pérdida de fruta va a Económico. El empaque sigue operando con menos fruta (2 semanas menos en la campaña con 3.900 t menos); no se detiene ninguna función crítica → 1. Si se lee la producción de fruta como función degradada por la campaña, sería mayor (ver anomalía).",1,,,reported,EV-S21-010,Ninguna consecuencia legal.,4,3,4,observed,EV-S21-010,"Red antigranizo sólo en 126 ha (20% de la superficie; fincas 2 y 3 sin red): en 2022-01, 3% de daño bajo la red contra 30% sin red; inspección de paños en 2025-10 y, para 2026-27, todavía sin desplegar ni inspeccionar. Cosecha anticipada de la fruta golpeada (aplicada en 2024). Para una tormenta sobre una finca cualquiera el daño se produce casi completo → 4; si cae sobre la finca 1 desplegada → 3.",4,3,4,observed,EV-S21-012,"Compra de fruta a terceros para llenar el empaque (2019-12: 2.000 t a 18% más; hace más de 3 años, sin acuerdo previo) → capacidad improvisada que cubre poco; la fruta perdida no se repone en la campaña → 4.",3,econ,"econ:cont,rec(secuencial);pers:cont;cont:cont,rec(secuencial);legal:cont",econ,false,,false,true,,,high,Margen de contribución sin respaldo (F5-1); severidad del granizo (8-45% de una finca); finca alcanzada.,48,,64,§2.1;§2.2;§2.3;§3.2;§3.3;§4.1;§4.2;§4.3;§4.4;§4.5;§5.2;§5.3;§5.4;§5.5;§6;§9.1;§9.2;F5-1;D4;D5;D8;D14;D15;D17;D19,"Evento = granizo sobre una finca con fruta. P ancla 4 por dos episodios en 36 meses (rango 3-4 por la frecuencia del valle). Pérdida de campaña con margen supuesto (F5-1, econ 3). Red en el 20% de la superficie; compra de fruta improvisada.",,pending,,,AN-8-agro-y-alimentos-0047;AN-8-agro-y-alimentos-0048;AN-8-agro-y-alimentos-0049
EV-0053,S21-R02,S21,riesgo,,,agente-8b-agro-y-alimentos,ai,8,F8-AG-01,metodologia v0.2,protocolo v0.2,2026-10-07,inicial,,,,,,,Irrupción de aire frío con cielo despejado durante floración y cuajado,Temperatura bajo el umbral de daño (−2 °C más de 30 min) en una o varias fincas,Pérdida de flores y frutitos; menos fruta en toda la campaña,v0/emi41/fichas/S21/S21-R02.md;v0/emi41/fichas/S21/empresa.md;v0/emi41/fichas/S21/transferencia.md,4,,,observed,EV-S21-020;EV-S21-021;EV-S21-022,"Fuente de jerarquía 1: la estación agrometeorológica del valle registra −2 °C o menos después del 15 de septiembre en 7 de 15 temporadas (47% anual) → nivel 4. Historia propia: 2016-10, 2020-09 y 2023-10 (dentro de los 36 meses) → ancla 4, coincide. Precursor de 2026-09-14 (−1,6 °C, 40 min). Sin ajustes: la floración en curso es la exposición habitual que la estadística ya refleja.",3,2,4,assumed,EV-S21-020;EV-S21-002;sin_evidencia,"Escenarios de la ficha, sin molinos ni quemadores: 40% de la finca 3 (2.700 t, USD 3,4 M de facturación) o tres fincas al 12% (2.800 t, USD 3,6 M). Margen de contribución no conocido (estimación de la gerencia 25-35% sin respaldo): F5-1, mínimo con el margen operativo 2025 (RO/facturación = 9,7%), máximo con la facturación perdida entera, valor con la estimación de la gerencia (actividad con mano de obra por tarea, fruta comprada, cartón, flete y comisiones variables). Margen operativo: USD 0,35 M (9%) → 2; gerencia 25-35%: USD 0,85-1,26 M (22-32%), 30% ≈ USD 1,05 M (27%) → 3; facturación entera USD 3,4-3,6 M (87-92%) → 4.",1,,,reported,EV-S21-020,No hay personas expuestas.,1,1,2,reported,EV-S21-003,La pérdida de fruta va a Económico; el empaque trabaja 1-2 semanas menos en la campaña y ninguna función crítica se detiene → 1.,1,,,reported,EV-S21-020,Ninguna consecuencia legal.,4,3,4,observed,EV-S21-023;EV-S21-022,"Molinos en 60 ha (10% de la superficie; actuación real 2023-10: 3% de pérdida contra 12%), 150 quemadores manuales para 30 ha (en 2020-09 no se encendieron a tiempo con 4 personas de guardia) y alerta meteorológica probada (2026-09-14, 9 h de anticipación). Cubren el 15% de la superficie: el daño se produce casi completo → 4.",3,3,4,observed,EV-S21-020,"Compra de fruta a terceros tras la helada de 2023-10 (campaña 2023-24, dentro de 3 años): sólo 900 t a 40% más → alternativa probada que cubre sólo una parte → 3; la fruta perdida no se repone.",3,econ,"econ:cont,rec(secuencial);pers:cont;cont:cont,rec(secuencial);legal:cont",econ,false,,false,true,,,high,Margen de contribución sin respaldo (F5-1); severidad y fincas alcanzadas; temperaturas por sector en las fincas 1 y 2.,48,,64,§2.1;§2.2;§3.2;§3.3;§3.4;§4.1;§4.2;§4.4;§4.5;§5.2;§5.3;§5.4;§5.5;§6;§9.1;F5-1;D4;D5;D8;D14;D15;D17;D19,Evento = helada bajo el umbral en floración. P 4 por la estación del valle y la historia propia. Pérdida de campaña con margen supuesto (econ 3). Defensa activa en el 15% de la superficie; compra de fruta parcial.,,pending,,,AN-8-agro-y-alimentos-0047;AN-8-agro-y-alimentos-0049
EV-0054,S21-R03,S21,riesgo,,,agente-8b-agro-y-alimentos,ai,8,F8-AG-01,metodologia v0.2,protocolo v0.2,2026-10-07,inicial,,,,,,,Falla mecánica de compresores o del sistema de control de las cámaras de atmósfera controlada,Falla de un compresor o del control de atmósfera que deja cámaras con fruta sin frío o sin atmósfera si nada actúa,"Fruta que se ablanda o sufre daños de almacenaje, pierde vida de guarda; venta anticipada con descuento o descarte",v0/emi41/fichas/S21/S21-R03.md;v0/emi41/fichas/S21/empresa.md;v0/emi41/fichas/S21/transferencia.md,4,3,4,observed,EV-S21-030;EV-S21-031,"Evento iniciador según §2.1.3 y F5-2: la falla del equipo (el compresor de reserva es contención). Registro propio de 14 años: falla de un compresor en 2024-04 (dentro de 36 meses, contenida por la reserva) → ancla 4; falla del control de atmósfera en 2021-03 (más de 3 años). Alarma de alta presión de 2026-04 como precursor. Sin ajustes: mantenimiento al día y las incrustaciones del condensador son de cada temporada. Con el evento tal como está escrito (pérdida de frío en cámaras), sólo 2021 → 3.",4,3,4,inferred,EV-S21-030;EV-S21-003,"Bruto sin compresor de reserva ni alarmas: con la demanda de pico (3 compresores) y la reposición del compresor en 10-14 semanas, frío perdido en 4 cámaras durante 72 h en abril (3.200 t): 40% a descarte y 60% con 20% de descuento ≈ USD 1,9 M / RO 2025 USD 3,9 M (último ejercicio cerrado, positivo, sin partidas extraordinarias) ≈ 49% → 4. Pérdida de atmósfera en 2 cámaras 3 días (como 2021) ≈ USD 0,6 M (15%) → 3.",1,,,reported,EV-S21-030,No hay personas expuestas por la pérdida de frío.,3,2,3,reported,EV-S21-030,"Conservación en frío: sin reserva, en el pico falta un tercio de la capacidad de frío hasta reponer el compresor (10-14 semanas); el frigorífico sigue con las cámaras no afectadas → degradación menor a la mitad; como interrupción sería 4 → 3. Fuera del pico, 2 compresores alcanzan → menor.",1,,,reported,EV-S21-030,Ninguna consecuencia legal.,2,1,2,observed,EV-S21-031;EV-S21-033,"Compresor de reserva (contención según F5-2; actuación real 2024-04 sin pérdida), alarmas de temperatura y atmósfera en las 14 cámaras (prueba 2026-03 correcta) y grupo de 800 kVA para el 50% del frío (ensayo con carga 2026-01, sólo 1 h). Probadas, limitan el daño a una parte acotada → 2; ante una falla de compresor en el pico actúan solas → 1.",2,2,3,observed,EV-S21-031;EV-S21-030,"Contrato con el representante (técnico en 24 h; actuación real 2024-04 a las 20 h) que restablece en días frente a 10-14 semanas; venta anticipada (2021, hace más de 3 años); cámaras de terceros sin contrato → 2.",4,econ,"econ:cont,rec(secuencial);pers:cont;cont:cont,rec(secuencial);legal:cont",econ,false,,false,true,,,medium,Qué se toma como evento iniciador (falla del equipo o pérdida de frío); operación con el grupo durante más de 1 h sin ensayar.,32,,32,§2.1;§2.2;§3.1;§3.2;§3.3;§4.1;§4.2;§4.4;§4.5;§5.1;§5.2;§5.3;§5.4;§5.5;§6;D4;D5;D8;D14;D15;D19,Evento = falla de compresor o del control de atmósfera (§2.1.3). P ancla 4 por 2024-04. Bruto de cámaras sin frío en el pico (econ 4). Reserva y alarmas probadas (V 2).,,pending,,,AN-8-agro-y-alimentos-0050
EV-0055,S21-R04,S21,riesgo,,,agente-8b-agro-y-alimentos,ai,8,F8-AG-01,metodologia v0.2,protocolo v0.2,2026-10-07,inicial,,,,,,,"Larvas de una plaga cuarentenaria para el mercado P en fruta propia o de terceros, no detectadas en el empaque",La inspección del mercado P intercepta una larva viva en un contenedor,"Contenedor rechazado; con la tercera intercepción de la temporada, suspensión del empaque para el mercado P por el resto de la temporada",v0/emi41/fichas/S21/S21-R04.md;v0/emi41/fichas/S21/empresa.md;v0/emi41/fichas/S21/transferencia.md,4,,,observed,EV-S21-040;EV-S21-041;EV-S21-042,Registro propio de intercepciones desde 2014: 2 en 2025-03 (dentro de 36 meses) y 1 en 2023-04 (42 meses); menos de una por año en los últimos tres años → ancla 4. Comparables: 4 de 38 empaques del valle suspendidos en 2024-25. Precursores: capturas sobre el umbral en 3 productores terceros y 1 cuartel de la finca 3. Sin ajustes: no hay controles nuevos ni condiciones que no estuvieran en 2025.,4,3,5,assumed,EV-S21-003;EV-S21-040;sin_evidencia,"Bruto sin trazabilidad, sin retención ni redirección: la fruta del mismo origen sigue yendo al mercado P y una tercera intercepción en la temporada es plausible (en 2025 hubo dos en un mes) → suspensión. Suspensión en marzo: quedan unos USD 11,6 M de envíos al mercado P sin colocar en él. Margen de contribución no conocido (estimación de la gerencia 25-35% sin respaldo): F5-1, mínimo con el margen operativo 2025 (RO/facturación = 9,7%), máximo con la facturación perdida entera, valor con la estimación de la gerencia (actividad con mano de obra por tarea, fruta comprada, cartón, flete y comisiones variables). Margen operativo: USD 1,1 M (29%) → 3; gerencia 30% ≈ USD 3,5 M (89%) → 4 (es también la pérdida de precio de la ficha con redirección); facturación entera → 5. Un solo contenedor rechazado: USD 35-39 mil (1%).",1,,,reported,EV-S21-040,No hay personas expuestas.,5,4,5,reported,EV-S21-003,"Embarque y exportación (función crítica): el mercado P es el 64% de lo exportado (USD 23,3 de 36,1 M); con la suspensión se detiene más de la mitad de la función por el resto de la temporada (hasta 6 meses) → interrupción de más de 3 meses → 5. Suspensión más tarde en la temporada (2-3 meses restantes) → 4.",4,,,reported,EV-S21-040,Suspensión del empaque en el programa de exportación del mercado P hasta la temporada siguiente y auditoría de la autoridad nacional para reinscribirse → suspensión temporal de una habilitación → 4.,2,2,3,observed,EV-S21-040,"Trazabilidad por lote y productor que identifica el origen en 24 h y deriva esa fruta al mercado Q (actuación real 2025-03: las dos intercepciones no llegaron a la tercera) → probada, limita el daño al origen afectado → 2. La retención de contenedores en tránsito falló en 2025 (6 no se pudieron retener) → 3 como máximo.",3,3,4,observed,EV-S21-003;sin_evidencia,"Redirección al mercado Q (procedimiento comercial desde 2024-25, capacidad de absorción de 40% más según comercial, sin usar) → alternativa formal presente sin prueba → 3; la reinscripción es automática en la temporada siguiente.",5,cont,"econ:cont,rec(secuencial);pers:cont;cont:cont,rec(secuencial);legal:cont",cont,true,cont,false,true,,,high,Si el escenario bruto de una intercepción llega a la suspensión; capacidad del mercado Q; margen de contribución (F5-1); control de plagas de los productores terceros sin auditar.,40,,60,§2.1;§2.2;§3.2;§3.3;§4.1;§4.2;§4.4;§4.5;§5.2;§5.3;§5.4;§5.5;§6;§8.1;§9.1;F5-1;D4;D5;D8;D14;D15;D17;D19;D20,"Evento = intercepción de una larva viva en un contenedor. P ancla 4 por 2025. Bruto sin trazabilidad lleva a la suspensión del mercado P (econ 4, cont 5, legal 4). Trazabilidad probada (contención 2).",,pending,,,AN-8-agro-y-alimentos-0047;AN-8-agro-y-alimentos-0051
EV-0056,S21-R05,S21,riesgo,,,agente-8b-agro-y-alimentos,ai,8,F8-AG-01,metodologia v0.2,protocolo v0.2,2026-10-07,inicial,,,,,,,"Viajes diarios en ómnibus de un contratista por ruta y caminos de tierra, de madrugada, con choferes y vehículos no controlados",Choque o vuelco de un ómnibus con trabajadores de cosecha,"Muertos y heridos entre los trabajadores, reclamos contra la empresa como empleadora, cosecha parcialmente interrumpida",v0/emi41/fichas/S21/S21-R05.md;v0/emi41/fichas/S21/empresa.md;v0/emi41/fichas/S21/transferencia.md,3,2,4,reported,EV-S21-050;EV-S21-051;EV-S21-053,"Sin registro propio (la empresa no registra incidentes del transporte; no hay datos del contratista anterior ni del actual), sin estadística sectorial. Comparables: la prensa regional informa accidentes de vehículos de trabajadores rurales en el valle en temporadas recientes (últimos 5 años, sin recuento) → ancla 3. La cubierta lisa de 2026-09 es una condición (estado del vehículo), no fija nivel. Sin ajuste: la ficha dice que no se sabe cómo se comparan el contratista, su flota y sus choferes con los del valle. Rango 2-4 por la falta de recuento.",2,2,4,reported,EV-S21-052,"Vuelco de un ómnibus con hasta 45 trabajadores, con una muerte y varios heridos: indemnizaciones fuera del régimen USD 80-400 mil por fallecido más heridos, multas de USD 2-50 mil y cosecha de una finca reducida 2-5 días ≈ USD 0,2-0,4 M / RO 2025 USD 3,9 M (último ejercicio cerrado, positivo, sin partidas extraordinarias) ≈ 5-10% → 2. Varias muertes → hasta 4.",4,3,5,reported,EV-S21-050;EV-S21-052,"Hasta 45 trabajadores por ómnibus, de madrugada, 8-15 km de tierra y un cruce de ruta nacional sin semáforo; la prensa regional informa en estos vuelcos varios heridos con internación y, en algunos casos, muertos. Una muerte plausible → 4 (safety_critical); varias → 5.",1,1,2,reported,EV-S21-050,Producción de fruta: cosecha de una finca reducida 20-40% durante 2-5 días (una finca de tres) → degradación menor a la mitad; como interrupción de 1-3 días sería 2 → 1; con 5 días → 2.,4,3,4,reported,EV-S21-051,"Investigación penal sobre el contratista y posible imputación de responsables de la empresa por las condiciones del transporte contratado, e inspección laboral de toda la empresa → 4.",5,4,5,observed,EV-S21-050,"Sin procedimiento de emergencia en ruta, sin aviso desde los ómnibus, hospital a 25-50 km y sin listas de pasajeros por ómnibus → nada contiene → 5.",4,3,4,observed,EV-S21-051,"Reemplazo del vehículo en 48 h previsto en el contrato, sin prueba; reemplazo de cosechadores con oferta casi agotada en enero-abril → cubre poco → 4.",4,pers;legal,"econ:cont,rec(secuencial);pers:cont;cont:cont,rec(secuencial);legal:cont",pers;legal,false,,true,true,,"Pedir al contratista el historial de siniestros, la verificación técnica y la antigüedad de los ómnibus, y las licencias y horas de manejo de los choferes; relevar accidentes de transporte rural en el valle.",high,"Sin historial de siniestros, antigüedad de flota, licencias ni horas de manejo; sin estadística regional; póliza del contratista no vista.",60,,100,§2.1;§2.2;§2.3;§3.1;§3.2;§3.3;§3.4;§4.1;§4.2;§4.3;§4.4;§4.5;§5.2;§5.3;§5.4;§5.5;§6;§8.2;§9.1;§9.5;D4;D5;D8;D9;D14;D15;D17;D19;D23,"Evento = choque o vuelco de un ómnibus. P ancla 3 por accidentes de comparables del valle, con rango amplio. Una muerte plausible (safety_critical) y legal 4. Nada contiene.",,pending,,,AN-8-agro-y-alimentos-0052
EV-0057,S21-R06,S21,riesgo,,,agente-8b-agro-y-alimentos,ai,8,F8-AG-01,metodologia v0.2,protocolo v0.2,2026-10-07,inicial,,,,,,,Conflicto gremial de trabajadores portuarios o estibadores del único puerto de embarque,Paro que detiene la carga de contenedores en el puerto,"Contenedores sin embarcar, buques perdidos, fruta en espera, desvío a otro puerto, llegada tardía y menor precio",v0/emi41/fichas/S21/S21-R06.md;v0/emi41/fichas/S21/empresa.md;v0/emi41/fichas/S21/transferencia.md,5,4,5,observed,EV-S21-060;EV-S21-061;EV-S21-062;EV-S21-063,"Registro propio desde 2014: paros en 2021-02 y 2024-03 (dentro de 36 meses) → ancla 4; la cámara registra 6 paros de más de 3 días en 2016-2025 en ese puerto (≈0,6 por año), coherente con 4. Ajuste +1 (§3.4.2): estado de alerta gremial declarado en 2026-08 con la negociación salarial abierta antes de la temporada, una condición presente que el promedio del período no refleja. Resultado 5; sin el ajuste, 4.",3,2,3,observed,EV-S21-061;EV-S21-060,"Bruto sin desvío por camión: paro de 9 días en marzo como 2024: USD 0,62 M registrado + USD 0,25-0,37 M por los 80 contenedores que habrían esperado 9 días más con 10-15% menos de precio ≈ USD 0,9-1,0 M / RO 2025 USD 3,9 M (último ejercicio cerrado, positivo, sin partidas extraordinarias) ≈ 23-25% → 3. Paro de 5 días como 2021 (USD 0,21 M con respuesta) en bruto ≈ 2.",1,,,reported,EV-S21-060,No hay personas expuestas.,3,2,3,observed,EV-S21-061,Embarque y exportación detenidos durante el paro (5-9 días) → interrupción de más de 3 días y hasta 2 semanas → 3; el empaque puede seguir unos 8 días hasta llenar el frigorífico.,1,,,reported,EV-S21-060,Ninguna para la empresa; los contratos prevén fuerza mayor por paros portuarios.,2,2,3,observed,EV-S21-061,"Desvío al otro puerto por camión (actuación real 2024-03: 80 contenedores; limitado a 12 por día por falta de camiones refrigerados) y guarda en el frigorífico (8 días de margen en marzo): el embarque sigue por otra vía (contención según F5-2) → probadas, limitan el daño a una parte → 2; sin acuerdo con transportistas para más de 12 contenedores por día → 3.",3,3,4,observed,EV-S21-061,Reprogramación de buques con las navieras al terminar el paro (2024: normalizado en 12 días) → alternativa probada que cubre sólo una parte → 3.,3,econ;cont,"econ:cont,rec(secuencial);pers:cont;cont:cont,rec(secuencial);legal:cont",econ;cont,false,,false,true,,,medium,Duración de un paro; resultado de la negociación salarial de 2027.,30,,45,§2.1;§2.2;§3.2;§3.3;§3.4;§4.1;§4.2;§4.4;§4.5;§5.1;§5.2;§5.3;§5.4;§5.5;§6;D4;D5;D8;D14;D15;D17;D19,"Evento = paro que detiene la carga en el puerto. P ancla 4 con +1 por el estado de alerta gremial. Paro de días en temporada (econ 3, cont 3). Desvío probado con límite de camiones.",,pending,,,AN-8-agro-y-alimentos-0053
EV-0058,S21-R07,S21,riesgo,,,agente-8b-agro-y-alimentos,ai,8,F8-AG-01,metodologia v0.2,protocolo v0.2,2026-10-07,inicial,,,,,,,"Falla eléctrica en tableros, líneas de empaque o carga de baterías de autoelevadores",Ignición dentro del edificio de empaque,"Propagación por paneles de poliuretano y cartón, destrucción del empaque y sus líneas, personas expuestas al humo, campaña sin poder embalar",v0/emi41/fichas/S21/S21-R07.md;v0/emi41/fichas/S21/empresa.md;v0/emi41/fichas/S21/transferencia.md,3,2,3,observed,EV-S21-070;EV-S21-071;EV-S21-072,"Registro propio desde 2008: ignición en un cargador de baterías en 2022-02 (56 meses) → ancla 3; comparables del valle con incendio total en 2023 (últimos 5 años) también 3; puntos calientes de 2025-12 corregidos. La estadística de aseguradores (1,5 por 1.000 instalaciones-año) mide incendios con pérdida mayor a USD 1 M, no la ignición. No se aplicó −1 por los cargadores con corte por temperatura (30 de 30 desde 2023), porque la ficha no dice que estén verificados; con el ajuste, 2.",5,,,inferred,EV-S21-004;EV-S21-003,"Bruto sin hidrantes, brigada ni façon: edificio USD 6 M + líneas USD 4,8 M + cartón hasta USD 0,8 M + fruta en proceso USD 0,35 M ≈ USD 12 M / RO 2025 USD 3,9 M (último ejercicio cerrado, positivo, sin partidas extraordinarias) ≈ 300% → 5, aun fuera de temporada; en temporada se suma la fruta que no se puede embalar (unas 20.000 t en febrero).",4,3,5,reported,EV-S21-001;EV-S21-071,"En temporada, hasta 148 personas en el empaque; los paneles de poliuretano producen humo tóxico en minutos y en las líneas no hay detección automática. Sin evacuación organizada (bruto), una muerte por humo es plausible → 4 (safety_critical); en el comparable de 2023 hubo 6 atendidos sin internación (3); varias víctimas → 5.",5,,,inferred,EV-S21-004,Empaque (función crítica) detenido 8-12 meses a plazo normal (calibradoras importadas 6-8 meses) → más de 3 meses → 5.,4,3,4,reported,EV-S21-071,"Clausura del edificio hasta la nueva habilitación de bomberos e inspección laboral; con una muerte plausible, responsabilidad penal posible → 4.",3,3,4,observed,EV-S21-073,"Detección sólo en sala de carga y depósito de cartón (prueba 2026-02); sin rociadores; hidrantes con bomba eléctrica sin respaldo (se detiene si el fuego corta la energía); brigada con simulacro de evacuación 2026-01 (5 min, probada); bomberos a 25 min; muro cortafuego al frigorífico sin verificación en los últimos 12 meses y portón sin prueba de cierre (barrera pasiva sin prueba). La evacuación limita el daño a personas, el edificio se pierde en buena parte → 3; máximo 4.",3,3,4,observed,EV-S21-073;sin_evidencia,Guarda de fruta sin embalar en el frigorífico propio (hasta 12.000 t por 2-3 meses: alternativa parcial formal presente sin prueba); façon en empaques del valle sin acuerdo y con poca capacidad en temporada (improvisada); sin proyecto de reconstrucción → 3.,5,econ;cont,"econ:cont,rec(secuencial);pers:cont;cont:cont,rec(secuencial);legal:cont",econ;cont,true,econ;cont,true,true,,,medium,Personas presentes en el momento (temporada o no); capacidad libre de empaques de terceros; estado del muro y del portón cortafuego.,45,,60,§2.1;§2.2;§2.3;§3.1;§3.2;§3.3;§3.4;§4.1;§4.2;§4.3;§4.4;§4.5;§5.1;§5.2;§5.3;§5.4;§5.5;§6;§8.1;§8.2;D4;D5;D8;D14;D15;D17;D19;D20;D23,"Evento = ignición en el empaque. P ancla 3 (2022 y comparables), sin −1 por falta de verificación. Destrucción del empaque (econ 5, cont 5) y una muerte plausible (safety_critical). Contención parcial; guarda en frío propia sin prueba.",,pending,,,AN-8-agro-y-alimentos-0054
EV-0059,S21-R08,S21,riesgo,,,agente-8b-agro-y-alimentos,ai,8,F8-AG-01,metodologia v0.2,protocolo v0.2,2026-10-07,inicial,,,,,,,"Nuevo sistema de mitigación anunciado por el mercado P en 2026-06, en vigor desde 2028-04-01","Fincas propias o de productores terceros quedan fuera del umbral de capturas en las temporadas de monitoreo previas (2026-27), con lo que su fruta no podrá entrar al mercado P desde 2028-04","Pérdida del acceso al mercado P (58% de las ventas), total o parcial, al menos por una temporada",v0/emi41/fichas/S21/S21-R08.md;v0/emi41/fichas/S21/empresa.md;v0/emi41/fichas/S21/transferencia.md,5,4,5,observed,EV-S21-042;EV-S21-082;EV-S21-080,"Evento iniciador según §2.1.3: el incumplimiento del umbral en el monitoreo de 2026-27 (dentro de los 12 meses); la entrada en vigor de 2028-04 es una fecha fija posterior. Registro de monitoreo: en 2025-26 hubo capturas sobre el umbral anunciado en 1 de 3 cuarteles de la finca 3 y en 3 de 35 productores terceros → ocurrió en el período con registro (una temporada) → ancla 5. Además, 14 de 35 terceros declaran que no cumplirán. Sin −1: el plan de adecuación (confusión sexual al 100% de la finca 3) está al 70% y no verificado. Con el ancla 4 (sin leer el período con registro) → 4.",5,4,5,assumed,EV-S21-003;EV-S21-080;sin_evidencia,"Bruto sin separación de la fruta por origen ni redirección: la fruta conforme y la no conforme no se distinguen y el empaque pierde el mercado P (USD 23,3 M de ventas por año) al menos una temporada. Margen de contribución no conocido (estimación de la gerencia 25-35% sin respaldo): F5-1, mínimo con el margen operativo 2025 (RO/facturación = 9,7%), máximo con la facturación perdida entera, valor con la estimación de la gerencia (actividad con mano de obra por tarea, fruta comprada, cartón, flete y comisiones variables). Margen operativo: USD 2,26 M (58%) → 4; gerencia 25-35%: USD 5,8-8,2 M (150-210%) → 5; facturación entera → 5. Con separación, sólo la fruta de 14 terceros (3.200 t) → menor.",1,,,reported,EV-S21-080,No hay personas expuestas.,5,4,5,reported,EV-S21-003,"Embarque y exportación: el mercado P es el 64% de lo exportado; sin separación se detiene más de la mitad de la función desde 2028-04 por al menos una temporada (dos temporadas de monitoreo para volver) → más de 3 meses → 5; con separación, degradación del 10% → 4.",3,3,4,reported,EV-S21-080,El empaque no aprobado queda fuera de la lista del mercado P y debe adecuarse bajo auditoría de sus inspectores → 3; si se lee como suspensión de la habilitación para P → 4.,2,2,3,observed,EV-S21-040;EV-S21-083,"Separación de la fruta por origen con la trazabilidad por productor (actuación real 2025-03, a pequeña escala) para embalar aparte la fruta de fincas registradas → probada, limita la exclusión a la fruta no conforme → 2; no usada para el 10% de la fruta durante una temporada → 3.",3,3,4,observed,EV-S21-083;sin_evidencia,"Redirección al mercado Q (procedimiento desde 2024-25, nunca usado para más de unos pocos contenedores; absorción supuesta por comercial) → formal presente sin prueba → 3; el reingreso al mercado P exige dos temporadas de monitoreo.",5,econ;cont,"econ:cont,rec(secuencial);pers:cont;cont:cont,rec(secuencial);legal:cont",econ;cont,true,econ;cont,false,true,,,high,Texto final de la norma; resultado del monitoreo 2026-27; cumplimiento real de los terceros; fecha de la auditoría del empaque; margen de contribución (F5-1).,50,,75,§2.1;§2.2;§3.1;§3.2;§3.3;§3.4;§4.1;§4.2;§4.4;§4.5;§5.2;§5.3;§5.4;§5.5;§6;§8.1;§9.1;F5-1;D4;D5;D8;D14;D15;D19;D20,"Evento = fincas fuera del umbral en el monitoreo previo (§2.1.3). P 5 por las capturas de 2025-26 y la encuesta. Bruto sin separación: pérdida del mercado P (econ 5, cont 5). Separación por origen probada (contención 2).",,pending,,,AN-8-agro-y-alimentos-0047;AN-8-agro-y-alimentos-0055
